# source, target, total, men, women
0,1,1,1,0
0,171,56,20,25
0,279,3,1,0
0,170,5,4,0
0,139,2,0,0
0,496,1,1,0
0,208,5,2,3
0,432,32,17,10
0,512,7,2,1
0,0,79,36,36
0,399,5,5,0
0,109,7,3,2
0,294,1,0,0
0,467,4,3,0
0,619,25,9,8
0,661,3,2,1
0,462,5,1,2
0,640,1,0,1
0,906,1,0,0
0,998,1,0,1
0,196,6,3,3
0,216,15,7,4
0,295,3,1,1
0,87,2,0,2
0,310,3,2,1
0,77,3,2,1
0,430,6,2,3
0,494,12,4,5
0,426,7,5,1
0,327,7,7,0
0,318,1,1,0
0,347,9,4,4
0,918,3,0,2
0,511,1,0,1
0,115,2,2,0
0,415,3,1,2
0,397,10,3,2
0,1133,3,3,0
0,1091,1,0,1
0,1127,1,0,1
0,1179,1,1,0
0,121,2,2,0
0,470,1,1,0
0,621,3,1,2
0,81,3,1,1
0,23,1,0,1
0,300,6,2,2
0,379,6,5,1
0,55,1,0,0
0,197,5,2,2
0,256,8,4,3
0,16,3,1,1
0,240,2,1,0
0,554,2,1,0
0,312,4,1,2
0,534,6,4,1
0,380,4,1,2
0,321,3,1,1
0,659,10,4,3
0,372,1,1,0
0,663,2,0,0
0,1276,8,6,1
0,238,5,2,2
0,137,4,2,2
0,159,6,2,3
0,107,2,1,1
0,103,4,2,2
0,349,3,2,0
0,32,1,1,0
0,359,1,0,0
0,1062,1,1,0
0,281,1,1,0
0,122,2,2,0
0,30,7,3,4
0,143,1,0,1
0,334,5,4,1
0,156,3,2,1
0,222,11,7,3
0,74,1,1,0
0,101,3,2,1
0,431,2,2,0
0,492,1,0,0
0,198,2,1,0
0,678,1,1,0
0,84,3,1,0
0,277,4,4,0
0,296,1,0,0
0,299,3,1,1
0,461,3,1,2
0,361,3,1,1
0,675,2,2,0
0,410,1,1,0
0,579,3,0,2
0,1423,1,1,0
0,60,3,1,1
0,82,6,4,1
0,413,4,0,1
0,508,1,0,0
0,297,3,2,1
0,104,3,2,1
0,408,4,2,2
0,419,4,3,1
0,439,4,2,2
0,429,1,0,1
0,200,4,1,1
0,52,2,0,2
0,24,3,1,2
0,339,4,0,1
0,336,2,1,1
0,158,2,1,1
0,513,3,2,1
0,39,2,2,0
0,471,4,1,1
0,86,1,1,0
0,395,1,0,1
0,674,2,2,0
0,56,6,3,3
0,523,4,3,0
0,230,4,3,1
0,831,4,3,1
0,360,3,2,1
0,864,1,0,0
0,402,2,0,1
0,175,1,1,0
0,362,2,2,0
0,781,2,2,0
0,31,3,1,0
0,179,1,0,0
0,148,3,2,1
0,301,1,0,1
0,734,3,1,2
0,358,1,1,0
0,147,1,1,0
0,273,1,0,1
0,149,1,1,0
0,176,1,1,0
0,278,2,2,0
0,145,1,1,0
0,218,3,3,0
0,542,1,1,0
0,248,1,1,0
0,18,1,0,1
0,695,1,0,1
0,381,1,0,0
0,2656,1,0,0
0,374,1,1,0
0,7,1,1,0
0,215,1,0,1
0,258,1,1,0
0,837,1,0,1
0,1147,2,1,1
0,199,1,0,1
0,51,1,1,0
0,772,1,0,1
0,167,1,0,1
0,930,1,0,1
0,878,4,1,3
0,770,5,1,4
0,716,2,0,2
0,59,1,1,0
0,777,1,1,0
0,699,1,1,0
0,717,2,2,0
0,9,1,1,0
0,25,1,1,0
0,105,1,0,0
0,246,1,0,0
0,17,2,0,0
1,34,6,5,1
1,105,37,18,8
1,218,14,9,2
1,208,14,9,3
1,84,8,5,2
1,317,4,3,0
1,144,22,12,6
1,82,18,6,3
1,107,10,3,1
1,9,8,5,1
1,15,1,1,0
1,358,25,16,6
1,33,1,1,0
1,36,6,5,0
1,197,8,4,1
1,57,13,5,7
1,430,15,6,5
1,88,14,7,2
1,333,13,6,0
1,216,17,9,1
1,121,6,3,1
1,256,7,3,1
1,280,4,3,0
1,149,3,1,1
1,0,14,11,0
1,148,11,7,4
1,336,9,6,2
1,408,1,1,0
1,246,8,5,0
1,109,6,5,1
1,31,15,11,1
1,295,2,1,1
1,347,15,10,1
1,258,3,1,0
1,115,2,2,0
1,361,4,1,0
1,32,7,7,0
1,667,1,1,0
1,462,7,5,1
1,137,21,9,10
1,80,12,7,4
1,282,6,3,0
1,59,7,5,1
1,512,3,1,1
1,86,3,1,0
1,397,5,4,1
1,13,8,5,2
1,17,4,3,0
1,238,32,18,6
1,277,8,8,0
1,55,13,8,0
1,56,6,3,3
1,179,2,1,0
1,30,21,12,5
1,60,9,7,1
1,399,11,7,1
1,25,20,10,1
1,259,3,1,0
1,101,20,12,3
1,310,5,4,1
1,360,2,0,2
1,379,13,10,0
1,76,9,4,4
1,78,2,1,0
1,471,12,6,1
1,584,4,1,1
1,439,4,3,0
1,654,1,0,1
1,414,1,0,0
1,198,3,2,0
1,496,1,0,1
1,1,74,53,14
1,300,12,8,2
1,23,11,4,6
1,7,20,9,4
1,104,7,5,1
1,176,10,7,0
1,281,10,2,4
1,103,4,2,0
1,395,6,4,1
1,318,9,3,2
1,98,2,1,0
1,77,13,6,4
1,167,3,2,1
1,19,12,8,2
1,146,3,1,0
1,341,9,3,3
1,492,4,2,0
1,327,12,11,1
1,158,3,2,1
1,106,5,3,1
1,147,7,5,2
1,312,16,13,0
1,467,3,1,2
1,296,2,1,0
1,470,3,0,0
1,139,1,1,0
1,207,4,0,0
1,461,3,1,0
1,511,3,1,1
1,621,5,3,0
1,415,6,1,0
1,222,3,2,0
1,340,5,4,0
1,1236,3,2,1
1,85,4,2,0
1,349,2,2,0
1,196,7,5,2
1,215,6,4,1
1,16,13,8,3
1,199,5,2,1
1,169,8,4,2
1,426,9,6,2
1,168,3,1,0
1,494,3,0,1
1,87,22,12,4
1,123,8,4,1
1,419,5,3,1
1,52,3,3,0
1,37,5,2,1
1,40,5,3,0
1,39,1,1,0
1,170,12,6,2
1,635,2,1,0
1,118,1,0,1
1,260,3,2,1
1,499,4,2,0
1,659,4,3,1
1,359,2,1,1
1,675,4,3,0
1,837,1,0,0
1,523,2,2,0
1,381,1,0,1
1,200,6,3,1
1,619,3,3,0
1,314,5,3,1
1,26,1,0,0
1,159,22,13,6
1,8,2,1,1
1,93,8,7,0
1,432,9,4,1
1,143,6,4,2
1,579,3,2,0
1,24,13,9,2
1,21,5,4,1
1,402,3,2,0
1,374,3,2,0
1,299,2,2,0
1,410,1,1,0
1,624,3,3,0
1,1091,1,1,0
1,2,2,2,0
1,304,1,1,0
1,498,3,1,1
1,240,3,3,0
1,18,3,2,0
1,278,1,1,0
1,74,6,3,1
1,175,3,3,0
1,413,3,2,0
1,156,5,4,1
1,171,3,3,0
1,301,2,2,0
1,501,1,1,0
1,429,1,1,0
1,580,2,2,0
1,294,12,9,2
1,334,3,1,0
1,324,2,1,0
1,22,3,2,1
1,674,1,0,0
1,376,1,0,0
1,83,1,0,0
1,145,2,1,1
1,678,4,2,1
1,12,1,1,0
1,11,3,2,0
1,234,3,3,0
1,75,6,3,2
1,122,2,2,0
1,97,1,1,0
1,396,7,2,3
1,339,5,3,1
1,1195,2,1,1
1,513,2,1,1
1,534,2,2,0
1,431,1,1,0
1,652,3,3,0
1,541,1,1,0
1,640,1,0,1
1,713,2,1,0
1,1355,1,0,1
1,20,7,3,0
1,1717,1,0,1
1,28,3,2,0
1,772,1,1,0
1,61,2,1,0
1,53,2,1,0
1,81,6,1,4
1,58,5,3,0
1,608,2,1,0
1,445,4,3,1
1,157,4,2,0
1,542,2,2,0
1,508,4,1,0
1,560,1,0,0
1,663,1,0,1
1,1203,1,0,0
1,661,2,0,2
1,706,1,0,0
1,230,1,0,1
1,1147,1,0,0
1,815,1,1,0
1,311,1,0,0
1,248,1,1,0
1,2929,1,0,1
1,51,1,0,1
1,717,1,1,0
2,1,66,42,19
2,2,324,206,91
2,15,72,41,25
2,81,57,30,25
2,51,107,68,31
2,21,111,74,31
2,13,51,33,9
2,87,78,57,14
2,101,65,41,15
2,23,153,93,49
2,28,76,41,29
2,34,40,28,10
2,17,89,53,30
2,26,185,114,58
2,24,134,91,32
2,7,131,81,40
2,123,112,64,42
2,14,40,32,7
2,20,100,66,31
2,104,32,21,7
2,105,67,43,13
2,218,35,22,11
2,137,82,49,22
2,208,17,9,5
2,304,13,9,2
2,84,63,43,14
2,310,19,10,7
2,317,16,10,6
2,18,64,38,19
2,300,21,9,6
2,278,19,9,8
2,339,18,14,3
2,74,40,25,14
2,144,48,34,9
2,82,17,15,1
2,107,73,33,28
2,277,12,7,5
2,9,175,98,66
2,80,26,22,3
2,175,45,22,20
2,61,68,46,18
2,281,21,11,9
2,169,16,11,3
2,8,89,56,29
2,103,31,20,9
2,57,212,124,70
2,33,57,35,16
2,98,3,2,0
2,36,131,91,28
2,78,78,47,26
2,77,90,64,23
2,413,7,6,1
2,55,154,94,40
2,197,16,12,2
2,430,13,8,2
2,88,80,46,27
2,93,34,18,10
2,53,91,63,23
2,156,76,44,25
2,60,45,32,11
2,282,40,18,14
2,272,7,5,2
2,76,41,26,13
2,12,145,90,45
2,59,143,97,31
2,11,99,66,25
2,56,67,36,26
2,121,67,41,20
2,256,28,14,11
2,19,104,75,22
2,58,47,30,10
2,146,22,13,8
2,149,25,17,7
2,215,7,4,2
2,52,8,4,2
2,234,13,9,4
2,508,6,4,1
2,16,82,50,26
2,75,99,61,31
2,37,56,42,8
2,492,9,4,5
2,0,11,6,5
2,399,19,13,4
2,40,48,26,16
2,426,14,10,3
2,240,19,11,5
2,148,21,8,11
2,145,32,28,4
2,122,10,7,2
2,554,4,2,1
2,97,32,21,10
2,106,19,10,6
2,513,6,3,1
2,179,23,15,5
2,147,32,23,6
2,200,12,8,4
2,31,40,24,13
2,312,14,10,3
2,30,41,22,12
2,85,70,34,19
2,402,10,7,1
2,143,40,20,16
2,184,92,45,35
2,349,3,2,0
2,374,14,6,7
2,467,9,4,5
2,598,15,10,4
2,334,7,4,1
2,347,9,5,2
2,25,107,70,32
2,296,29,19,8
2,170,34,22,8
2,439,10,6,2
2,176,59,40,12
2,259,62,27,16
2,258,18,12,5
2,461,10,5,4
2,22,107,62,35
2,280,42,28,12
2,99,5,1,4
2,621,2,1,1
2,311,21,11,8
2,118,29,16,11
2,273,12,7,2
2,157,30,16,10
2,390,13,6,2
2,222,8,4,3
2,86,22,9,9
2,414,3,3,0
2,32,34,30,3
2,542,10,6,4
2,624,4,4,0
2,319,2,2,0
2,376,6,4,0
2,248,11,6,3
2,353,6,5,1
2,113,5,3,1
2,238,29,20,2
2,360,26,18,6
2,358,12,9,3
2,379,16,10,3
2,667,2,1,0
2,158,23,16,6
2,167,31,17,10
2,216,9,5,4
2,396,5,3,1
2,523,14,10,2
2,199,65,37,23
2,501,7,5,2
2,429,11,8,2
2,294,13,8,4
2,39,9,6,3
2,230,14,6,8
2,299,2,1,1
2,654,3,2,1
2,755,1,1,0
2,734,12,7,4
2,260,17,10,6
2,415,25,17,6
2,692,6,5,0
2,713,1,1,0
2,198,14,8,6
2,659,9,2,3
2,625,8,4,3
2,372,1,0,1
2,168,49,24,21
2,340,18,13,4
2,700,4,1,3
2,314,14,4,6
2,363,1,1,0
2,837,1,0,0
2,998,1,0,1
2,652,10,6,2
2,333,18,9,4
2,638,6,6,0
2,534,8,6,1
2,207,40,19,15
2,579,4,2,0
2,196,14,5,7
2,320,10,5,3
2,419,9,5,2
2,1113,1,1,0
2,560,31,19,8
2,359,14,9,2
2,362,10,8,2
2,1091,3,2,0
2,1102,6,3,3
2,181,3,2,0
2,1090,3,0,2
2,1119,2,0,1
2,1088,3,2,1
2,159,55,30,19
2,395,4,2,2
2,246,21,12,9
2,301,35,19,12
2,318,17,13,2
2,410,3,3,0
2,511,11,7,1
2,695,80,39,32
2,361,3,1,2
2,779,6,4,1
2,512,5,1,1
2,295,15,4,8
2,445,29,16,13
2,499,2,2,0
2,321,15,10,4
2,483,18,9,7
2,518,1,0,0
2,675,3,2,1
2,772,10,7,0
2,432,2,2,0
2,327,5,4,1
2,293,9,8,0
2,707,2,2,0
2,792,4,3,0
2,699,5,4,1
2,408,10,7,3
2,297,6,4,2
2,635,14,7,7
2,653,2,2,0
2,678,24,18,3
2,471,6,5,1
2,336,8,4,4
2,498,4,1,1
2,341,3,2,0
2,115,14,6,8
2,673,6,4,2
2,1811,2,2,0
2,83,5,3,2
2,171,8,6,1
2,386,22,9,10
2,1021,7,3,4
2,1195,1,1,0
2,1362,1,1,0
2,1135,1,0,1
2,1236,1,1,0
2,431,2,2,0
2,1276,1,1,0
2,494,2,1,0
2,1272,2,1,0
2,688,2,2,0
2,109,3,3,0
2,925,1,0,1
2,716,1,1,0
2,1267,1,0,0
2,580,1,1,0
2,608,1,0,1
2,619,3,2,1
2,666,3,2,0
2,706,7,4,0
2,1109,1,1,0
2,2537,1,1,0
2,1133,1,0,0
2,380,1,1,0
2,815,2,2,0
2,1423,1,1,0
2,279,5,3,1
2,139,1,1,0
2,890,1,0,1
2,584,2,0,1
2,684,2,2,0
2,816,2,1,1
2,836,1,0,0
2,2732,1,0,1
2,231,6,2,3
2,878,1,1,0
2,2526,4,2,2
2,1251,1,0,1
2,2861,4,2,2
2,831,1,0,1
2,1357,2,1,1
2,933,1,1,0
2,646,2,1,0
2,3132,1,1,0
2,771,2,1,1
2,324,2,2,0
3,1,1,1,0
3,26,1,1,0
3,9,1,1,0
3,171,1,1,0
3,20,1,1,0
3,76,1,0,0
3,85,1,1,0
3,349,1,1,0
3,11,1,1,0
3,143,1,1,0
3,105,2,1,1
3,156,3,3,0
3,98,1,1,0
3,18,1,1,0
3,147,1,1,0
3,19,1,1,0
3,2,1,1,0
3,51,1,1,0
3,53,1,1,0
3,619,1,1,0
4,1,9,7,2
4,2,5,4,1
4,51,4,4,0
4,23,9,7,2
4,28,3,2,0
4,24,4,4,0
4,105,5,5,0
4,300,2,1,1
4,144,2,1,0
4,77,4,3,1
4,88,3,1,1
4,93,1,1,0
4,12,4,4,0
4,37,2,1,1
4,295,3,3,0
4,87,3,2,1
4,36,6,3,0
4,167,2,2,0
4,121,6,6,0
4,713,1,1,0
4,667,1,1,0
4,972,1,0,1
4,18,1,1,0
4,8,6,4,1
4,57,6,6,0
4,75,3,3,0
4,13,4,4,0
4,101,4,3,1
4,17,3,1,0
4,7,5,4,1
4,304,2,2,0
4,395,1,0,1
4,11,8,6,2
4,16,4,3,1
4,106,3,2,0
4,15,6,4,2
4,511,2,2,0
4,196,1,0,0
4,137,2,2,0
4,779,3,3,0
4,53,3,2,1
4,19,3,2,0
4,199,1,0,1
4,408,1,1,0
4,246,1,1,0
4,143,4,3,1
4,184,2,1,0
4,439,2,1,1
4,471,1,0,0
4,25,4,4,0
4,652,3,2,1
4,376,1,0,0
4,84,4,2,1
4,301,1,1,0
4,179,1,1,0
4,31,1,1,0
4,176,6,2,2
4,692,1,1,0
4,792,1,1,0
4,716,2,1,1
4,81,1,1,0
4,82,1,0,0
4,169,2,1,1
4,430,1,1,0
4,399,2,2,0
4,158,1,1,0
4,200,1,1,0
4,349,2,1,0
4,230,1,0,1
4,296,1,0,1
4,22,3,3,0
4,340,1,0,0
4,123,7,5,1
4,498,1,1,0
4,197,1,0,0
4,58,2,1,1
4,60,1,1,0
4,147,2,0,1
4,207,3,2,1
4,341,2,2,0
4,104,2,1,1
4,21,7,3,3
4,149,2,1,0
4,208,2,1,1
4,80,5,4,1
4,281,2,1,1
4,358,2,2,0
4,55,2,0,0
4,145,1,1,0
4,470,1,1,0
4,260,1,1,0
4,359,1,0,0
4,59,3,2,1
4,159,1,1,0
4,318,1,0,1
4,501,1,1,0
4,98,1,1,0
4,402,1,1,0
4,26,3,2,0
4,278,1,1,0
4,9,2,2,0
4,76,2,0,0
4,56,1,1,0
4,259,2,1,1
4,20,2,0,1
4,156,2,2,0
4,560,1,1,0
4,175,1,0,1
4,678,1,0,1
4,0,1,1,0
4,513,1,1,0
4,30,1,0,0
4,294,1,1,0
4,115,1,1,0
4,673,1,0,1
4,542,1,1,0
4,646,1,1,0
4,609,1,1,0
4,293,2,2,0
4,277,1,0,1
4,706,1,1,0
4,317,1,1,0
4,74,1,1,0
4,311,1,0,1
4,148,1,1,0
4,97,1,1,0
4,85,1,1,0
4,2861,1,1,0
4,379,1,1,0
4,415,2,2,0
4,707,1,1,0
5,1,2,2,0
5,23,1,1,0
5,104,1,1,0
5,9,2,2,0
5,218,1,1,0
5,77,1,1,0
5,149,1,1,0
5,301,1,1,0
5,31,2,2,0
5,598,1,1,0
5,25,1,1,0
5,296,1,1,0
5,57,1,1,0
5,554,1,0,1
5,508,1,1,0
5,123,1,1,0
5,16,1,1,0
5,1091,1,1,0
5,137,2,1,1
5,55,1,0,0
5,171,2,1,1
5,706,1,1,0
5,207,1,0,1
5,147,1,1,0
5,925,1,0,1
5,97,1,0,0
5,300,1,1,0
5,17,2,2,0
5,18,1,0,1
5,53,1,1,0
5,145,1,1,0
5,318,1,1,0
5,115,1,0,0
5,199,1,1,0
6,1,1,1,0
6,51,1,1,0
6,31,1,1,0
6,700,1,1,0
6,143,1,0,1
6,144,1,0,1
6,15,1,1,0
6,258,1,0,0
6,609,1,1,0
6,87,1,0,1
6,779,3,2,0
6,8,1,1,0
6,333,1,1,0
6,26,1,1,0
6,55,1,0,1
6,18,1,1,0
6,21,1,1,0
6,88,1,1,0
6,53,1,1,0
6,781,1,0,0
6,692,1,0,0
6,36,1,0,1
7,1,50,40,6
7,51,11,7,0
7,13,13,8,2
7,81,43,26,13
7,87,87,49,23
7,143,55,36,14
7,28,42,24,11
7,34,31,19,8
7,26,34,28,3
7,196,17,8,4
7,24,63,33,21
7,7,286,169,79
7,123,23,17,2
7,104,69,46,13
7,238,59,38,8
7,137,73,44,14
7,208,55,38,13
7,310,25,12,10
7,300,47,30,8
7,339,18,12,2
7,144,72,44,9
7,277,12,6,6
7,360,16,9,5
7,61,11,8,0
7,103,41,24,10
7,395,15,11,2
7,77,96,53,31
7,413,27,14,6
7,55,52,33,14
7,419,19,12,4
7,197,33,20,9
7,21,41,28,9
7,430,27,15,6
7,83,8,2,2
7,216,34,17,6
7,59,21,10,10
7,57,49,28,15
7,256,37,21,10
7,146,26,12,6
7,494,30,12,13
7,52,13,7,1
7,16,38,25,7
7,75,9,6,2
7,37,16,13,1
7,512,12,6,1
7,0,32,16,11
7,40,24,10,6
7,148,51,33,17
7,336,28,20,7
7,145,49,30,14
7,327,25,14,7
7,158,68,45,16
7,312,19,10,1
7,179,16,11,1
7,109,14,7,2
7,297,11,6,2
7,580,6,5,1
7,85,15,8,5
7,534,15,10,3
7,295,6,4,1
7,431,16,12,4
7,467,26,14,7
7,598,6,4,2
7,347,25,13,10
7,471,28,18,7
7,296,15,8,3
7,170,40,19,13
7,439,11,4,4
7,176,25,14,6
7,259,14,7,1
7,139,19,10,3
7,311,14,12,2
7,637,3,2,1
7,273,15,9,4
7,260,7,2,1
7,380,2,0,2
7,499,7,3,2
7,32,28,20,3
7,666,1,1,0
7,667,11,5,3
7,359,16,9,2
7,362,39,19,14
7,674,8,4,3
7,542,13,7,4
7,319,17,5,11
7,376,2,0,0
7,101,103,64,23
7,105,84,62,11
7,159,58,42,10
7,278,14,7,4
7,82,36,25,5
7,169,14,11,2
7,396,15,12,0
7,60,18,11,4
7,11,14,10,1
7,56,20,14,5
7,215,26,9,7
7,399,39,17,10
7,199,29,21,4
7,638,9,3,6
7,554,18,10,4
7,147,27,19,7
7,200,39,24,10
7,294,17,11,4
7,890,2,1,1
7,39,24,12,8
7,334,17,7,6
7,912,4,2,2
7,470,7,5,1
7,654,4,2,1
7,621,5,2,1
7,734,4,4,0
7,115,16,8,7
7,86,10,5,4
7,414,9,4,5
7,713,5,2,1
7,198,15,10,3
7,659,18,8,5
7,700,3,2,1
7,496,5,3,1
7,579,6,2,2
7,363,1,0,0
7,684,2,1,0
7,23,54,35,16
7,84,77,53,14
7,18,13,7,3
7,207,19,8,6
7,88,34,13,9
7,58,28,18,5
7,149,28,17,6
7,25,70,44,16
7,80,12,6,4
7,282,15,8,3
7,301,17,10,4
7,30,45,23,15
7,12,11,6,4
7,76,19,12,3
7,218,15,10,3
7,317,9,5,2
7,74,22,12,8
7,107,37,19,8
7,9,20,12,4
7,175,22,12,6
7,281,14,8,2
7,358,32,20,6
7,33,5,5,0
7,379,19,7,9
7,167,18,6,9
7,93,32,21,5
7,272,17,8,8
7,121,36,25,7
7,19,45,24,12
7,78,17,9,7
7,492,12,7,2
7,523,9,5,1
7,426,33,20,8
7,240,18,9,4
7,171,15,13,2
7,246,30,14,6
7,560,7,4,2
7,106,17,10,5
7,513,13,8,2
7,31,21,12,8
7,429,18,14,3
7,184,5,2,3
7,349,6,3,0
7,1135,1,0,1
7,508,23,7,11
7,461,14,10,3
7,22,11,7,1
7,390,5,2,2
7,157,3,0,3
7,415,35,16,9
7,361,16,10,4
7,483,9,3,2
7,314,12,8,1
7,340,8,2,2
7,1102,2,0,1
7,948,1,1,0
7,1031,1,0,1
7,972,1,0,1
7,1090,2,0,2
7,1119,1,1,0
7,2,20,15,4
7,17,13,7,5
7,304,9,6,3
7,410,6,3,0
7,432,15,11,0
7,98,6,4,0
7,36,35,24,8
7,341,6,3,1
7,501,5,2,0
7,402,31,22,6
7,511,15,13,2
7,584,12,6,2
7,280,9,6,3
7,222,23,19,2
7,1276,3,2,1
7,408,23,18,3
7,279,13,7,5
7,321,34,18,12
7,8,15,11,4
7,122,15,11,1
7,374,15,5,4
7,619,8,4,3
7,333,19,12,4
7,20,9,6,2
7,324,4,3,1
7,97,13,10,1
7,15,11,8,1
7,258,9,3,6
7,118,4,3,1
7,397,7,3,0
7,883,2,1,0
7,353,2,0,1
7,156,20,12,5
7,695,6,3,1
7,777,1,0,0
7,699,2,1,1
7,716,1,0,1
7,1267,7,5,1
7,234,13,6,4
7,230,17,6,8
7,652,6,5,0
7,653,2,1,1
7,168,8,5,3
7,678,2,2,0
7,462,5,3,1
7,1236,3,1,2
7,299,9,2,6
7,624,9,8,0
7,318,11,7,4
7,541,2,1,1
7,445,4,3,1
7,1423,1,1,0
7,53,10,5,3
7,1362,1,1,0
7,673,12,6,4
7,1811,2,2,0
7,772,3,1,1
7,675,2,0,1
7,1091,1,1,0
7,1865,2,1,0
7,320,5,3,1
7,1147,2,2,0
7,608,4,4,0
7,386,6,2,3
7,779,6,5,0
7,706,5,3,0
7,1272,1,0,0
7,930,2,1,0
7,293,6,2,2
7,854,3,3,0
7,850,1,0,0
7,1109,2,1,1
7,1203,1,0,1
7,918,1,0,1
7,14,1,0,1
7,707,4,3,0
7,498,4,3,0
7,661,1,1,0
7,663,3,2,0
7,836,1,1,0
7,816,3,2,0
7,692,5,2,0
7,815,2,1,1
7,609,3,3,0
7,1088,1,1,0
7,518,2,1,0
7,906,1,1,0
7,99,3,1,2
7,1298,1,0,1
7,770,1,1,0
7,248,1,0,1
7,231,2,2,0
7,688,2,1,0
7,925,2,1,1
7,864,1,1,0
7,2855,1,1,0
7,901,2,2,0
7,2861,1,0,1
7,1046,1,0,1
7,2956,1,0,1
7,646,1,0,0
7,2308,1,1,0
7,717,1,0,0
7,2534,1,0,1
7,878,1,1,0
7,1341,1,1,0
7,1894,1,0,1
7,685,1,0,1
7,635,1,0,0
7,2089,1,1,0
8,1,23,16,4
8,14,4,3,1
8,87,48,29,17
8,61,48,25,19
8,11,26,19,4
8,82,14,10,3
8,107,24,12,10
8,175,9,4,4
8,157,16,12,4
8,281,64,32,24
8,8,199,105,76
8,55,50,22,12
8,85,14,7,6
8,93,17,11,5
8,60,40,23,13
8,12,30,21,6
8,59,20,13,4
8,256,8,5,2
8,146,19,6,8
8,58,17,13,3
8,149,48,17,25
8,52,9,3,5
8,523,11,5,4
8,158,16,10,4
8,106,18,6,6
8,179,91,40,38
8,200,6,5,1
8,318,22,16,6
8,109,4,1,3
8,30,24,10,6
8,143,35,14,17
8,431,3,0,2
8,334,6,2,3
8,25,46,27,14
8,176,12,3,6
8,508,11,9,2
8,258,15,7,4
8,99,8,3,4
8,311,17,13,4
8,499,1,0,0
8,198,13,6,5
8,248,28,9,10
8,13,30,17,7
8,81,34,17,14
8,34,30,12,11
8,196,13,6,4
8,7,38,19,14
8,137,36,23,9
8,363,1,1,0
8,304,27,19,5
8,144,20,13,5
8,358,17,7,7
8,169,4,3,1
8,103,18,10,7
8,36,38,23,10
8,419,2,2,0
8,83,16,8,7
8,156,24,13,8
8,432,5,1,4
8,215,19,8,5
8,498,2,1,1
8,396,5,2,1
8,492,8,4,4
8,199,38,22,12
8,638,4,3,1
8,554,2,2,0
8,246,19,10,4
8,147,23,17,5
8,713,1,1,0
8,295,6,1,3
8,471,8,4,2
8,584,4,2,2
8,299,5,2,0
8,207,32,19,8
8,654,2,1,1
8,755,1,1,0
8,734,3,1,2
8,118,17,7,9
8,390,13,4,5
8,692,22,14,5
8,372,1,0,1
8,314,15,6,2
8,359,6,3,3
8,883,4,2,2
8,353,5,5,0
8,2,30,17,10
8,101,16,9,4
8,17,58,25,27
8,159,27,14,11
8,74,16,8,7
8,80,14,9,4
8,77,49,27,19
8,88,78,37,33
8,56,67,38,21
8,37,26,13,9
8,197,16,7,6
8,84,33,17,11
8,333,6,3,0
8,53,41,28,11
8,216,6,4,2
8,76,24,17,6
8,402,4,3,0
8,534,10,7,3
8,32,12,10,1
8,340,12,8,2
8,51,53,32,14
8,23,56,35,17
8,28,29,18,9
8,26,33,21,7
8,123,21,12,8
8,105,24,14,4
8,310,29,15,11
8,18,47,28,15
8,21,46,30,13
8,19,42,28,11
8,1113,3,2,1
8,16,28,16,9
8,75,22,16,6
8,0,6,3,1
8,336,12,8,4
8,145,10,6,4
8,560,3,2,0
8,97,19,6,8
8,279,10,5,2
8,15,17,12,5
8,445,7,4,2
8,20,28,16,10
8,625,1,1,0
8,168,20,10,5
8,1091,2,1,0
8,1021,5,1,3
8,948,1,1,0
8,1031,1,0,1
8,181,11,6,2
8,1090,1,1,0
8,113,7,2,5
8,238,23,13,9
8,98,10,5,1
8,374,3,1,2
8,652,1,1,0
8,24,31,14,14
8,57,33,15,17
8,22,11,6,4
8,170,13,8,5
8,115,17,6,10
8,1272,2,1,1
8,259,13,6,2
8,282,7,2,2
8,9,30,17,9
8,379,15,6,7
8,86,20,8,8
8,661,1,0,1
8,218,41,20,13
8,779,3,2,1
8,33,18,11,4
8,399,13,6,5
8,240,10,3,5
8,513,7,2,4
8,31,35,22,11
8,296,6,3,2
8,439,9,7,1
8,461,2,2,0
8,280,19,11,5
8,260,2,2,0
8,362,2,0,1
8,815,2,1,0
8,320,2,1,1
8,301,10,6,2
8,695,13,6,4
8,297,2,1,1
8,716,3,1,1
8,293,4,2,1
8,792,16,10,4
8,659,4,4,0
8,777,1,0,1
8,699,8,4,1
8,985,1,0,0
8,104,10,5,3
8,395,3,3,0
8,167,13,4,5
8,121,12,5,5
8,184,10,3,4
8,415,9,6,3
8,542,4,1,2
8,300,15,6,5
8,40,13,6,5
8,361,4,1,2
8,208,13,5,6
8,360,8,3,4
8,413,5,5,0
8,349,1,1,0
8,347,4,3,1
8,678,5,4,0
8,234,8,2,5
8,294,15,6,7
8,912,5,2,3
8,483,14,6,8
8,429,5,2,2
8,1195,2,2,0
8,430,9,3,2
8,501,3,1,1
8,321,4,2,1
8,462,1,1,0
8,1811,1,0,0
8,653,1,1,0
8,772,5,2,1
8,324,2,1,1
8,339,4,3,1
8,148,19,7,12
8,317,1,0,1
8,278,5,3,1
8,272,5,3,2
8,341,3,3,0
8,171,8,3,5
8,685,2,2,0
8,675,2,2,0
8,39,4,1,3
8,312,4,3,1
8,397,1,0,0
8,230,5,1,3
8,78,10,7,3
8,122,7,3,4
8,386,6,4,1
8,467,8,3,3
8,933,2,1,1
8,707,4,3,1
8,925,2,2,0
8,609,13,7,5
8,850,2,2,0
8,770,5,2,3
8,277,6,3,3
8,327,4,0,3
8,1109,1,1,0
8,494,4,2,2
8,426,7,2,3
8,408,6,3,3
8,580,1,1,0
8,222,3,2,1
8,666,5,2,2
8,864,2,0,2
8,579,8,2,6
8,706,1,0,1
8,781,3,1,2
8,836,2,1,1
8,1267,1,1,0
8,381,2,2,0
8,496,2,2,0
8,1276,1,0,1
8,376,1,1,0
8,2203,1,1,0
8,637,2,0,2
8,684,1,0,1
8,380,1,0,0
8,608,1,1,0
8,816,4,3,0
8,646,12,6,5
8,512,1,0,0
8,619,1,1,0
8,598,1,0,1
8,231,9,0,8
8,1279,1,0,1
8,837,1,1,0
8,1142,1,0,0
8,688,2,1,1
8,414,1,1,0
8,2861,3,3,0
8,890,1,0,1
8,139,1,0,0
8,503,9,1,6
8,2328,1,0,1
8,1171,1,1,0
8,2854,1,1,0
8,2956,1,1,0
8,831,1,1,0
8,1082,1,0,1
8,878,1,1,0
8,700,1,0,1
8,2089,1,0,1
8,1341,1,1,0
8,635,2,0,2
9,1,7,5,0
9,28,25,17,7
9,34,3,2,1
9,26,15,8,6
9,123,13,8,5
9,137,20,9,8
9,208,20,13,7
9,304,3,1,1
9,278,16,6,6
9,107,13,6,5
9,77,33,20,8
9,55,21,9,9
9,156,5,4,1
9,216,9,5,3
9,56,14,6,8
9,121,12,7,4
9,234,7,2,4
9,40,11,7,3
9,513,6,3,1
9,171,7,0,4
9,122,11,3,3
9,246,4,0,3
9,179,8,4,2
9,109,5,4,0
9,402,14,8,2
9,334,3,1,0
9,170,19,12,3
9,280,10,3,5
9,273,10,5,3
9,397,2,1,0
9,496,3,2,0
9,579,1,0,0
9,542,7,6,0
9,462,3,2,1
9,2,13,11,1
9,81,5,3,2
9,87,26,15,8
9,18,5,2,2
9,17,5,4,0
9,196,4,1,3
9,105,32,19,9
9,380,2,2,0
9,238,22,10,9
9,320,8,4,0
9,159,42,27,10
9,339,5,3,1
9,144,31,20,9
9,82,20,13,3
9,80,5,1,3
9,259,19,8,2
9,8,5,2,2
9,103,8,4,2
9,36,13,6,4
9,197,6,5,0
9,78,11,6,5
9,93,3,3,0
9,60,9,7,2
9,282,11,6,5
9,272,1,1,0
9,12,6,4,1
9,59,13,8,3
9,19,10,3,2
9,146,1,1,0
9,149,9,7,1
9,396,2,1,0
9,399,3,2,1
9,199,8,5,2
9,426,8,3,3
9,240,5,2,3
9,336,4,2,2
9,554,1,0,0
9,97,4,2,1
9,106,8,4,3
9,318,8,3,3
9,85,19,10,6
9,39,5,3,1
9,295,5,2,3
9,431,6,3,1
9,347,7,5,2
9,230,4,1,3
9,296,30,20,9
9,508,4,1,1
9,461,6,3,2
9,311,1,1,0
9,637,1,1,0
9,115,7,3,4
9,390,3,2,1
9,157,4,2,1
9,260,8,6,2
9,415,31,18,9
9,940,1,1,0
9,222,4,4,0
9,692,1,0,1
9,86,1,1,0
9,713,1,1,0
9,198,4,2,1
9,32,9,8,0
9,372,2,2,0
9,667,1,1,0
9,483,4,1,3
9,359,10,2,5
9,673,3,1,2
9,862,1,1,0
9,248,1,1,0
9,104,22,15,3
9,310,11,4,4
9,430,9,3,2
9,207,6,3,2
9,277,3,2,1
9,51,2,1,1
9,23,9,4,3
9,7,25,14,8
9,218,9,4,2
9,84,35,22,8
9,300,16,12,3
9,360,4,2,2
9,9,209,111,78
9,88,10,7,2
9,57,17,11,4
9,432,11,7,1
9,75,15,11,2
9,492,4,1,3
9,560,13,8,5
9,158,11,6,5
9,429,1,1,0
9,30,20,11,7
9,294,7,4,3
9,534,2,1,1
9,184,11,4,7
9,471,6,4,2
9,319,1,0,1
9,21,38,26,10
9,101,28,16,10
9,24,11,5,6
9,317,18,9,7
9,175,26,13,10
9,358,4,2,1
9,379,7,4,2
9,98,1,1,0
9,256,7,5,1
9,16,3,1,0
9,145,4,3,1
9,147,3,2,1
9,501,1,1,0
9,312,3,2,1
9,143,2,0,2
9,374,18,11,5
9,176,42,28,8
9,362,5,4,1
9,340,4,3,0
9,314,7,1,3
9,695,5,1,3
9,523,7,3,3
9,200,13,10,0
9,333,5,3,2
9,413,4,4,0
9,494,4,1,3
9,37,3,0,1
9,890,1,1,0
9,349,2,0,1
9,499,1,1,0
9,674,2,1,1
9,675,3,2,1
9,1149,1,1,0
9,419,5,3,0
9,148,9,6,3
9,706,5,4,1
9,816,2,2,0
9,168,4,0,1
9,699,3,1,2
9,850,1,1,0
9,716,4,4,0
9,408,6,3,3
9,22,11,7,4
9,11,1,1,0
9,395,2,2,0
9,25,23,15,6
9,624,1,1,0
9,1091,2,1,1
9,678,13,10,2
9,167,3,3,0
9,1362,1,0,0
9,74,11,9,2
9,511,1,1,0
9,541,3,1,2
9,772,5,4,0
9,31,7,3,4
9,20,4,3,1
9,619,1,0,0
9,301,9,6,1
9,169,1,1,0
9,638,1,1,0
9,445,2,2,0
9,361,4,4,0
9,625,1,0,0
9,666,2,0,1
9,58,4,2,2
9,933,4,3,1
9,831,1,1,0
9,652,2,2,0
9,76,2,1,1
9,512,4,1,1
9,281,1,1,0
9,53,2,2,0
9,52,1,1,0
9,734,2,2,0
9,707,1,1,0
9,777,1,1,0
9,770,2,2,0
9,467,2,1,1
9,386,1,0,1
9,659,2,0,1
9,864,1,0,1
9,1267,1,0,1
9,779,3,2,1
9,854,1,1,0
9,61,4,3,1
9,33,2,2,0
9,258,5,3,2
9,297,3,1,2
9,1276,1,1,0
9,13,4,4,0
9,1143,1,0,1
9,414,1,1,0
9,1046,1,1,0
9,1127,1,1,0
9,2656,1,0,1
9,1717,1,1,0
9,878,3,3,0
9,279,1,0,1
9,584,1,0,0
9,901,1,1,0
9,2861,1,0,0
9,515,1,1,0
9,1119,1,1,0
9,688,2,2,0
9,771,2,2,0
9,439,2,2,0
9,327,3,2,1
9,0,1,1,0
9,99,1,1,0
9,15,1,0,1
9,118,1,0,1
9,609,1,1,0
10,1,4,4,0
10,51,25,20,3
10,13,11,6,3
10,87,16,14,2
10,101,5,2,2
10,23,19,17,1
10,24,11,8,3
10,7,7,7,0
10,105,7,5,2
10,238,4,2,1
10,84,5,4,1
10,159,9,6,1
10,144,2,2,0
10,82,5,4,0
10,175,3,3,0
10,169,4,2,1
10,103,6,5,1
10,98,2,1,1
10,21,20,12,6
10,430,5,3,0
10,53,38,22,8
10,60,14,9,4
10,59,6,4,2
10,11,12,9,3
10,58,7,5,1
10,492,1,1,0
10,199,10,8,2
10,158,6,6,0
10,106,5,3,2
10,259,5,4,1
10,85,2,2,0
10,143,6,4,1
10,534,4,4,0
10,347,3,1,2
10,15,33,26,5
10,115,4,3,1
10,362,1,1,0
10,81,11,5,2
10,17,24,18,4
10,196,3,0,3
10,218,12,5,6
10,8,15,7,5
10,36,17,12,2
10,272,1,1,0
10,78,3,3,0
10,638,2,2,0
10,31,6,5,1
10,334,2,1,1
10,912,1,0,0
10,296,3,2,1
10,20,15,7,6
10,635,4,2,2
10,755,2,2,0
10,118,6,5,1
10,157,2,2,0
10,363,1,1,0
10,9,13,8,3
10,37,6,4,2
10,359,3,2,1
10,402,1,0,0
10,2,15,12,3
10,26,18,12,4
10,300,2,2,0
10,107,6,4,1
10,61,22,13,9
10,88,11,7,3
10,156,9,7,2
10,57,17,10,7
10,97,1,1,0
10,445,4,2,2
10,22,8,6,1
10,1021,4,3,1
10,181,1,0,1
10,327,3,2,0
10,16,10,7,3
10,137,12,7,3
10,28,7,6,1
10,14,7,7,0
10,310,5,4,1
10,12,14,10,3
10,234,4,4,0
10,75,8,6,1
10,240,3,1,1
10,246,2,2,0
10,109,3,1,2
10,580,1,1,0
10,184,5,4,1
10,688,2,2,0
10,77,5,4,0
10,148,3,2,1
10,145,2,2,0
10,301,3,2,1
10,297,2,2,0
10,706,2,2,0
10,792,1,0,0
10,168,16,11,3
10,123,4,4,0
10,18,11,8,2
10,80,3,3,0
10,33,10,6,3
10,55,8,8,0
10,167,2,1,0
10,56,8,4,3
10,121,2,2,0
10,19,8,6,2
10,146,3,2,1
10,149,5,3,2
10,399,5,2,1
10,336,3,2,1
10,312,2,2,0
10,295,3,3,0
10,431,1,1,0
10,170,6,4,1
10,410,1,1,0
10,280,7,5,2
10,663,1,1,0
10,318,7,6,1
10,282,2,2,0
10,624,1,1,0
10,93,14,7,6
10,76,1,1,0
10,1102,1,1,0
10,470,1,1,0
10,621,1,0,0
10,1091,1,1,0
10,34,3,3,0
10,147,2,2,0
10,104,2,2,0
10,74,8,6,1
10,208,2,2,0
10,260,2,2,0
10,1865,1,0,1
10,171,2,2,0
10,179,3,0,1
10,349,2,1,1
10,374,2,1,1
10,207,6,1,4
10,666,3,2,1
10,779,4,2,0
10,277,3,1,1
10,692,3,2,1
10,770,3,2,0
10,25,8,5,2
10,652,2,2,0
10,695,3,2,1
10,707,2,2,0
10,376,1,0,1
10,379,3,1,2
10,197,3,2,1
10,333,1,1,0
10,0,3,0,2
10,200,2,1,1
10,30,2,2,0
10,279,2,1,0
10,619,1,0,0
10,864,1,1,0
10,518,1,0,1
10,248,3,2,0
10,1143,1,1,0
10,381,2,2,0
10,850,1,1,0
10,836,2,2,0
10,1267,1,0,0
10,646,5,3,2
10,816,1,0,0
10,293,1,0,0
10,609,2,2,0
10,432,1,1,0
10,215,2,1,0
10,512,2,1,1
10,501,6,6,0
10,508,3,2,0
10,311,1,1,0
10,222,2,2,0
10,86,2,2,0
10,659,1,1,0
10,32,2,2,0
10,314,1,1,0
10,1133,1,1,0
10,2203,1,1,0
10,395,1,1,0
10,598,1,1,0
10,678,1,1,0
10,317,1,0,0
10,256,3,3,0
10,523,1,1,0
10,230,1,1,0
10,415,1,1,0
10,408,3,1,2
10,584,2,1,0
10,439,1,1,0
10,258,3,2,1
10,390,1,1,0
10,414,1,1,0
10,483,2,1,0
10,52,1,1,0
10,1171,4,4,0
10,878,1,1,0
10,216,1,1,0
10,294,1,1,0
10,2526,2,1,1
10,1119,3,2,1
10,2861,1,1,0
10,2554,1,1,0
10,340,2,2,0
10,429,1,1,0
10,467,1,1,0
10,2935,2,2,0
10,2296,1,1,0
10,1895,1,1,0
10,1062,2,2,0
10,2308,3,3,0
10,2945,1,1,0
10,2854,1,0,0
10,419,1,0,0
10,854,1,1,0
10,542,1,1,0
10,386,1,1,0
11,1,91,68,14
11,53,154,101,34
11,2,133,96,29
11,51,105,72,21
11,83,9,5,3
11,13,47,36,7
11,81,15,13,1
11,31,15,13,2
11,87,35,22,8
11,101,60,53,5
11,23,119,82,21
11,28,47,34,10
11,34,34,25,3
11,17,81,61,12
11,11,401,327,57
11,26,82,60,17
11,24,66,54,8
11,7,85,53,19
11,123,47,31,11
11,14,36,25,7
11,105,55,40,10
11,218,9,7,2
11,137,32,23,5
11,208,10,7,3
11,304,15,10,3
11,84,31,19,6
11,310,25,17,5
11,320,3,2,1
11,18,47,36,5
11,159,22,13,6
11,74,31,24,4
11,78,22,14,6
11,144,29,26,1
11,82,16,12,1
11,107,54,41,8
11,9,37,26,8
11,80,24,13,6
11,175,14,12,2
11,281,14,10,1
11,169,27,19,4
11,8,79,61,12
11,33,52,43,9
11,98,6,6,0
11,36,68,36,18
11,77,51,34,15
11,76,74,48,14
11,59,71,47,14
11,55,53,37,11
11,197,14,11,3
11,21,100,68,21
11,167,7,4,1
11,88,55,36,16
11,93,19,10,6
11,156,113,78,22
11,60,36,24,9
11,12,124,92,23
11,57,90,57,22
11,56,26,16,6
11,121,22,13,7
11,19,85,60,19
11,58,32,26,5
11,149,31,21,5
11,234,5,4,1
11,25,64,45,10
11,16,77,58,14
11,75,37,27,5
11,37,70,50,11
11,492,26,18,4
11,523,6,4,2
11,199,30,17,8
11,40,12,7,4
11,327,8,6,0
11,560,4,2,1
11,158,5,3,1
11,513,3,2,0
11,179,15,13,2
11,147,16,12,4
11,318,24,19,5
11,30,13,11,1
11,85,9,7,2
11,294,9,8,1
11,402,6,4,0
11,143,18,8,4
11,534,4,4,0
11,374,5,5,0
11,334,5,4,0
11,347,4,4,0
11,230,2,1,0
11,170,11,8,2
11,439,2,2,0
11,15,65,52,6
11,176,15,11,3
11,259,20,18,1
11,324,22,17,2
11,207,33,19,9
11,461,3,1,2
11,386,6,3,1
11,280,59,30,23
11,20,80,58,18
11,118,25,14,10
11,115,8,7,1
11,390,5,2,1
11,157,39,32,6
11,86,30,21,4
11,499,2,2,0
11,667,2,2,0
11,483,5,3,2
11,359,8,8,0
11,673,3,2,1
11,675,1,1,0
11,340,3,3,0
11,376,9,6,1
11,353,5,3,2
11,196,6,5,1
11,380,1,1,0
11,238,18,12,1
11,358,17,12,3
11,419,6,5,1
11,692,4,1,3
11,146,19,13,3
11,52,8,5,0
11,396,8,7,1
11,145,7,4,3
11,296,7,6,0
11,168,22,18,4
11,508,2,1,1
11,311,12,12,0
11,260,5,3,2
11,940,1,0,1
11,361,8,4,2
11,619,1,0,1
11,713,1,1,0
11,397,1,0,0
11,314,7,5,2
11,248,2,2,0
11,462,2,2,0
11,972,1,1,0
11,684,2,1,1
11,998,1,1,0
11,300,7,6,1
11,61,76,59,10
11,333,10,3,4
11,301,9,8,0
11,32,21,19,1
11,97,22,18,2
11,312,7,6,0
11,431,1,1,0
11,625,4,2,1
11,379,6,3,2
11,104,11,11,0
11,341,14,10,2
11,426,8,6,0
11,240,7,6,0
11,122,3,1,1
11,106,13,8,3
11,429,3,2,0
11,470,3,1,0
11,198,15,7,6
11,399,13,8,1
11,184,14,10,2
11,22,30,21,5
11,1088,1,1,0
11,317,8,5,2
11,779,6,5,1
11,1413,1,1,0
11,339,10,7,2
11,277,7,2,3
11,395,2,1,1
11,282,2,1,1
11,494,3,2,0
11,652,9,7,2
11,148,12,8,2
11,638,1,1,0
11,554,2,2,0
11,246,17,12,3
11,200,4,2,2
11,297,2,2,0
11,890,1,1,0
11,598,4,3,1
11,471,1,1,0
11,584,4,2,2
11,258,7,5,2
11,883,1,1,0
11,837,2,2,0
11,113,1,1,0
11,695,13,10,2
11,930,1,1,0
11,381,2,1,1
11,293,1,0,1
11,699,9,7,1
11,716,1,1,0
11,103,9,5,2
11,278,3,1,1
11,360,5,3,0
11,430,11,9,0
11,216,7,3,2
11,415,4,4,0
11,0,4,3,0
11,336,3,2,1
11,109,2,2,0
11,39,3,3,0
11,295,6,5,0
11,635,1,1,0
11,666,1,0,0
11,542,6,5,1
11,1717,1,1,0
11,945,1,1,0
11,256,5,4,0
11,467,3,3,0
11,678,23,14,3
11,511,2,1,0
11,624,5,5,0
11,498,2,0,0
11,501,1,1,0
11,349,1,1,0
11,139,1,0,1
11,1811,1,0,0
11,1021,3,0,2
11,621,1,0,0
11,653,4,3,0
11,772,3,1,2
11,222,1,0,0
11,878,5,2,2
11,1865,1,1,0
11,445,10,7,3
11,181,3,2,0
11,1267,1,1,0
11,581,1,1,0
11,1362,4,2,1
11,706,10,6,2
11,850,1,1,0
11,1276,1,0,1
11,688,2,1,1
11,609,1,1,0
11,215,1,1,0
11,2537,1,1,0
11,1113,1,0,1
11,99,3,3,0
11,321,1,1,0
11,362,1,1,0
11,707,1,1,0
11,408,1,1,0
11,2861,5,3,2
11,171,1,1,0
11,1109,1,0,1
11,646,4,2,1
11,231,1,1,0
11,792,1,0,1
12,1,51,38,3
12,13,75,50,15
12,14,29,20,8
12,11,111,79,20
12,36,106,73,22
12,74,32,22,8
12,78,56,27,24
12,51,99,64,21
12,81,34,23,11
12,87,49,32,11
12,101,48,29,10
12,23,103,71,28
12,28,49,35,11
12,34,40,28,9
12,17,68,43,19
12,9,96,57,30
12,26,127,81,36
12,24,136,98,26
12,7,87,63,18
12,104,11,7,2
12,105,46,32,8
12,238,20,12,7
12,304,14,7,5
12,84,38,25,8
12,317,13,6,6
12,18,56,33,13
12,159,43,31,7
12,300,14,7,5
12,144,29,18,9
12,82,9,8,1
12,107,33,19,10
12,80,33,17,8
12,175,24,16,4
12,281,7,5,1
12,33,33,21,8
12,77,58,40,15
12,21,99,62,24
12,430,7,4,0
12,88,42,26,10
12,93,40,25,10
12,156,36,25,8
12,216,8,5,1
12,12,270,188,58
12,75,92,58,28
12,59,115,71,28
12,57,137,85,35
12,16,81,49,22
12,121,60,45,12
12,19,60,40,16
12,58,26,14,10
12,146,17,10,6
12,215,8,6,1
12,234,13,4,8
12,37,51,39,11
12,492,5,4,0
12,399,10,4,3
12,148,21,15,5
12,246,24,13,4
12,97,34,23,8
12,158,15,11,3
12,106,15,7,6
12,513,6,4,1
12,179,12,8,4
12,200,8,5,2
12,318,18,12,4
12,31,49,31,16
12,30,23,18,4
12,402,4,2,2
12,295,11,7,1
12,349,1,1,0
12,467,8,6,2
12,334,3,3,0
12,25,75,40,24
12,296,10,7,2
12,170,13,7,4
12,15,75,49,20
12,176,28,18,9
12,259,38,22,9
12,461,12,7,3
12,99,10,5,4
12,20,68,47,15
12,311,10,7,1
12,86,23,12,4
12,619,2,1,1
12,321,8,4,2
12,32,23,17,1
12,359,4,3,1
12,673,10,7,2
12,353,2,0,2
12,2,166,103,50
12,123,65,39,23
12,218,31,18,6
12,137,54,37,10
12,320,7,4,2
12,278,5,3,1
12,8,96,61,23
12,103,19,10,7
12,197,13,6,5
12,692,8,5,3
12,282,14,8,4
12,56,57,33,22
12,396,6,4,0
12,40,27,17,9
12,426,8,6,0
12,301,17,10,5
12,147,18,12,5
12,312,9,7,2
12,85,33,20,9
12,299,4,4,0
12,508,9,4,3
12,280,23,14,6
12,654,1,1,0
12,734,7,4,3
12,118,12,6,5
12,115,11,6,5
12,390,7,3,2
12,157,27,17,4
12,260,6,5,1
12,940,1,0,1
12,222,3,1,1
12,659,9,8,1
12,625,3,2,0
12,372,2,0,2
12,168,23,13,4
12,363,1,0,0
12,199,40,23,13
12,310,29,19,10
12,61,69,36,22
12,55,71,44,20
12,53,115,72,27
12,22,74,42,22
12,333,17,11,4
12,207,21,11,9
12,598,5,4,1
12,196,8,3,3
12,184,59,33,20
12,208,7,4,3
12,339,10,4,6
12,379,12,7,5
12,83,10,5,3
12,60,57,37,18
12,52,4,2,1
12,523,8,4,3
12,240,2,1,1
12,171,5,4,1
12,408,6,1,4
12,560,14,9,4
12,501,5,2,2
12,143,19,12,4
12,471,5,5,0
12,439,4,4,0
12,445,10,7,3
12,273,9,5,2
12,415,10,7,1
12,414,3,1,2
12,518,3,2,0
12,1091,2,2,0
12,1102,2,1,0
12,1021,3,1,2
12,181,4,2,1
12,1090,5,2,2
12,1119,1,1,0
12,1088,2,1,1
12,360,10,7,2
12,98,12,11,0
12,76,17,9,5
12,149,16,7,6
12,145,19,8,11
12,324,3,2,0
12,374,9,6,2
12,470,3,3,0
12,652,18,13,3
12,410,1,0,1
12,198,5,3,2
12,340,12,9,2
12,256,9,7,2
12,277,7,2,4
12,695,24,15,8
12,707,4,0,4
12,706,11,9,1
12,779,11,8,2
12,0,10,7,2
12,327,5,3,1
12,109,5,4,0
12,279,5,4,0
12,815,1,1,0
12,293,9,5,2
12,688,2,2,0
12,699,7,5,1
12,716,2,1,0
12,358,7,5,1
12,230,6,1,3
12,432,2,1,0
12,498,5,4,0
12,608,2,1,1
12,361,3,2,1
12,314,4,2,2
12,653,1,1,0
12,678,24,20,1
12,1718,1,1,0
12,113,1,1,0
12,541,2,2,0
12,341,1,1,0
12,122,11,4,5
12,462,7,7,0
12,169,7,6,1
12,511,4,4,0
12,624,1,1,0
12,167,6,5,0
12,554,2,1,0
12,429,6,3,2
12,580,2,2,0
12,294,4,4,0
12,534,3,2,1
12,675,1,1,0
12,1811,6,4,2
12,386,12,6,3
12,483,6,2,2
12,1895,1,1,0
12,395,1,0,1
12,1195,1,1,0
12,419,3,2,0
12,272,1,1,0
12,512,3,2,0
12,494,2,2,0
12,542,8,4,3
12,258,9,4,5
12,772,6,3,3
12,297,1,0,1
12,39,4,3,1
12,1362,1,1,0
12,901,2,0,2
12,850,1,0,1
12,413,4,1,2
12,336,2,1,1
12,579,1,1,0
12,362,4,3,1
12,1143,2,0,2
12,667,1,0,1
12,770,1,1,0
12,646,10,6,3
12,1267,4,2,2
12,248,1,0,1
12,609,6,4,1
12,1276,2,0,2
12,1133,1,1,0
12,1149,1,0,0
12,1046,1,1,0
12,476,1,1,0
12,816,1,0,0
12,637,1,0,1
12,638,1,0,0
12,431,2,1,1
12,347,4,3,1
12,376,1,0,1
12,781,1,1,0
12,2526,1,0,1
12,2855,1,1,0
12,2861,1,1,0
12,1127,1,1,0
12,933,1,1,0
12,831,1,1,0
12,2301,1,1,0
12,700,1,1,0
12,771,1,0,1
12,878,1,1,0
12,635,2,0,0
13,51,13,8,5
13,13,116,77,28
13,40,7,5,2
13,87,21,7,11
13,123,15,8,6
13,105,26,14,8
13,137,21,9,11
13,159,22,16,6
13,300,16,7,8
13,144,29,13,14
13,175,11,5,3
13,281,6,4,2
13,358,8,2,3
13,8,20,10,8
13,98,1,0,1
13,56,62,30,22
13,55,18,9,6
13,419,6,3,0
13,60,27,14,11
13,282,6,3,2
13,76,7,4,3
13,121,11,4,6
13,523,21,14,5
13,399,9,6,3
13,145,10,5,4
13,158,11,7,3
13,147,9,7,2
13,85,15,8,5
13,402,5,5,0
13,279,12,8,2
13,471,7,6,1
13,324,2,2,0
13,1,11,9,2
13,2,12,3,6
13,81,24,14,8
13,17,15,10,5
13,24,26,18,8
13,218,24,13,7
13,208,11,8,3
13,278,3,0,2
13,82,10,4,3
13,107,13,6,4
13,103,12,5,7
13,36,20,5,13
13,197,18,11,3
13,167,5,2,2
13,430,8,5,2
13,83,4,1,2
13,93,13,10,2
13,53,18,11,2
13,156,9,7,2
13,216,8,4,3
13,272,2,1,1
13,12,13,8,4
13,59,13,11,2
13,57,24,12,9
13,432,4,3,0
13,78,12,10,2
13,37,8,3,3
13,426,6,3,2
13,109,4,3,1
13,318,10,7,3
13,327,6,3,2
13,554,1,0,1
13,246,11,4,4
13,97,16,13,1
13,106,12,5,4
13,294,5,5,0
13,39,6,5,1
13,143,11,5,4
13,534,12,5,6
13,295,7,6,1
13,431,5,4,1
13,349,1,0,1
13,374,5,3,1
13,230,9,7,2
13,608,1,0,1
13,912,1,1,0
13,259,6,4,0
13,280,6,0,5
13,755,1,1,0
13,940,7,5,1
13,692,2,0,1
13,86,12,5,5
13,414,2,2,0
13,198,8,5,3
13,659,12,6,3
13,625,3,3,0
13,661,3,3,0
13,666,2,1,1
13,483,6,3,3
13,314,10,3,5
13,542,5,2,2
13,862,1,0,1
13,319,3,3,0
13,883,1,1,0
13,353,1,0,1
13,998,3,3,0
13,7,15,6,7
13,104,12,5,5
13,22,12,5,5
13,238,13,9,3
13,74,17,10,7
13,277,11,5,5
13,77,24,12,9
13,184,9,5,3
13,170,17,9,2
13,207,14,9,4
13,359,9,5,3
13,21,16,11,4
13,467,5,3,1
13,101,14,7,5
13,23,33,17,13
13,58,6,3,2
13,149,7,3,4
13,0,5,2,2
13,199,20,14,6
13,148,17,9,8
13,171,7,3,4
13,179,11,6,4
13,31,41,22,15
13,580,1,0,1
13,30,20,11,6
13,598,2,1,1
13,439,2,1,0
13,15,12,6,4
13,635,1,0,1
13,390,5,2,1
13,157,9,4,3
13,415,5,2,1
13,372,1,0,1
13,496,1,1,0
13,1031,1,1,0
13,26,18,10,5
13,80,10,4,5
13,498,4,4,0
13,11,1,1,0
13,256,10,6,3
13,75,9,6,2
13,25,16,9,6
13,410,1,1,0
13,115,9,5,3
13,340,11,8,3
13,84,15,8,4
13,18,21,11,6
13,379,10,5,4
13,513,1,1,0
13,706,5,2,1
13,196,13,10,3
13,215,8,3,4
13,28,19,9,10
13,88,14,6,5
13,234,2,1,1
13,334,3,2,1
13,200,6,2,2
13,508,3,2,1
13,619,5,3,0
13,321,5,4,0
13,518,3,2,1
13,181,2,2,0
13,34,27,13,10
13,33,9,7,2
13,52,6,3,3
13,301,12,1,10
13,816,1,0,0
13,176,8,3,2
13,716,7,5,0
13,688,3,1,1
13,792,2,2,0
13,609,5,3,2
13,360,3,3,0
13,395,1,0,0
13,652,2,1,1
13,654,1,0,1
13,168,21,14,4
13,579,1,0,0
13,678,4,2,1
13,19,12,9,3
13,341,1,1,0
13,304,6,3,1
13,336,8,4,4
13,673,4,1,1
13,376,2,1,1
13,333,12,5,4
13,61,21,8,6
13,146,11,6,2
13,396,1,0,0
13,122,4,2,2
13,258,10,6,3
13,560,2,1,1
13,501,2,2,0
13,297,3,1,2
13,222,9,5,4
13,273,4,3,1
13,362,9,4,3
13,675,2,0,1
13,624,1,1,0
13,584,3,2,0
13,339,1,0,0
13,9,19,11,5
13,16,12,7,5
13,347,7,4,1
13,317,6,4,1
13,169,1,0,0
13,311,4,0,4
13,299,3,1,2
13,32,6,5,0
13,240,5,2,2
13,408,8,6,2
13,386,7,3,3
13,770,5,4,1
13,1109,1,0,1
13,772,2,1,1
13,1362,1,0,1
13,363,1,1,0
13,695,8,3,4
13,781,2,1,1
13,734,4,4,0
13,699,4,2,1
13,1267,1,0,1
13,492,1,0,1
13,638,2,2,0
13,429,5,3,0
13,20,7,6,0
13,118,4,0,4
13,700,1,0,1
13,413,4,2,1
13,312,1,1,0
13,741,2,0,2
13,293,4,4,0
13,707,2,2,0
13,850,1,1,0
13,836,1,1,0
13,320,3,0,1
13,310,2,1,1
13,445,7,2,3
13,906,1,0,1
13,296,3,2,1
13,260,1,0,1
13,1113,1,0,1
13,494,2,1,1
13,663,1,0,1
13,14,1,0,0
13,512,2,1,0
13,1717,1,1,0
13,878,2,2,0
13,2526,1,1,0
13,2820,2,2,0
13,2861,2,2,0
13,1127,1,1,0
13,2554,1,0,1
13,1119,8,5,1
13,2203,3,2,0
13,2296,3,2,0
13,2328,1,0,1
13,2929,3,2,0
13,2586,1,1,0
13,2945,1,1,0
13,2935,1,1,0
13,2956,2,2,0
13,777,1,1,0
13,646,3,0,3
13,831,1,1,0
13,779,1,0,1
13,815,1,1,0
13,231,1,0,0
13,684,1,0,1
13,361,1,1,0
14,1,29,21,5
14,2,39,35,3
14,13,19,13,5
14,157,4,3,1
14,28,30,25,2
14,34,24,15,5
14,26,42,25,12
14,7,23,16,5
14,21,25,22,1
14,123,28,25,3
14,104,10,7,3
14,105,13,12,0
14,55,22,13,5
14,84,17,9,5
14,300,6,6,0
14,278,3,1,1
14,80,14,11,1
14,61,16,16,0
14,169,9,8,1
14,103,5,5,0
14,390,2,0,2
14,98,3,2,0
14,36,54,39,5
14,77,18,13,5
14,59,35,32,1
14,197,5,4,1
14,430,6,3,1
14,93,5,3,1
14,156,8,5,2
14,216,4,3,0
14,11,51,41,4
14,56,14,10,3
14,121,14,11,2
14,256,4,2,1
14,149,13,12,0
14,52,3,2,1
14,40,6,4,1
14,145,5,5,0
14,560,6,3,2
14,534,3,3,0
14,312,3,2,1
14,294,3,3,0
14,143,8,5,2
14,295,1,1,0
14,170,4,4,0
14,439,2,2,0
14,259,5,3,2
14,508,3,3,0
14,280,4,4,0
14,273,2,1,1
14,260,3,3,0
14,222,4,3,0
14,86,4,2,1
14,321,1,1,0
14,198,3,1,1
14,314,5,2,1
14,340,9,7,0
14,248,1,0,0
14,81,7,5,2
14,101,25,18,5
14,196,1,0,0
14,14,47,34,9
14,339,3,2,0
14,282,3,3,0
14,76,4,2,1
14,12,44,34,7
14,37,17,15,0
14,336,2,2,0
14,179,4,2,2
14,158,3,1,2
14,20,15,13,2
14,755,1,1,0
14,311,3,3,0
14,118,2,2,0
14,58,7,6,1
14,184,11,3,5
14,87,15,11,1
14,18,15,11,3
14,78,8,8,0
14,349,1,0,0
14,22,22,17,1
14,23,31,24,6
14,426,3,2,0
14,24,26,23,2
14,238,10,8,0
14,137,13,9,2
14,360,1,1,0
14,9,18,14,2
14,106,3,3,0
14,19,18,11,5
14,146,6,5,1
14,16,19,15,3
14,374,1,1,0
14,296,7,5,0
14,139,1,1,0
14,415,8,7,1
14,85,16,10,4
14,358,5,3,2
14,53,34,27,2
14,17,8,7,0
14,57,26,20,2
14,218,6,5,1
14,208,5,4,1
14,317,3,3,0
14,779,5,5,0
14,159,10,7,2
14,144,3,3,0
14,82,4,2,1
14,107,6,3,2
14,175,10,8,1
14,30,7,5,2
14,8,16,15,1
14,33,8,4,2
14,333,5,4,0
14,60,13,10,0
14,432,3,2,0
14,75,26,16,9
14,0,4,3,1
14,399,1,1,0
14,199,8,6,1
14,240,8,2,4
14,327,6,5,0
14,122,5,4,1
14,246,11,6,0
14,97,12,7,4
14,147,4,4,0
14,318,7,5,2
14,890,1,1,0
14,230,1,1,0
14,25,16,12,3
14,15,19,18,0
14,652,2,1,1
14,324,3,2,0
14,207,5,3,2
14,625,2,1,1
14,32,3,3,0
14,359,2,2,0
14,181,1,1,0
14,353,3,2,0
14,1147,1,1,0
14,113,1,1,0
14,716,1,1,0
14,772,3,1,1
14,88,7,7,0
14,695,7,5,2
14,741,2,1,1
14,301,1,1,0
14,31,5,3,2
14,706,2,1,1
14,467,3,1,0
14,930,1,1,0
14,293,3,2,1
14,688,2,1,1
14,692,1,1,0
14,777,1,1,0
14,699,2,2,0
14,1109,1,0,0
14,51,8,7,0
14,310,5,4,0
14,281,2,1,1
14,678,5,5,0
14,419,1,1,0
14,167,2,1,1
14,215,1,1,0
14,512,3,2,0
14,148,2,1,0
14,171,1,1,0
14,408,2,2,0
14,513,1,1,0
14,402,2,2,0
14,334,3,2,0
14,471,2,1,1
14,176,4,3,0
14,461,1,1,0
14,361,2,2,0
14,277,1,1,0
14,258,1,0,1
14,304,3,1,1
14,379,2,1,1
14,498,2,2,0
14,554,1,1,0
14,200,2,2,0
14,1236,1,0,1
14,396,1,0,0
14,511,2,2,0
14,1091,2,1,0
14,74,4,4,0
14,341,2,2,0
14,347,2,2,0
14,673,3,1,1
14,1811,1,1,0
14,1195,1,0,0
14,376,1,0,0
14,462,1,1,0
14,1355,1,1,0
14,523,1,1,0
14,734,2,2,0
14,380,1,1,0
14,816,1,1,0
14,320,1,0,1
14,234,3,2,1
14,542,1,1,0
14,933,1,1,0
14,381,3,3,0
14,850,1,1,0
14,609,2,2,0
14,2861,2,1,1
14,659,1,1,0
14,646,1,1,0
14,792,1,1,0
15,1,11,7,2
15,53,71,43,19
15,2,74,46,23
15,26,63,41,13
15,23,95,56,30
15,11,54,45,3
15,51,80,50,21
15,15,113,79,22
15,55,47,32,10
15,13,56,36,18
15,81,35,24,9
15,87,50,35,7
15,101,22,18,2
15,167,5,2,1
15,28,23,17,3
15,34,23,17,4
15,17,89,47,32
15,75,33,17,12
15,14,22,15,4
15,24,52,38,12
15,7,37,25,7
15,9,33,16,9
15,33,37,21,12
15,105,28,22,3
15,238,28,19,3
15,208,13,9,4
15,304,18,13,4
15,84,30,20,6
15,18,40,25,10
15,159,25,15,5
15,300,13,6,2
15,339,5,3,2
15,74,20,14,3
15,82,16,10,4
15,80,24,18,6
15,61,62,41,14
15,169,9,6,3
15,8,59,37,19
15,103,16,11,3
15,98,9,7,1
15,36,45,23,16
15,77,41,30,8
15,197,12,8,2
15,21,67,43,15
15,88,60,41,10
15,83,10,7,3
15,333,7,4,0
15,93,45,26,14
15,12,56,37,13
15,156,38,25,9
15,76,13,7,4
15,59,33,23,7
15,57,51,34,9
15,56,37,19,16
15,121,15,8,4
15,19,50,39,7
15,483,18,13,4
15,58,16,14,2
15,234,8,6,1
15,16,46,29,14
15,86,21,14,6
15,37,25,14,6
15,399,8,5,1
15,199,26,16,9
15,426,3,2,1
15,145,18,15,2
15,122,6,3,2
15,97,23,21,2
15,158,10,7,3
15,179,17,12,3
15,200,4,2,0
15,143,20,14,6
15,30,14,8,4
15,85,16,9,2
15,402,4,4,0
15,184,18,10,3
15,467,6,4,2
15,334,2,2,0
15,25,35,21,12
15,170,15,5,5
15,259,13,8,2
15,258,10,6,3
15,22,40,25,10
15,280,15,8,7
15,20,55,43,11
15,476,1,1,0
15,311,7,5,1
15,637,1,0,0
15,118,21,8,11
15,115,16,10,5
15,499,1,0,0
15,414,4,2,1
15,32,15,12,1
15,168,22,14,5
15,666,4,2,1
15,113,1,1,0
15,222,6,4,2
15,218,26,15,7
15,320,6,5,1
15,278,1,1,0
15,281,5,2,3
15,358,15,9,3
15,379,11,5,2
15,60,41,28,9
15,272,8,5,2
15,146,22,10,10
15,492,3,2,1
15,246,11,4,4
15,31,25,15,9
15,580,3,2,1
15,598,1,0,0
15,296,2,1,1
15,755,1,1,0
15,390,8,3,4
15,157,29,14,8
15,700,2,0,2
15,673,1,0,1
15,675,2,1,1
15,972,1,1,0
15,998,1,1,0
15,207,22,13,7
15,137,22,8,7
15,149,21,14,4
15,318,10,6,3
15,39,6,5,1
15,912,1,0,1
15,359,6,5,1
15,319,1,1,0
15,652,3,1,1
15,107,27,17,9
15,216,5,1,4
15,341,3,2,0
15,0,10,9,1
15,148,16,11,4
15,147,15,8,6
15,109,8,5,3
15,312,3,1,1
15,294,4,4,0
15,439,2,1,0
15,324,3,2,1
15,256,9,6,3
15,513,3,2,0
15,706,4,2,0
15,374,3,1,1
15,123,21,15,4
15,277,3,1,1
15,430,1,0,0
15,78,11,3,6
15,494,6,5,1
15,347,5,2,3
15,470,1,0,0
15,461,1,1,0
15,198,3,2,1
15,659,2,2,0
15,667,2,1,0
15,314,8,4,3
15,542,8,5,2
15,104,9,6,3
15,432,2,1,0
15,695,5,4,1
15,734,2,1,1
15,716,1,1,0
15,295,12,8,1
15,310,16,10,5
15,144,14,10,2
15,175,9,6,1
15,413,6,4,2
15,415,6,5,0
15,523,8,4,2
15,240,5,3,2
15,408,6,3,3
15,106,15,12,2
15,534,5,3,1
15,279,6,4,1
15,410,3,3,0
15,273,2,2,0
15,518,1,0,0
15,176,7,6,1
15,327,4,2,1
15,396,2,2,0
15,299,2,2,0
15,282,1,1,0
15,340,7,6,0
15,1021,2,0,2
15,181,4,1,2
15,678,5,5,0
15,395,1,1,0
15,40,2,0,1
15,260,4,3,0
15,462,1,0,0
15,1423,1,0,0
15,772,2,0,1
15,301,3,3,0
15,685,1,1,0
15,230,3,1,1
15,471,4,0,2
15,386,5,3,1
15,321,2,2,0
15,248,8,6,1
15,609,1,1,0
15,431,1,1,0
15,541,2,1,1
15,699,2,1,0
15,501,9,3,6
15,429,2,0,2
15,508,9,6,3
15,353,1,1,0
15,781,1,0,0
15,692,4,2,1
15,850,1,1,0
15,336,5,4,1
15,381,1,1,0
15,445,7,3,3
15,196,4,3,1
15,215,5,4,0
15,297,1,0,0
15,349,1,1,0
15,584,2,0,2
15,579,1,1,0
15,638,1,1,0
15,419,1,0,1
15,560,2,2,0
15,646,4,1,3
15,688,1,1,0
15,52,1,0,0
15,2861,2,1,0
15,2203,2,1,1
15,2308,1,1,0
15,815,1,1,0
15,376,1,1,0
15,717,1,1,0
15,635,7,5,2
15,361,1,0,0
16,1,19,11,6
16,51,24,12,9
16,13,30,18,9
16,87,27,14,9
16,23,44,26,14
16,17,35,20,12
16,26,27,17,7
16,7,52,37,13
16,123,36,20,15
16,105,27,16,7
16,238,13,5,3
16,218,22,14,5
16,84,34,21,11
16,310,10,4,4
16,159,29,17,10
16,300,17,9,6
16,144,17,9,5
16,107,15,8,6
16,277,14,11,0
16,98,7,6,0
16,36,40,20,13
16,77,21,11,8
16,413,6,5,1
16,419,6,4,2
16,53,21,10,8
16,272,8,5,2
16,99,5,3,2
16,57,34,17,9
16,56,35,22,10
16,256,12,5,4
16,149,12,7,5
16,16,127,64,52
16,75,16,8,6
16,399,19,12,2
16,145,19,11,7
16,246,19,12,1
16,147,12,6,3
16,318,14,6,6
16,429,23,13,7
16,85,7,1,4
16,143,56,27,23
16,349,6,3,2
16,471,15,8,5
16,584,9,5,1
16,230,2,1,1
16,139,1,1,0
16,324,3,2,1
16,508,41,19,17
16,260,2,2,0
16,361,4,4,0
16,198,4,4,0
16,32,6,4,0
16,666,4,2,1
16,362,8,4,3
16,340,14,11,2
16,196,13,12,0
16,304,10,3,5
16,197,19,12,6
16,692,4,2,0
16,93,24,17,2
16,156,19,13,4
16,216,5,5,0
16,215,3,1,0
16,396,19,9,4
16,37,13,8,5
16,199,42,18,19
16,240,10,5,4
16,336,15,6,7
16,554,7,5,0
16,106,11,7,2
16,501,3,0,1
16,467,5,3,2
16,279,6,5,1
16,25,36,20,14
16,445,8,3,5
16,207,17,10,5
16,734,2,1,1
16,940,1,1,0
16,397,2,0,2
16,18,20,12,3
16,80,12,8,3
16,58,15,8,4
16,30,9,6,3
16,21,25,16,8
16,81,27,17,9
16,76,11,4,5
16,118,7,4,1
16,103,12,8,4
16,88,30,14,9
16,638,5,3,2
16,295,8,5,3
16,259,11,7,0
16,2,21,13,6
16,34,23,14,6
16,9,18,9,7
16,24,25,19,5
16,137,28,15,9
16,74,25,15,6
16,82,12,5,5
16,175,7,3,1
16,61,16,12,3
16,281,11,6,2
16,358,7,3,2
16,167,21,8,12
16,314,2,1,0
16,282,9,2,5
16,78,10,7,2
16,426,6,2,2
16,148,21,17,1
16,171,9,4,4
16,200,5,3,1
16,31,27,13,11
16,598,3,2,1
16,347,7,3,4
16,912,2,0,1
16,296,5,3,0
16,299,4,2,2
16,621,3,2,0
16,713,1,1,0
16,700,1,0,0
16,483,11,6,3
16,579,3,2,0
16,248,3,0,2
16,1109,2,0,2
16,1031,3,2,1
16,181,3,2,1
16,1147,1,1,0
16,176,8,7,1
16,101,23,17,3
16,104,13,8,4
16,360,5,3,1
16,169,5,3,1
16,395,6,4,1
16,55,46,26,16
16,430,10,7,1
16,19,31,20,8
16,146,14,7,6
16,0,10,7,2
16,40,4,2,2
16,327,8,3,3
16,122,3,2,0
16,158,12,9,3
16,431,4,2,0
16,170,17,12,2
16,439,6,4,0
16,652,3,1,1
16,511,3,1,0
16,542,4,3,1
16,312,7,4,2
16,706,6,2,3
16,334,10,6,2
16,278,2,2,0
16,339,5,4,1
16,12,13,11,2
16,59,13,6,5
16,523,6,1,5
16,408,7,5,1
16,301,9,4,5
16,22,13,4,9
16,86,16,12,3
16,380,1,1,0
16,317,4,2,2
16,402,9,4,3
16,8,24,13,7
16,33,10,5,4
16,60,21,11,9
16,121,17,10,4
16,341,4,3,1
16,492,2,1,0
16,97,9,5,2
16,513,4,3,0
16,415,14,9,2
16,499,1,1,0
16,496,2,2,0
16,667,3,2,0
16,675,3,1,1
16,837,1,1,0
16,353,2,1,1
16,781,3,3,0
16,816,1,1,0
16,688,4,2,2
16,659,5,4,1
16,168,12,7,4
16,699,1,1,0
16,28,13,6,5
16,208,10,5,5
16,11,6,6,0
16,432,2,0,0
16,560,3,1,2
16,109,12,6,6
16,534,6,5,1
16,184,6,1,2
16,635,4,4,0
16,321,28,16,11
16,15,12,8,3
16,379,17,14,2
16,1423,1,1,0
16,410,2,0,1
16,359,6,2,2
16,333,10,6,0
16,234,7,4,3
16,280,7,5,2
16,115,3,3,0
16,222,5,2,3
16,541,1,0,0
16,83,12,5,4
16,624,1,0,0
16,678,4,2,2
16,179,14,8,5
16,294,5,3,2
16,374,3,3,0
16,297,4,4,0
16,258,6,3,1
16,772,5,3,1
16,878,3,2,1
16,498,1,0,1
16,512,6,4,0
16,311,9,7,1
16,39,6,4,2
16,1276,1,1,0
16,20,18,12,5
16,695,2,2,0
16,770,2,0,1
16,1203,2,1,1
16,157,5,2,2
16,707,3,2,1
16,901,2,1,1
16,390,6,4,2
16,619,1,1,0
16,386,3,1,1
16,273,2,1,1
16,741,1,1,0
16,1267,3,0,1
16,320,1,1,0
16,113,1,0,0
16,1149,1,0,1
16,625,2,1,1
16,52,4,1,2
16,494,2,2,0
16,646,3,2,1
16,14,2,2,0
16,684,1,1,0
16,414,2,1,1
16,2526,1,1,0
16,2855,2,2,0
16,2861,1,1,0
16,2554,1,1,0
16,2296,2,1,0
16,1357,2,1,0
16,2935,5,3,1
16,925,1,0,1
16,609,1,1,0
16,716,1,0,1
16,948,1,0,1
16,2308,1,1,0
16,2301,1,1,0
16,933,1,1,0
16,231,1,0,1
17,1,12,8,4
17,23,19,10,6
17,2,30,17,9
17,81,18,8,5
17,51,81,39,35
17,13,19,10,9
17,87,35,13,17
17,101,10,8,2
17,28,18,11,7
17,175,7,4,1
17,17,207,103,80
17,26,39,21,14
17,12,24,18,4
17,123,20,13,5
17,179,26,18,2
17,105,14,10,2
17,208,3,1,2
17,84,13,7,5
17,310,14,6,7
17,159,17,9,5
17,82,9,4,4
17,107,16,8,6
17,360,4,1,3
17,9,11,7,4
17,76,18,13,2
17,281,12,7,5
17,358,4,3,0
17,169,10,5,3
17,8,34,18,15
17,103,15,7,5
17,395,4,1,2
17,98,28,24,2
17,36,34,19,10
17,77,22,10,7
17,55,15,11,2
17,21,28,15,10
17,429,2,2,0
17,88,50,27,18
17,156,33,21,9
17,59,19,11,8
17,56,28,18,9
17,121,11,5,5
17,19,38,20,13
17,58,25,18,6
17,215,6,3,1
17,341,8,6,2
17,234,8,5,3
17,16,31,13,14
17,75,31,15,15
17,37,9,8,0
17,399,12,5,3
17,199,19,11,7
17,240,12,5,3
17,148,11,5,4
17,171,7,3,3
17,145,5,3,2
17,122,3,1,1
17,560,2,0,1
17,97,13,6,4
17,106,13,7,4
17,147,9,6,3
17,200,1,1,0
17,109,2,2,0
17,39,1,0,0
17,143,19,9,7
17,295,6,2,1
17,25,31,19,8
17,15,15,10,5
17,470,6,3,2
17,139,1,0,0
17,324,3,2,0
17,258,16,10,5
17,22,22,12,9
17,280,13,7,4
17,20,13,7,5
17,118,18,11,6
17,390,13,5,4
17,499,1,1,0
17,659,4,2,2
17,32,4,2,2
17,168,14,6,6
17,666,11,4,6
17,314,6,5,1
17,359,7,5,1
17,362,3,3,0
17,340,8,3,3
17,248,9,2,3
17,113,4,3,1
17,692,29,18,9
17,137,26,11,12
17,167,8,1,6
17,11,15,9,4
17,396,3,3,0
17,513,9,6,3
17,294,11,7,4
17,654,2,1,1
17,755,2,2,0
17,157,10,5,4
17,625,2,0,2
17,483,45,24,18
17,542,4,3,1
17,181,33,21,9
17,996,1,1,0
17,74,24,11,11
17,277,5,3,1
17,207,19,11,5
17,7,15,5,6
17,80,6,2,3
17,430,5,3,1
17,53,27,10,13
17,60,19,9,8
17,146,16,10,4
17,467,4,2,1
17,24,24,11,10
17,304,6,4,2
17,18,20,13,6
17,61,27,16,8
17,413,2,2,0
17,93,6,4,1
17,78,8,2,4
17,492,5,3,2
17,85,13,7,4
17,890,7,1,6
17,598,2,2,0
17,347,6,3,3
17,176,4,1,1
17,508,4,3,1
17,414,2,2,0
17,713,1,0,1
17,496,1,1,0
17,1102,2,0,2
17,948,1,1,0
17,972,1,1,0
17,1126,1,0,1
17,1088,1,0,1
17,361,7,4,2
17,439,9,1,7
17,282,11,5,3
17,272,6,5,1
17,279,7,4,3
17,445,5,3,1
17,637,1,1,0
17,685,2,1,0
17,196,6,2,4
17,278,1,1,0
17,144,5,2,2
17,57,9,7,2
17,86,17,9,7
17,317,2,1,1
17,149,11,5,5
17,52,5,3,2
17,408,5,4,0
17,511,2,1,0
17,311,9,5,4
17,619,2,1,0
17,688,3,2,1
17,707,2,1,1
17,925,8,6,1
17,716,3,2,1
17,1109,3,2,1
17,419,2,2,0
17,83,33,17,13
17,246,2,2,0
17,667,2,2,0
17,624,1,1,0
17,498,3,3,0
17,40,10,2,5
17,296,5,2,1
17,333,5,4,1
17,238,4,3,0
17,379,11,8,2
17,197,4,1,1
17,327,5,2,3
17,912,2,1,1
17,259,6,2,2
17,386,7,4,3
17,1021,5,1,3
17,14,2,1,1
17,300,3,1,1
17,339,4,2,0
17,216,3,0,1
17,170,2,1,1
17,541,1,1,0
17,376,6,1,3
17,1236,1,1,0
17,432,1,0,1
17,184,5,1,2
17,1355,1,1,0
17,584,2,0,0
17,772,2,2,0
17,734,3,1,2
17,494,4,3,1
17,33,25,12,11
17,1865,1,0,1
17,30,11,4,5
17,579,3,0,1
17,318,8,4,4
17,1276,1,1,0
17,218,21,15,4
17,31,10,5,4
17,198,8,3,3
17,678,1,1,0
17,695,2,0,2
17,523,3,0,2
17,741,1,1,0
17,816,1,1,0
17,1166,1,1,0
17,706,3,1,2
17,646,24,14,7
17,293,2,1,1
17,699,2,1,1
17,609,18,9,9
17,320,2,2,0
17,512,1,1,0
17,426,5,3,2
17,402,3,2,1
17,334,1,0,1
17,415,4,2,2
17,380,1,0,1
17,518,1,0,1
17,319,1,0,1
17,230,4,1,3
17,461,3,1,2
17,115,4,1,3
17,321,1,0,1
17,353,1,0,1
17,301,4,3,1
17,792,3,3,0
17,850,1,1,0
17,836,6,4,2
17,34,6,1,4
17,652,1,1,0
17,336,3,2,1
17,608,1,1,0
17,256,5,2,2
17,0,6,2,3
17,222,3,3,0
17,675,2,1,0
17,471,3,2,0
17,260,2,1,1
17,299,1,1,0
17,501,2,1,0
17,635,6,4,2
17,684,2,0,2
17,99,4,0,4
17,621,1,0,1
17,663,1,0,1
17,1046,2,0,2
17,515,1,0,1
17,273,1,1,0
17,2732,1,0,1
17,878,3,3,0
17,1142,2,2,0
17,534,2,1,1
17,1251,4,1,3
17,2861,2,2,0
17,231,1,0,1
17,503,3,0,3
17,2554,2,1,1
17,1171,1,1,0
17,770,2,1,1
17,779,1,0,1
17,1413,1,0,1
17,3132,1,1,0
17,1341,1,1,0
17,815,1,1,0
18,1,11,4,3
18,101,17,9,3
18,7,15,8,4
18,238,18,13,3
18,74,13,8,0
18,216,4,4,0
18,19,44,20,18
18,107,19,7,8
18,258,13,4,7
18,169,3,3,0
18,184,8,2,3
18,53,32,18,11
18,156,29,18,10
18,56,40,15,24
18,52,10,7,3
18,234,14,7,6
18,16,17,8,5
18,75,18,10,6
18,523,16,7,6
18,246,12,5,2
18,97,19,16,2
18,143,19,10,9
18,296,5,2,2
18,170,19,13,3
18,15,10,7,3
18,207,53,24,20
18,32,7,4,1
18,496,2,1,1
18,483,10,3,6
18,314,17,9,6
18,147,16,10,5
18,81,24,12,11
18,34,17,10,6
18,26,41,21,15
18,196,9,6,3
18,123,18,15,3
18,14,8,3,4
18,105,22,13,5
18,218,29,19,5
18,310,28,9,16
18,320,4,2,1
18,159,26,12,9
18,18,270,110,127
18,339,1,0,1
18,144,11,9,2
18,82,5,4,1
18,157,8,3,3
18,281,22,14,7
18,36,19,11,7
18,197,19,5,8
18,60,35,19,13
18,282,7,2,4
18,12,13,7,4
18,59,21,11,7
18,11,9,5,3
18,78,10,7,3
18,0,7,2,4
18,199,36,21,10
18,145,14,8,6
18,301,21,12,6
18,318,17,13,2
18,501,9,5,4
18,429,4,3,0
18,85,6,5,0
18,294,15,9,4
18,534,6,4,1
18,295,16,9,5
18,279,11,3,2
18,334,4,2,1
18,347,4,2,2
18,471,3,0,1
18,912,3,0,2
18,280,11,7,4
18,755,2,2,0
18,311,14,7,6
18,637,1,0,1
18,273,3,2,1
18,260,4,3,1
18,222,2,1,1
18,692,16,12,3
18,713,1,1,0
18,168,13,6,5
18,319,1,1,0
18,684,1,1,0
18,13,19,13,5
18,23,28,14,12
18,103,8,5,2
18,55,24,15,6
18,21,26,13,9
18,149,24,17,4
18,179,15,5,5
18,8,36,18,13
18,2,22,9,8
18,87,29,16,10
18,137,11,3,5
18,80,11,6,5
18,77,32,21,8
18,167,8,4,4
18,430,5,1,3
18,88,25,15,7
18,200,4,3,1
18,31,25,16,7
18,39,5,2,3
18,402,5,4,1
18,439,5,4,0
18,86,7,4,1
18,579,6,5,1
18,359,6,4,2
18,1090,1,0,1
18,652,2,1,0
18,300,5,3,1
18,115,4,4,0
18,93,7,5,1
18,432,3,2,1
18,256,12,8,4
18,341,5,3,0
18,426,4,1,2
18,158,12,5,5
18,25,27,16,7
18,299,4,3,1
18,376,6,2,1
18,61,33,20,8
18,17,19,11,8
18,30,12,8,4
18,146,10,6,1
18,9,19,8,7
18,83,6,3,1
18,695,16,8,3
18,445,8,4,3
18,176,10,6,4
18,24,23,16,6
18,277,15,7,6
18,360,5,3,0
18,33,28,14,10
18,333,6,3,0
18,215,12,6,1
18,890,2,2,0
18,230,7,2,4
18,461,4,3,0
18,113,3,0,3
18,84,15,8,6
18,772,5,3,1
18,57,36,21,10
18,121,15,10,1
18,58,15,8,3
18,171,12,5,5
18,327,13,10,2
18,297,1,1,0
18,930,2,1,1
18,293,6,3,1
18,118,8,4,4
18,688,4,0,2
18,707,5,3,1
18,699,7,4,2
18,850,5,4,1
18,716,7,6,0
18,208,4,4,0
18,379,10,4,5
18,98,4,3,0
18,419,5,3,2
18,37,5,4,1
18,240,6,5,0
18,336,4,2,2
18,106,10,8,1
18,390,8,2,3
18,408,7,3,4
18,584,4,2,2
18,40,7,5,2
18,28,11,6,3
18,104,6,5,1
18,312,5,5,0
18,148,12,5,6
18,51,46,21,18
18,324,3,1,0
18,415,5,3,0
18,667,1,0,0
18,542,3,1,1
18,76,10,8,1
18,1021,1,1,0
18,304,3,1,1
18,395,4,2,0
18,22,14,9,3
18,513,2,2,0
18,317,1,1,0
18,1195,1,0,0
18,380,1,1,0
18,675,2,1,0
18,678,2,2,0
18,399,6,3,1
18,272,5,1,3
18,386,11,6,2
18,659,4,0,1
18,625,3,1,1
18,340,2,2,0
18,741,3,3,0
18,1272,1,1,0
18,467,6,4,2
18,854,8,1,6
18,770,13,10,3
18,560,1,0,1
18,122,1,1,0
18,653,1,1,0
18,779,3,3,0
18,175,2,0,2
18,413,7,5,1
18,20,13,9,4
18,901,2,1,1
18,1267,1,1,0
18,109,4,3,1
18,259,7,4,3
18,508,7,6,1
18,397,1,1,0
18,666,1,1,0
18,518,2,1,1
18,608,2,2,0
18,619,1,0,1
18,374,2,2,0
18,381,6,5,1
18,706,7,3,2
18,781,2,2,0
18,792,1,1,0
18,609,15,8,5
18,836,2,1,1
18,1109,1,0,0
18,646,8,3,2
18,734,2,0,0
18,512,1,1,0
18,321,1,0,1
18,358,6,4,2
18,494,2,1,0
18,349,1,1,0
18,621,1,1,0
18,198,7,4,1
18,361,3,1,2
18,1031,1,0,1
18,181,1,0,1
18,99,1,1,0
18,1142,1,0,1
18,661,1,0,1
18,492,1,0,1
18,816,7,4,3
18,933,3,1,0
18,1127,2,0,1
18,2656,1,1,0
18,1121,1,1,0
18,396,1,1,0
18,638,1,0,1
18,231,18,3,13
18,878,3,0,2
18,673,1,0,1
18,2861,10,9,1
18,918,1,0,1
18,654,1,0,1
18,2639,2,0,2
18,663,1,0,1
18,2203,2,1,0
18,2296,1,1,0
18,2308,1,0,0
18,554,1,0,0
18,278,2,1,1
18,815,1,0,0
18,1149,1,0,0
19,1,15,11,1
19,13,9,4,4
19,81,19,11,3
19,87,50,29,17
19,101,19,12,6
19,26,6,2,4
19,7,23,14,7
19,123,16,12,2
19,105,18,9,3
19,238,21,12,7
19,137,29,17,4
19,208,8,4,4
19,84,35,18,13
19,170,10,3,6
19,310,78,35,30
19,300,14,7,2
19,144,23,12,5
19,82,11,7,2
19,175,12,6,5
19,59,7,6,1
19,358,15,6,6
19,169,9,7,1
19,103,10,6,3
19,156,14,12,1
19,55,15,12,3
19,197,14,6,2
19,21,14,10,4
19,430,13,8,2
19,88,20,13,4
19,282,10,3,4
19,272,10,4,5
19,57,24,13,7
19,75,13,9,3
19,121,13,8,1
19,256,11,6,3
19,19,158,92,47
19,146,12,8,4
19,78,2,1,1
19,494,10,8,2
19,498,3,2,0
19,52,49,15,26
19,512,4,3,1
19,0,9,6,2
19,399,10,7,2
19,426,13,7,3
19,240,13,6,2
19,145,9,6,3
19,246,19,7,5
19,560,4,2,2
19,97,8,6,1
19,147,12,6,5
19,31,10,7,3
19,312,7,3,2
19,429,4,1,3
19,85,10,5,0
19,294,14,8,5
19,598,2,2,0
19,347,12,9,3
19,584,6,0,5
19,445,21,13,7
19,259,10,4,1
19,324,5,3,2
19,207,44,18,20
19,258,9,5,2
19,410,4,4,0
19,461,7,4,1
19,511,1,0,0
19,280,10,6,3
19,273,4,2,0
19,115,7,3,4
19,86,5,4,1
19,380,1,0,1
19,499,1,0,1
19,321,12,8,3
19,168,17,8,5
19,663,1,1,0
19,666,2,0,1
19,667,2,2,0
19,314,39,12,18
19,542,6,4,2
19,624,3,2,1
19,319,1,0,1
19,179,13,5,4
19,304,9,6,1
19,18,29,10,12
19,277,22,5,9
19,98,6,3,1
19,83,5,1,3
19,36,17,6,7
19,216,19,14,4
19,432,7,3,2
19,149,26,12,8
19,234,11,4,6
19,37,9,7,0
19,513,4,3,0
19,143,8,3,4
19,534,5,2,3
19,295,13,9,2
19,374,6,3,2
19,230,7,4,2
19,912,8,4,3
19,470,3,2,1
19,755,1,0,0
19,637,8,3,4
19,940,1,1,0
19,659,10,6,2
19,483,9,4,1
19,340,6,4,1
19,462,6,4,0
19,998,1,1,0
19,8,10,5,5
19,93,6,5,0
19,58,13,9,3
19,184,4,4,0
19,359,12,7,3
19,196,15,6,7
19,334,6,4,1
19,80,4,3,1
19,333,3,1,1
19,53,9,6,2
19,60,18,11,4
19,554,1,1,0
19,301,6,3,1
19,471,12,6,5
19,25,19,11,5
19,76,10,8,2
19,104,20,11,5
19,148,10,6,3
19,320,4,0,3
19,159,29,18,6
19,107,15,9,4
19,9,15,7,7
19,61,5,2,1
19,379,17,8,3
19,56,23,11,9
19,199,15,8,3
19,106,16,9,5
19,30,26,12,12
19,890,2,1,1
19,439,10,7,2
19,361,14,4,6
19,414,3,2,0
19,32,13,10,2
19,1108,2,0,1
19,1126,1,1,0
19,1088,6,1,5
19,1062,2,0,2
19,28,12,8,4
19,278,6,3,2
19,74,19,13,6
19,77,29,15,11
19,167,9,4,2
19,327,12,8,4
19,674,2,1,1
19,260,5,3,1
19,176,16,9,7
19,23,22,14,5
19,16,10,4,4
19,20,4,3,1
19,24,20,11,5
19,413,9,0,4
19,336,7,5,2
19,200,5,2,1
19,109,6,4,1
19,279,11,1,5
19,918,1,1,0
19,734,1,0,1
19,390,3,0,3
19,198,7,4,1
19,1276,2,0,2
19,467,3,2,1
19,397,2,1,1
19,158,9,4,4
19,139,5,4,0
19,635,1,1,0
19,883,1,1,0
19,281,14,6,5
19,523,8,3,1
19,51,2,2,0
19,34,7,4,2
19,17,14,5,5
19,317,6,2,1
19,419,3,3,0
19,157,6,4,1
19,11,3,2,0
19,492,8,4,1
19,40,7,3,4
19,318,6,5,1
19,501,22,4,15
19,39,7,6,1
19,402,10,9,0
19,652,4,3,0
19,579,3,2,1
19,518,1,0,1
19,678,5,4,0
19,341,4,3,1
19,1423,3,1,1
19,15,3,1,2
19,2,4,1,0
19,1236,1,1,0
19,215,3,1,1
19,431,3,1,1
19,339,8,4,2
19,360,6,2,2
19,171,4,2,2
19,415,9,4,4
19,675,1,0,0
19,1021,1,0,1
19,638,4,0,3
19,408,7,5,1
19,362,4,2,1
19,296,3,2,1
19,1717,2,1,1
19,772,2,1,0
19,33,5,4,1
19,396,2,1,1
19,608,4,2,1
19,22,5,4,1
19,248,3,2,0
19,395,1,0,0
19,619,4,3,1
19,625,1,0,1
19,609,1,1,0
19,770,5,1,3
19,1109,2,1,0
19,218,1,1,0
19,706,2,1,0
19,699,3,1,1
19,580,1,0,1
19,311,8,6,0
19,222,5,3,1
19,700,2,2,0
19,864,5,1,2
19,122,6,3,2
19,854,3,0,0
19,816,1,1,0
19,293,1,1,0
19,692,1,1,0
19,2534,2,2,0
19,508,2,2,0
19,12,1,1,0
19,297,3,1,2
19,99,4,3,1
19,476,1,0,1
19,1357,2,1,1
19,1272,3,1,2
19,836,1,0,1
19,299,1,0,0
19,231,35,6,27
19,646,2,2,0
19,2526,1,0,1
19,688,2,0,2
19,1127,1,0,1
19,503,3,0,2
19,2945,1,1,0
19,777,1,1,0
19,716,2,1,0
19,695,1,0,0
19,781,1,1,0
19,2301,1,1,0
19,2089,1,1,0
19,717,1,1,0
19,1149,1,0,1
19,684,1,1,0
19,1341,1,1,0
19,621,1,1,0
19,1894,1,0,1
19,118,1,0,1
20,1,16,6,7
20,2,52,36,11
20,51,70,40,22
20,99,4,3,1
20,13,44,29,11
20,81,60,35,18
20,101,35,23,8
20,23,92,58,24
20,26,64,43,15
20,34,32,21,10
20,17,67,41,22
20,24,50,30,17
20,7,63,37,20
20,57,48,32,15
20,14,11,10,1
20,246,21,14,3
20,105,31,20,8
20,137,36,22,13
20,304,11,4,4
20,84,43,27,12
20,317,3,1,1
20,19,37,25,10
20,18,43,26,13
20,159,30,18,9
20,300,14,6,7
20,74,17,5,10
20,82,16,7,4
20,9,36,23,10
20,93,54,37,14
20,80,15,14,0
20,259,12,9,0
20,61,39,24,8
20,86,33,21,3
20,8,65,47,15
20,103,28,16,11
20,33,27,20,3
20,21,52,32,15
20,379,12,7,2
20,395,2,2,0
20,98,3,2,0
20,36,46,31,11
20,77,48,32,9
20,55,65,35,24
20,419,8,5,0
20,197,18,6,9
20,167,15,8,6
20,88,52,37,11
20,311,15,10,4
20,83,15,11,3
20,156,44,25,15
20,60,49,33,15
20,282,10,7,1
20,272,7,5,1
20,12,37,28,7
20,59,45,31,12
20,11,37,27,9
20,56,47,28,15
20,121,24,15,6
20,256,11,9,1
20,58,26,15,6
20,52,8,4,3
20,234,25,18,5
20,31,38,28,9
20,75,33,21,8
20,37,15,13,1
20,199,27,19,3
20,240,17,13,4
20,145,25,14,10
20,97,48,38,7
20,200,10,7,2
20,318,23,15,8
20,85,21,9,7
20,294,9,4,4
20,402,5,1,2
20,143,57,30,24
20,534,6,4,2
20,467,11,7,2
20,471,7,5,1
20,25,44,28,12
20,170,21,13,6
20,439,9,5,2
20,15,28,22,5
20,445,10,5,3
20,461,3,3,0
20,508,44,19,22
20,22,19,14,5
20,280,20,10,9
20,20,96,73,17
20,118,18,12,4
20,273,3,2,1
20,415,8,4,2
20,499,1,1,0
20,321,16,10,6
20,198,9,5,4
20,659,4,3,0
20,314,8,6,2
20,319,3,1,2
20,113,4,1,2
20,87,44,28,13
20,238,15,12,1
20,208,18,12,5
20,310,27,19,6
20,301,13,7,4
20,320,6,4,1
20,107,27,9,12
20,281,11,6,2
20,358,22,17,3
20,169,4,2,2
20,139,1,1,0
20,146,31,18,10
20,215,18,10,4
20,78,27,13,10
20,396,8,8,0
20,492,5,4,0
20,399,19,12,4
20,336,14,12,2
20,106,16,13,2
20,179,26,16,9
20,501,7,5,1
20,312,4,2,1
20,207,30,19,7
20,635,9,4,4
20,755,1,1,0
20,734,4,1,2
20,115,13,6,7
20,940,1,0,1
20,692,8,8,0
20,625,4,2,2
20,579,6,5,1
20,359,5,4,1
20,673,3,2,0
20,340,9,3,3
20,998,1,1,0
20,104,17,13,2
20,144,16,13,2
20,277,3,1,2
20,430,6,3,0
20,53,55,41,13
20,16,84,47,35
20,176,7,3,3
20,196,5,3,2
20,123,30,17,10
20,218,22,13,8
20,0,9,7,2
20,40,13,8,5
20,560,8,4,3
20,184,18,8,7
20,279,15,8,5
20,1119,2,1,1
20,157,18,12,5
20,168,31,19,10
20,700,5,3,2
20,862,1,1,0
20,1102,1,1,0
20,248,8,4,2
20,1021,15,11,2
20,1032,1,0,1
20,1148,1,0,1
20,149,11,7,2
20,32,26,17,9
20,175,4,2,0
20,854,4,1,0
20,408,4,2,1
20,30,24,17,4
20,374,4,3,1
20,258,18,10,8
20,511,1,1,0
20,28,29,21,7
20,76,7,3,4
20,432,5,3,1
20,512,1,1,0
20,426,9,7,2
20,638,8,6,1
20,470,2,1,0
20,147,17,14,3
20,109,13,5,5
20,297,9,7,2
20,39,5,3,1
20,295,15,7,6
20,296,6,4,0
20,410,1,0,0
20,361,4,3,1
20,542,2,2,0
20,883,1,1,0
20,148,19,13,5
20,171,6,4,1
20,381,3,3,0
20,925,3,3,0
20,716,3,2,1
20,333,15,7,2
20,494,4,3,1
20,523,11,7,4
20,554,2,1,0
20,431,4,3,1
20,347,8,5,3
20,324,3,3,0
20,621,2,1,0
20,667,1,1,0
20,678,6,3,1
20,695,5,3,0
20,386,17,13,4
20,483,21,12,7
20,1355,1,0,0
20,584,4,2,1
20,1195,1,0,1
20,341,2,2,0
20,390,9,4,5
20,1865,1,1,0
20,158,16,12,2
20,608,2,2,0
20,222,9,5,3
20,706,3,3,0
20,688,1,0,1
20,770,2,2,0
20,541,1,1,0
20,299,5,4,1
20,363,2,0,2
20,779,11,6,3
20,781,2,1,0
20,816,1,1,0
20,699,3,3,0
20,1109,6,3,3
20,1267,3,1,1
20,360,4,4,0
20,413,14,9,5
20,327,3,1,1
20,122,3,3,0
20,429,4,2,1
20,598,3,1,1
20,619,3,3,0
20,1143,3,2,1
20,216,7,4,3
20,293,4,4,0
20,707,1,0,1
20,792,2,1,1
20,675,2,0,1
20,609,4,2,0
20,339,8,5,2
20,334,3,3,0
20,230,3,0,3
20,666,4,2,2
20,1276,1,0,1
20,362,3,1,2
20,1133,1,0,1
20,815,1,0,1
20,1113,1,1,0
20,2534,1,1,0
20,260,2,1,1
20,513,1,0,0
20,503,3,3,0
20,1031,1,1,0
20,349,1,1,0
20,278,1,1,0
20,646,2,1,1
20,933,1,1,0
20,2732,1,0,1
20,231,2,1,1
20,181,2,1,0
20,1147,1,1,0
20,878,3,3,0
20,1251,1,1,0
20,2526,7,3,3
20,2855,1,1,0
20,2820,2,0,2
20,901,1,0,1
20,2861,3,1,1
20,515,1,1,0
20,1046,1,0,1
20,2554,2,0,2
20,2328,1,0,1
20,2203,2,1,0
20,2929,1,1,0
20,2586,4,2,1
20,1357,3,3,0
20,2945,1,1,0
20,2956,1,1,0
20,2301,1,1,0
20,3132,1,1,0
21,1,28,21,6
21,2,42,29,10
21,13,31,17,11
21,87,82,46,23
21,101,52,32,14
21,23,48,30,11
21,34,18,10,6
21,17,40,23,9
21,26,31,19,9
21,24,49,33,14
21,7,78,53,19
21,216,16,10,2
21,105,51,33,10
21,21,227,145,66
21,238,56,35,16
21,218,20,9,6
21,137,47,31,10
21,208,23,17,6
21,310,15,7,6
21,320,12,6,5
21,300,22,18,3
21,74,45,23,16
21,144,52,26,21
21,82,24,15,4
21,107,36,23,9
21,324,8,6,1
21,9,73,45,20
21,358,25,14,6
21,169,18,14,1
21,103,15,10,4
21,36,27,17,6
21,77,59,35,21
21,55,92,52,25
21,419,11,7,2
21,167,16,9,6
21,430,12,7,2
21,88,52,33,14
21,93,28,15,10
21,11,21,13,5
21,282,9,7,1
21,76,25,13,6
21,59,28,15,8
21,57,47,25,15
21,121,29,19,5
21,432,9,8,0
21,256,16,10,6
21,19,41,24,12
21,426,13,6,4
21,146,30,16,10
21,149,32,19,5
21,215,8,5,0
21,234,18,11,7
21,37,16,15,1
21,399,23,11,11
21,199,27,16,10
21,148,25,12,11
21,122,20,13,3
21,408,7,2,4
21,246,15,7,7
21,158,26,18,6
21,301,16,7,3
21,106,14,9,4
21,179,30,16,10
21,147,30,17,10
21,31,23,12,8
21,429,8,4,2
21,30,47,26,14
21,85,25,16,5
21,39,6,4,0
21,402,16,11,2
21,143,27,15,8
21,295,18,7,7
21,279,10,6,2
21,334,5,4,0
21,347,6,4,2
21,584,7,4,0
21,25,50,29,13
21,296,8,4,4
21,170,25,15,7
21,439,9,7,1
21,15,18,15,3
21,445,12,8,4
21,259,15,7,4
21,508,11,5,5
21,20,27,18,8
21,635,9,5,1
21,311,18,10,4
21,157,21,13,6
21,260,8,4,1
21,86,10,5,3
21,321,8,3,4
21,198,18,13,5
21,372,1,1,0
21,667,1,1,0
21,483,10,8,2
21,579,5,0,2
21,673,3,2,0
21,675,4,3,1
21,542,19,12,5
21,319,2,2,0
21,340,14,8,4
21,462,2,2,0
21,353,7,6,0
21,81,38,20,14
21,123,37,22,9
21,159,56,33,14
21,278,8,3,3
21,339,6,2,2
21,80,29,19,5
21,175,41,23,13
21,598,9,4,3
21,8,56,32,16
21,379,11,6,2
21,98,5,3,1
21,197,18,9,5
21,83,12,4,6
21,156,31,22,8
21,492,9,5,3
21,52,8,4,3
21,56,38,25,9
21,498,7,6,0
21,512,1,1,0
21,0,10,6,3
21,523,9,4,3
21,40,20,12,4
21,327,13,7,4
21,554,5,4,1
21,97,39,22,10
21,109,4,3,0
21,580,1,1,0
21,534,6,6,0
21,431,6,3,1
21,349,3,3,0
21,374,17,13,1
21,608,3,2,0
21,912,2,1,1
21,918,1,0,1
21,461,9,4,3
21,280,24,12,10
21,755,1,0,0
21,933,1,1,0
21,118,10,6,3
21,619,1,1,0
21,659,2,1,1
21,32,22,19,1
21,168,17,8,4
21,862,1,0,1
21,363,1,1,0
21,883,3,2,0
21,996,1,0,0
21,61,42,26,13
21,104,44,27,11
21,84,49,36,11
21,12,31,22,8
21,16,33,23,8
21,145,19,13,5
21,176,34,18,12
21,22,20,13,6
21,196,13,9,2
21,53,28,21,7
21,297,4,1,2
21,1062,1,1,0
21,51,38,22,11
21,18,22,15,4
21,360,11,8,3
21,415,17,8,5
21,33,26,15,9
21,78,16,8,6
21,75,27,15,7
21,336,5,0,4
21,513,7,5,2
21,294,12,7,5
21,207,25,14,4
21,1108,1,0,1
21,1091,1,0,1
21,1021,5,4,1
21,1119,1,1,0
21,640,1,0,1
21,1082,2,0,2
21,304,13,9,2
21,470,3,2,1
21,281,14,7,4
21,395,4,1,3
21,60,27,15,9
21,312,6,5,1
21,299,8,6,2
21,314,12,7,2
21,58,20,15,2
21,115,24,19,5
21,734,5,3,2
21,854,1,0,0
21,200,22,13,6
21,28,23,17,5
21,779,2,1,1
21,413,14,7,6
21,494,4,3,0
21,240,16,10,3
21,638,2,1,1
21,318,12,8,3
21,184,21,10,7
21,258,7,3,3
21,361,4,3,0
21,700,2,1,1
21,666,3,2,0
21,359,11,7,2
21,815,7,5,2
21,113,1,1,0
21,772,4,2,0
21,277,12,5,4
21,695,9,7,1
21,688,1,1,0
21,692,17,12,4
21,707,2,1,0
21,792,5,3,2
21,925,6,3,1
21,850,7,4,3
21,985,1,0,0
21,14,11,7,2
21,317,10,6,3
21,333,11,9,0
21,501,5,5,0
21,652,8,6,1
21,654,1,0,1
21,396,9,6,0
21,273,9,7,2
21,171,3,3,0
21,376,2,2,0
21,624,4,3,0
21,678,7,5,2
21,181,1,0,0
21,390,6,3,2
21,1895,1,0,1
21,1236,1,1,0
21,1195,3,3,0
21,1362,1,1,0
21,410,1,1,0
21,499,1,0,0
21,471,9,3,3
21,222,6,4,0
21,1865,1,0,1
21,397,1,1,0
21,272,4,1,2
21,139,6,3,2
21,625,3,3,0
21,770,3,2,1
21,230,4,1,0
21,781,2,1,0
21,706,5,2,2
21,816,2,0,1
21,293,5,4,1
21,467,6,1,4
21,414,1,1,0
21,661,3,1,1
21,518,1,0,1
21,386,4,2,2
21,560,1,0,1
21,699,3,3,0
21,836,1,1,0
21,1267,1,1,0
21,609,3,3,0
21,646,3,2,0
21,381,1,1,0
21,476,1,0,1
21,906,1,1,0
21,1113,1,1,0
21,1423,1,1,0
21,663,1,1,0
21,248,3,1,2
21,341,1,0,0
21,878,1,1,0
21,1142,1,0,1
21,362,1,1,0
21,1251,1,1,0
21,864,4,2,2
21,2526,1,0,1
21,2861,2,2,0
21,1157,1,1,0
21,1171,1,1,0
21,3132,2,1,1
21,637,3,2,1
21,945,1,1,0
22,1,5,1,3
22,87,10,7,2
22,101,13,10,2
22,23,15,5,8
22,104,10,8,2
22,137,26,15,8
22,144,9,6,0
22,107,11,7,2
22,360,12,7,3
22,9,27,17,10
22,358,6,5,1
22,21,6,2,1
22,12,11,6,3
22,146,11,6,3
22,0,7,4,2
22,145,8,3,4
22,560,13,7,3
22,318,4,2,1
22,429,1,1,0
22,467,1,0,1
22,25,13,8,4
22,296,10,5,3
22,410,3,2,1
22,260,4,2,1
22,397,2,1,0
22,2,5,4,1
22,24,14,8,5
22,123,22,14,6
22,238,9,5,2
22,320,3,2,1
22,159,17,8,7
22,103,6,3,3
22,197,7,3,2
22,692,1,1,0
22,282,17,10,5
22,272,9,7,1
22,57,14,10,3
22,56,10,4,5
22,523,4,2,2
22,171,4,3,0
22,246,4,2,2
22,301,7,3,3
22,312,4,2,2
22,580,1,0,0
22,85,26,15,8
22,295,6,4,2
22,431,3,2,1
22,347,3,2,1
22,230,8,3,4
22,259,20,11,7
22,207,5,3,2
22,311,5,3,2
22,118,1,1,0
22,115,4,3,1
22,415,11,7,3
22,940,1,1,0
22,414,2,1,1
22,483,4,3,0
22,359,4,0,3
22,22,31,16,11
22,196,11,8,2
22,105,13,9,3
22,310,8,5,2
22,374,7,5,2
22,8,7,6,0
22,36,20,14,6
22,413,3,1,1
22,430,3,2,1
22,93,3,1,2
22,53,5,4,0
22,121,11,5,6
22,432,2,1,1
22,149,10,5,3
22,215,5,3,1
22,40,6,3,2
22,106,9,3,5
22,147,11,7,3
22,200,5,4,1
22,402,6,4,2
22,598,4,2,2
22,176,11,7,3
22,280,2,1,1
22,621,2,0,1
22,273,3,2,1
22,390,1,1,0
22,157,5,3,1
22,675,1,1,0
22,542,5,4,0
22,1135,1,0,0
22,319,3,2,1
22,1102,6,2,4
22,1090,1,0,1
22,75,15,8,5
22,18,6,2,4
22,80,4,2,2
22,256,2,2,0
22,78,11,7,4
22,461,10,3,6
22,20,3,3,0
22,199,8,6,0
22,30,11,7,4
22,81,7,3,3
22,26,9,5,3
22,7,14,7,5
22,84,12,10,1
22,300,10,5,3
22,339,9,5,2
22,74,10,6,3
22,77,17,13,3
22,19,11,7,4
22,399,2,2,0
22,638,5,1,4
22,408,8,3,4
22,158,7,3,4
22,511,1,0,1
22,86,5,1,0
22,28,9,5,4
22,34,5,3,2
22,14,6,4,2
22,278,9,5,2
22,175,9,2,5
22,169,6,4,2
22,98,1,0,1
22,333,8,4,2
22,37,3,0,2
22,492,3,1,1
22,513,2,2,0
22,109,3,3,0
22,445,4,1,2
22,625,1,1,0
22,579,6,3,1
22,883,1,1,0
22,379,11,6,4
22,60,9,6,2
22,695,1,0,1
22,58,6,2,4
22,17,6,3,3
22,82,12,7,3
22,61,4,4,0
22,88,5,1,2
22,156,8,5,3
22,76,5,5,0
22,59,11,10,0
22,11,10,5,4
22,234,3,3,0
22,16,5,3,2
22,426,4,4,0
22,184,15,10,5
22,97,4,4,0
22,179,3,0,0
22,143,5,2,3
22,170,6,4,2
22,439,2,2,0
22,652,5,4,0
22,321,6,4,2
22,32,9,7,1
22,673,3,0,0
22,653,2,2,0
22,248,2,0,1
22,281,1,1,0
22,55,21,10,8
22,52,1,0,0
22,324,3,2,0
22,1236,1,1,0
22,304,4,1,2
22,584,4,3,1
22,678,6,5,1
22,13,6,5,1
22,327,4,3,0
22,501,1,1,0
22,534,1,1,0
22,314,1,1,0
22,1811,1,0,1
22,619,3,3,0
22,277,2,1,1
22,317,7,3,2
22,341,1,0,1
22,294,5,4,1
22,608,1,0,0
22,380,2,0,1
22,663,1,1,0
22,1091,2,2,0
22,512,4,4,0
22,508,6,2,2
22,258,2,1,1
22,386,5,5,0
22,167,3,0,3
22,31,6,5,1
22,361,4,2,2
22,362,2,2,0
22,168,3,1,2
22,51,3,1,2
22,240,2,1,1
22,122,5,3,1
22,222,3,1,2
22,198,2,1,1
22,218,6,4,2
22,336,6,4,2
22,33,4,3,1
22,297,1,0,1
22,340,2,2,0
22,554,3,1,2
22,39,1,0,1
22,777,1,0,1
22,779,2,1,0
22,471,3,1,1
22,299,4,2,2
22,216,3,3,0
22,279,1,1,0
22,334,4,1,3
22,15,1,0,1
22,1276,1,0,1
22,1133,1,0,1
22,419,2,1,1
22,815,1,0,1
22,494,1,0,1
22,666,1,0,1
22,208,3,3,0
22,659,3,2,0
22,148,4,3,0
22,139,1,0,0
22,518,1,1,0
22,1046,1,0,1
22,854,1,1,0
22,1171,2,2,0
22,376,1,0,0
22,878,1,0,1
22,2526,1,1,0
22,515,1,1,0
22,930,1,1,0
22,771,1,1,0
22,372,1,0,1
22,685,1,0,1
22,2360,1,1,0
22,609,1,1,0
23,1,44,34,6
23,2,50,30,14
23,106,20,14,4
23,81,73,44,21
23,87,91,49,32
23,101,75,51,14
23,23,332,180,121
23,168,25,12,7
23,28,51,27,17
23,59,31,23,8
23,196,19,6,10
23,24,77,46,24
23,7,94,53,26
23,80,21,13,5
23,123,52,35,14
23,104,32,14,7
23,238,43,21,12
23,218,43,23,16
23,137,86,50,24
23,0,20,15,2
23,84,132,71,43
23,310,22,9,9
23,317,12,8,2
23,159,43,19,19
23,300,31,15,10
23,339,11,5,4
23,74,30,12,14
23,82,19,9,6
23,55,96,55,28
23,107,55,32,12
23,175,14,9,4
23,85,18,7,5
23,358,23,14,5
23,169,12,7,1
23,103,29,20,7
23,147,38,22,14
23,395,20,14,2
23,98,2,1,0
23,36,56,35,15
23,77,100,65,29
23,413,23,11,7
23,197,26,11,11
23,21,53,33,12
23,167,39,22,13
23,430,12,4,4
23,88,58,29,24
23,333,22,10,7
23,93,30,16,9
23,53,49,28,13
23,156,38,20,16
23,216,20,14,4
23,272,62,30,29
23,12,36,22,14
23,57,74,37,30
23,11,13,9,3
23,78,34,17,14
23,121,49,28,16
23,256,41,25,9
23,146,25,13,7
23,149,35,22,10
23,215,26,11,10
23,492,10,7,1
23,399,40,21,12
23,199,75,41,22
23,40,36,20,14
23,240,99,39,40
23,148,35,23,10
23,145,60,36,19
23,122,10,5,3
23,408,19,7,9
23,246,26,13,8
23,97,19,13,5
23,158,30,20,8
23,301,27,12,13
23,200,20,16,2
23,109,12,6,1
23,31,46,31,11
23,297,10,5,5
23,580,4,3,1
23,30,40,19,17
23,39,18,10,6
23,402,8,7,0
23,143,62,30,24
23,184,19,8,7
23,295,18,13,5
23,374,14,10,3
23,467,17,6,9
23,347,9,2,6
23,25,87,46,33
23,170,45,28,11
23,299,11,4,4
23,324,9,4,3
23,22,28,16,10
23,99,7,3,3
23,311,29,19,8
23,157,26,17,6
23,86,21,9,6
23,499,4,2,0
23,414,7,4,2
23,32,36,31,3
23,496,9,5,2
23,667,16,7,4
23,483,13,7,5
23,314,15,6,5
23,542,8,4,4
23,319,4,2,2
23,353,5,5,0
23,13,36,20,12
23,34,35,25,2
23,208,32,22,9
23,320,11,6,4
23,278,5,3,2
23,144,37,24,7
23,360,13,6,4
23,8,51,23,23
23,60,64,41,17
23,76,27,13,7
23,19,59,36,19
23,234,22,11,9
23,396,5,2,0
23,336,20,14,5
23,327,20,10,5
23,638,7,4,2
23,294,13,6,4
23,431,7,4,2
23,349,6,4,1
23,598,8,5,3
23,279,26,13,12
23,230,14,9,5
23,139,4,1,2
23,280,20,14,2
23,654,3,1,0
23,621,7,7,0
23,755,1,1,0
23,734,17,8,6
23,637,2,1,0
23,390,15,6,7
23,692,7,4,3
23,713,1,1,0
23,659,11,6,3
23,700,2,0,2
23,579,6,2,3
23,376,6,3,2
23,462,2,1,0
23,972,1,0,1
23,998,2,0,1
23,51,42,24,13
23,17,40,26,10
23,26,50,27,19
23,9,47,24,19
23,20,41,24,16
23,75,46,20,16
23,37,33,21,7
23,584,12,10,0
23,652,6,3,1
23,207,36,19,14
23,359,11,4,6
23,340,12,8,2
23,554,6,4,2
23,179,28,17,11
23,318,37,18,15
23,259,21,11,5
23,105,48,28,11
23,304,10,5,3
23,18,33,25,6
23,61,34,21,10
23,281,26,13,8
23,512,3,2,1
23,56,85,46,32
23,282,18,7,5
23,1113,5,2,2
23,494,17,11,6
23,498,9,7,1
23,52,20,8,6
23,16,45,26,16
23,523,19,10,7
23,513,12,6,3
23,429,10,4,4
23,471,18,7,7
23,439,7,3,3
23,176,27,13,10
23,258,13,8,4
23,461,9,4,3
23,118,8,2,6
23,260,14,5,5
23,222,8,3,3
23,321,14,10,4
23,625,4,3,1
23,518,2,1,1
23,362,12,8,2
23,1102,3,3,0
23,1021,2,0,2
23,948,1,1,0
23,1031,1,1,0
23,1090,2,0,2
23,1088,1,0,1
23,1082,1,1,0
23,113,4,3,1
23,1148,1,1,0
23,426,14,11,1
23,312,19,8,4
23,296,12,8,3
23,470,2,2,0
23,410,4,1,2
23,273,11,6,1
23,419,41,20,17
23,334,12,7,4
23,445,13,7,4
23,695,5,5,0
23,706,7,5,2
23,534,8,5,2
23,918,1,0,1
23,379,17,10,4
23,432,7,2,5
23,619,11,6,5
23,14,2,2,0
23,277,8,4,1
23,171,15,8,4
23,560,4,1,2
23,608,3,3,0
23,115,17,10,7
23,415,11,4,4
23,674,1,0,0
23,815,4,3,1
23,883,3,3,0
23,781,2,1,1
23,688,7,6,0
23,850,1,1,0
23,831,3,2,1
23,1109,3,2,0
23,1267,5,3,2
23,58,31,23,5
23,341,5,5,0
23,511,7,5,1
23,635,4,1,3
23,198,17,11,5
23,1717,2,1,0
23,541,5,4,1
23,653,2,1,1
23,1423,2,1,0
23,361,10,4,5
23,624,5,5,0
23,1091,2,1,0
23,678,6,5,0
23,501,4,3,0
23,83,7,3,1
23,15,14,5,7
23,33,17,8,9
23,1195,2,2,0
23,1135,1,1,0
23,397,1,1,0
23,685,2,1,0
23,663,1,0,1
23,1276,2,1,1
23,386,12,6,6
23,772,3,1,1
23,741,2,1,0
23,933,2,1,1
23,925,1,1,0
23,1203,1,1,0
23,581,1,0,1
23,1166,1,1,0
23,673,4,2,1
23,675,2,2,0
23,293,5,3,1
23,901,3,3,0
23,854,3,2,1
23,699,7,2,4
23,380,7,4,3
23,666,4,2,2
23,864,3,2,1
23,248,3,1,2
23,181,2,2,0
23,684,2,1,0
23,707,2,2,0
23,792,2,2,0
23,646,5,3,1
23,816,3,2,1
23,381,4,2,2
23,508,9,3,6
23,476,1,1,0
23,1133,3,1,1
23,503,1,1,0
23,890,1,0,0
23,609,2,0,0
23,836,1,1,0
23,515,4,1,1
23,1127,3,0,2
23,912,1,0,1
23,231,4,2,2
23,878,4,2,1
23,1149,1,1,0
23,2855,2,2,0
23,2861,1,1,0
23,770,1,0,1
23,930,1,0,1
23,2639,2,0,1
23,716,2,0,1
23,2296,1,1,0
23,661,2,0,2
23,771,1,0,1
23,2308,1,1,0
23,2301,2,2,0
23,779,1,1,0
23,2534,1,0,1
24,1,34,24,4
24,51,18,11,2
24,13,20,10,8
24,101,33,18,13
24,23,36,23,10
24,17,16,11,2
24,26,19,8,6
24,24,215,113,80
24,80,29,18,7
24,123,29,18,8
24,105,106,69,27
24,218,16,5,9
24,84,39,25,12
24,320,6,3,2
24,300,31,20,8
24,230,175,64,81
24,339,98,39,42
24,144,32,19,8
24,82,38,23,10
24,277,25,8,10
24,9,22,13,7
24,175,25,17,5
24,281,13,6,4
24,8,12,6,5
24,103,36,23,11
24,379,30,18,8
24,98,4,2,1
24,55,26,16,8
24,197,37,21,12
24,21,27,12,8
24,430,13,8,3
24,88,24,14,8
24,439,14,7,6
24,333,25,10,7
24,216,27,17,6
24,78,24,12,9
24,12,13,4,7
24,11,5,3,1
24,432,13,5,4
24,256,44,26,10
24,234,7,4,2
24,16,20,12,6
24,37,14,8,2
24,512,48,25,13
24,0,35,18,13
24,199,16,12,3
24,426,66,41,16
24,534,71,41,26
24,148,39,22,14
24,171,6,3,2
24,122,19,13,4
24,246,62,41,12
24,106,20,11,4
24,513,40,17,13
24,179,18,10,4
24,147,14,10,4
24,200,20,12,4
24,109,28,14,7
24,31,25,10,13
24,312,44,18,19
24,85,18,12,2
24,402,33,21,9
24,347,17,8,5
24,471,31,23,4
24,170,42,22,8
24,176,24,15,7
24,139,8,1,7
24,207,16,6,5
24,20,10,7,3
24,621,18,10,5
24,157,10,6,3
24,415,13,5,6
24,222,25,12,7
24,380,22,10,10
24,32,43,36,5
24,496,2,1,1
24,667,5,2,1
24,362,16,11,3
24,319,3,1,1
24,2,12,7,2
24,81,35,20,13
24,87,39,20,12
24,36,30,13,10
24,34,9,5,3
24,238,22,10,8
24,137,54,30,19
24,208,31,14,14
24,304,11,7,0
24,310,18,10,5
24,18,16,6,5
24,159,59,28,19
24,278,11,3,5
24,419,7,2,2
24,156,19,6,10
24,282,15,7,4
24,272,7,6,0
24,76,18,12,5
24,57,31,19,9
24,56,46,22,20
24,121,30,17,11
24,396,7,4,1
24,492,7,6,0
24,40,33,13,15
24,554,3,1,0
24,158,40,24,10
24,501,6,0,1
24,580,4,1,0
24,295,12,4,4
24,374,24,11,11
24,467,13,8,4
24,608,12,3,5
24,296,25,9,13
24,324,3,2,0
24,476,5,2,3
24,115,10,4,6
24,390,7,2,3
24,940,1,1,0
24,361,9,3,5
24,713,1,1,0
24,675,5,4,1
24,363,1,0,1
24,972,1,1,0
24,30,36,16,16
24,461,12,5,4
24,340,33,17,8
24,674,20,4,11
24,215,18,8,5
24,25,24,15,5
24,259,16,4,5
24,28,47,27,18
24,196,32,11,16
24,7,56,27,20
24,74,27,13,10
24,360,18,8,5
24,358,20,12,8
24,167,13,7,3
24,60,31,20,8
24,1113,1,0,1
24,149,10,7,2
24,240,13,7,4
24,336,16,6,9
24,301,20,7,8
24,1133,3,0,3
24,918,15,2,12
24,22,23,17,2
24,118,3,3,0
24,273,4,2,2
24,321,12,7,4
24,659,12,2,8
24,663,12,5,5
24,518,9,2,5
24,359,6,3,1
24,673,7,4,1
24,1091,3,1,0
24,1102,3,2,1
24,1031,1,0,1
24,1090,3,2,1
24,1119,2,0,1
24,1171,3,2,0
24,104,20,12,5
24,341,3,2,1
24,317,10,3,5
24,107,27,12,10
24,169,6,3,0
24,498,3,1,1
24,395,5,4,1
24,77,55,24,26
24,19,23,14,5
24,146,12,6,4
24,75,24,15,8
24,145,25,13,11
24,327,11,3,5
24,260,11,5,5
24,294,16,9,5
24,470,5,1,0
24,511,8,5,0
24,397,8,6,1
24,579,3,2,1
24,399,18,7,9
24,184,14,9,3
24,334,46,21,16
24,99,5,1,1
24,408,14,8,6
24,706,3,2,1
24,143,18,7,10
24,734,24,8,14
24,685,1,1,0
24,372,3,3,0
24,661,3,0,2
24,429,9,7,2
24,59,13,9,4
24,494,14,6,7
24,52,7,2,2
24,523,15,11,4
24,638,3,1,1
24,598,6,4,2
24,39,11,3,3
24,431,6,4,0
24,349,14,10,4
24,584,2,1,1
24,414,7,2,4
24,445,9,5,4
24,299,5,3,1
24,508,10,7,3
24,258,27,16,6
24,86,7,2,4
24,700,4,3,1
24,1062,2,2,0
24,93,13,7,5
24,58,12,5,5
24,890,1,1,0
24,619,17,11,5
24,376,1,0,0
24,1147,1,1,0
24,318,8,5,2
24,930,10,2,6
24,688,17,4,10
24,792,1,1,0
24,777,3,1,2
24,609,1,1,0
24,198,9,7,1
24,314,5,1,2
24,542,7,4,1
24,678,8,4,3
24,1718,2,1,1
24,652,8,4,4
24,695,2,0,2
24,15,7,4,3
24,410,1,0,0
24,541,3,3,0
24,97,5,4,0
24,1236,2,0,2
24,14,2,2,0
24,499,3,2,0
24,624,6,6,0
24,560,1,0,1
24,413,13,6,2
24,297,7,4,1
24,1362,2,1,1
24,462,1,0,1
24,1355,1,0,0
24,653,1,1,0
24,280,5,2,2
24,33,7,3,2
24,61,5,2,1
24,1195,1,0,0
24,83,2,1,1
24,1865,1,1,0
24,483,5,2,3
24,1276,3,1,0
24,772,5,2,3
24,781,2,1,0
24,1272,9,1,8
24,293,6,3,1
24,311,9,4,5
24,581,1,1,0
24,707,3,2,1
24,850,1,0,0
24,716,10,4,4
24,831,1,1,0
24,248,5,1,2
24,279,13,4,8
24,666,1,0,0
24,864,1,0,1
24,1143,1,1,0
24,381,4,1,2
24,53,4,3,1
24,912,1,0,0
24,684,4,1,2
24,906,1,1,0
24,168,5,1,1
24,2169,6,1,5
24,386,3,1,2
24,1135,1,0,1
24,816,2,1,1
24,933,1,0,0
24,231,3,0,2
24,878,3,1,1
24,1149,1,0,1
24,515,4,2,1
24,854,2,0,2
24,1046,1,0,1
24,2945,1,0,1
24,948,2,0,1
24,771,2,2,0
24,646,1,1,0
24,779,1,0,1
24,2534,1,0,0
24,2639,1,0,1
24,635,4,1,2
25,1,18,12,4
25,16,19,11,5
25,81,40,23,15
25,87,43,26,5
25,101,63,37,14
25,17,18,10,4
25,137,50,34,9
25,7,55,35,12
25,104,55,30,16
25,238,33,21,8
25,208,38,20,14
25,143,26,18,7
25,84,74,47,18
25,310,14,5,4
25,317,20,11,7
25,320,10,4,2
25,300,18,12,3
25,278,8,4,4
25,339,12,7,2
25,74,17,11,5
25,144,26,18,7
25,107,26,16,8
25,277,25,13,9
25,360,10,6,1
25,376,8,4,1
25,281,13,4,1
25,379,26,17,7
25,98,6,5,0
25,36,20,15,3
25,402,20,9,6
25,25,481,243,186
25,77,66,38,19
25,55,78,48,23
25,419,12,9,2
25,167,25,10,11
25,430,15,10,0
25,88,32,18,4
25,333,13,7,2
25,156,18,12,4
25,222,16,8,3
25,60,17,12,3
25,216,20,13,3
25,272,9,4,3
25,59,13,8,3
25,57,42,25,12
25,19,39,21,7
25,146,20,13,4
25,75,12,8,2
25,37,18,11,5
25,399,22,13,5
25,199,28,18,5
25,40,26,16,5
25,240,19,11,5
25,171,6,3,1
25,408,8,6,2
25,246,28,17,3
25,534,8,4,2
25,158,31,18,9
25,106,7,5,1
25,513,5,4,0
25,179,12,3,5
25,312,17,10,2
25,429,21,12,7
25,30,44,21,18
25,85,17,8,3
25,431,46,25,16
25,374,17,10,6
25,598,13,7,5
25,279,14,7,4
25,347,6,4,2
25,170,42,24,10
25,176,22,13,5
25,259,16,4,8
25,470,1,1,0
25,324,10,6,0
25,258,12,5,4
25,511,5,2,0
25,361,10,4,2
25,32,32,27,2
25,663,4,2,1
25,314,5,3,0
25,362,7,4,2
25,673,14,7,4
25,248,5,2,1
25,14,4,2,0
25,105,47,29,12
25,159,42,32,7
25,80,12,9,3
25,93,18,11,3
25,56,27,12,14
25,121,29,12,12
25,498,4,2,1
25,52,8,4,2
25,234,10,3,6
25,396,7,2,3
25,638,7,2,3
25,554,24,6,11
25,890,1,0,1
25,334,9,4,2
25,608,9,5,1
25,139,18,8,8
25,508,13,5,3
25,207,18,10,8
25,621,1,0,1
25,755,2,2,0
25,260,5,1,3
25,692,3,2,1
25,321,17,6,7
25,713,3,1,2
25,198,6,1,4
25,666,1,0,1
25,674,1,1,0
25,862,4,2,1
25,340,8,4,1
25,462,3,2,0
25,883,2,1,1
25,13,10,5,0
25,28,23,12,8
25,18,16,10,4
25,175,42,26,9
25,103,18,7,5
25,413,18,9,7
25,149,28,16,6
25,145,40,20,17
25,184,6,2,2
25,359,11,4,4
25,196,11,6,4
25,82,16,8,1
25,197,12,9,2
25,282,9,2,5
25,76,13,7,6
25,295,6,2,3
25,471,18,10,3
25,51,7,4,3
25,23,33,17,11
25,34,17,9,5
25,26,23,18,4
25,24,39,17,15
25,123,19,14,5
25,218,14,8,3
25,9,36,23,11
25,8,25,20,4
25,97,16,7,8
25,432,15,8,5
25,58,13,12,1
25,215,16,7,5
25,426,15,12,3
25,147,31,20,7
25,200,17,12,3
25,31,20,11,8
25,580,3,2,0
25,39,14,7,5
25,230,5,1,2
25,439,7,5,2
25,280,8,4,3
25,118,1,1,0
25,273,13,5,7
25,115,11,6,4
25,157,5,4,1
25,619,5,3,1
25,414,5,3,2
25,372,4,3,1
25,496,2,1,1
25,483,7,2,2
25,1108,1,0,0
25,542,12,7,4
25,1091,3,1,1
25,1102,4,1,2
25,1031,1,0,1
25,304,7,5,0
25,169,5,2,0
25,395,5,2,3
25,21,20,13,7
25,148,37,23,12
25,327,21,13,5
25,122,13,9,3
25,294,8,4,2
25,584,6,2,1
25,415,24,15,5
25,61,13,9,1
25,256,19,8,5
25,78,16,10,4
25,358,8,3,1
25,0,10,4,3
25,336,13,6,6
25,467,9,6,2
25,390,8,4,2
25,707,7,4,3
25,854,12,6,4
25,716,3,2,0
25,494,13,8,4
25,301,21,13,6
25,296,11,7,2
25,445,7,3,1
25,299,5,2,2
25,22,10,4,3
25,311,9,4,4
25,659,10,2,6
25,579,8,3,5
25,461,8,4,3
25,86,7,5,1
25,397,4,2,1
25,168,6,5,1
25,667,2,1,0
25,318,5,5,0
25,925,2,1,0
25,609,2,1,1
25,1267,1,1,0
25,2,11,7,0
25,20,11,9,2
25,11,6,5,0
25,410,2,2,0
25,12,8,3,3
25,492,5,3,0
25,653,2,2,0
25,624,3,3,0
25,678,4,3,0
25,109,4,0,3
25,541,2,1,1
25,499,2,2,0
25,675,1,0,0
25,83,7,2,2
25,912,2,1,0
25,33,12,8,3
25,297,10,8,1
25,349,6,1,1
25,1362,1,1,0
25,1811,1,1,0
25,652,3,2,1
25,512,4,2,1
25,523,9,4,4
25,386,2,1,1
25,1021,1,1,0
25,772,5,1,4
25,781,1,0,1
25,1272,1,0,1
25,831,1,0,0
25,918,1,0,1
25,363,1,1,0
25,816,4,2,1
25,930,2,1,1
25,518,3,0,2
25,381,5,2,2
25,706,1,0,1
25,695,2,0,1
25,15,2,1,1
25,2537,2,1,1
25,53,11,5,5
25,815,2,2,0
25,734,7,3,3
25,684,3,1,2
25,1088,1,1,0
25,625,1,0,1
25,99,2,0,1
25,1135,1,0,1
25,933,2,0,1
25,770,1,1,0
25,2656,1,0,0
25,560,2,1,1
25,1142,1,1,0
25,878,6,4,1
25,688,2,1,1
25,901,1,0,1
25,2526,1,0,1
25,231,5,2,3
25,1127,1,0,1
25,2296,1,1,0
25,2929,1,0,0
25,646,3,2,0
25,948,1,0,1
25,771,3,2,0
25,2360,1,1,0
25,717,1,0,1
25,293,3,1,0
25,637,1,0,1
25,635,2,1,1
26,1,20,13,4
26,23,56,30,19
26,2,46,26,15
26,51,30,17,7
26,13,19,13,3
26,107,32,16,13
26,81,36,19,11
26,101,31,15,9
26,28,45,23,17
26,26,230,119,89
26,24,55,31,21
26,7,42,27,8
26,123,36,22,12
26,14,9,7,2
26,104,18,10,8
26,218,17,9,6
26,60,34,22,7
26,137,56,31,17
26,84,36,13,17
26,18,23,16,4
26,159,29,20,5
26,300,12,5,5
26,339,12,4,5
26,74,20,9,10
26,144,20,14,4
26,360,20,14,5
26,9,56,32,19
26,61,29,16,7
26,169,8,5,1
26,103,20,9,7
26,33,20,9,8
26,379,11,5,6
26,395,2,0,0
26,98,2,1,0
26,36,144,78,49
26,77,39,26,11
26,419,5,2,2
26,37,14,11,1
26,430,6,4,0
26,83,8,1,4
26,333,13,7,3
26,156,29,19,9
26,282,59,27,20
26,12,35,26,8
26,59,70,39,23
26,57,63,30,25
26,11,12,5,4
26,56,40,21,16
26,121,43,23,15
26,19,49,31,12
26,149,20,13,5
26,494,3,3,0
26,234,15,8,6
26,16,26,19,4
26,0,20,7,10
26,40,30,15,14
26,426,16,9,6
26,148,26,19,7
26,171,15,6,5
26,145,16,9,5
26,122,4,2,1
26,554,7,4,2
26,246,24,16,4
26,97,14,10,3
26,158,19,11,7
26,106,23,15,4
26,179,15,7,5
26,415,15,9,4
26,318,15,7,6
26,109,7,4,0
26,31,19,15,3
26,30,19,11,5
26,85,64,30,21
26,294,11,5,5
26,402,8,2,2
26,143,21,8,9
26,184,30,12,9
26,349,4,0,3
26,467,7,3,4
26,334,16,12,2
26,15,18,12,5
26,508,7,6,0
26,258,18,12,4
26,511,4,3,1
26,386,26,9,12
26,311,12,6,3
26,115,9,4,3
26,499,2,1,0
26,321,8,4,2
26,198,7,2,3
26,314,11,6,4
26,362,3,3,0
26,673,5,3,2
26,542,3,3,0
26,196,16,12,4
26,105,24,17,6
26,208,13,7,6
26,320,6,3,2
26,278,10,4,5
26,277,13,8,4
26,80,8,7,0
26,281,10,5,3
26,259,41,24,11
26,167,11,5,5
26,53,25,19,5
26,199,33,20,9
26,301,15,7,4
26,513,10,4,5
26,147,20,13,6
26,374,12,6,6
26,471,6,1,1
26,230,11,6,3
26,324,4,3,1
26,207,21,11,7
26,461,10,8,1
26,20,21,8,9
26,118,7,5,2
26,390,8,1,5
26,157,15,8,7
26,260,11,7,4
26,692,4,1,2
26,414,3,1,1
26,713,2,2,0
26,181,2,0,2
26,310,21,13,4
26,75,91,46,34
26,58,29,11,13
26,176,15,5,7
26,638,11,3,5
26,200,11,3,3
26,445,9,5,3
26,32,26,20,5
26,88,46,17,22
26,82,13,10,2
26,175,16,8,4
26,408,3,2,0
26,413,6,1,3
26,55,36,15,13
26,197,13,8,5
26,93,19,12,4
26,1032,1,1,0
26,76,13,11,2
26,256,18,12,4
26,78,33,18,12
26,240,10,2,5
26,39,9,4,3
26,483,11,5,5
26,25,30,17,9
26,170,16,7,6
26,22,56,33,18
26,476,2,2,0
26,933,8,4,3
26,361,4,2,1
26,86,7,3,4
26,372,3,1,1
26,168,15,8,5
26,496,1,1,0
26,518,3,1,1
26,359,8,3,4
26,1108,1,1,0
26,340,11,5,3
26,1102,10,6,3
26,1031,3,1,2
26,1090,1,1,0
26,1119,2,2,0
26,640,1,1,0
26,1126,1,1,0
26,1082,1,0,1
26,113,2,1,1
26,87,28,17,4
26,410,2,0,0
26,296,24,12,8
26,280,9,4,3
26,399,18,11,4
26,17,38,22,8
26,8,33,9,13
26,21,19,7,10
26,327,6,5,1
26,312,11,4,5
26,439,7,4,2
26,918,3,1,2
26,216,8,4,3
26,146,9,6,1
26,52,10,5,2
26,34,15,9,6
26,358,8,5,2
26,215,8,4,2
26,498,4,3,1
26,560,14,4,8
26,297,7,2,5
26,534,5,5,0
26,295,9,5,3
26,700,2,2,0
26,667,1,0,1
26,653,2,2,0
26,353,1,1,0
26,772,10,6,4
26,781,2,0,0
26,699,2,2,0
26,462,2,2,0
26,238,11,8,0
26,304,5,3,0
26,432,3,0,3
26,492,2,1,1
26,678,11,8,1
26,317,7,4,1
26,396,5,4,0
26,272,4,3,0
26,273,2,2,0
26,341,3,1,0
26,429,3,1,1
26,1195,1,0,0
26,347,10,4,6
26,598,3,2,1
26,608,3,0,2
26,222,10,7,1
26,523,7,4,3
26,376,2,0,0
26,248,6,2,4
26,293,8,7,1
26,925,1,0,1
26,850,2,1,1
26,2171,1,1,0
26,652,1,0,1
26,779,2,2,0
26,695,15,6,7
26,706,4,3,1
26,930,1,1,0
26,734,4,2,0
26,688,3,1,1
26,831,2,1,0
26,716,3,2,1
26,512,6,5,1
26,619,1,1,0
26,674,1,1,0
26,741,1,1,0
26,707,6,4,2
26,836,1,1,0
26,816,2,0,2
26,381,3,3,0
26,1109,1,0,1
26,431,3,2,1
26,279,8,3,5
26,336,7,4,3
26,912,1,0,1
26,661,1,0,1
26,1276,3,1,2
26,1133,1,0,0
26,1113,2,0,2
26,659,1,1,0
26,675,1,0,0
26,666,1,0,1
26,99,6,3,3
26,625,2,1,1
26,1046,3,1,2
26,319,1,1,0
26,1272,1,0,0
26,792,3,3,0
26,770,1,0,1
26,1171,5,4,1
26,584,1,0,1
26,231,2,0,2
26,1279,1,0,1
26,878,1,1,0
26,624,2,1,0
26,501,1,1,0
26,2861,1,0,1
26,2639,8,3,3
26,2945,1,1,0
26,646,6,4,0
26,685,1,0,1
26,635,1,1,0
27,1,3,2,0
27,75,7,5,1
27,51,9,6,3
27,17,11,7,2
27,218,3,2,1
27,310,3,2,1
27,167,3,3,0
27,76,5,3,2
27,56,5,4,1
27,259,4,2,2
27,374,2,2,0
27,22,5,2,2
27,311,2,1,1
27,362,1,0,1
27,137,10,4,4
27,107,6,3,2
27,277,2,2,0
27,175,2,2,0
27,281,4,3,1
27,197,6,4,2
27,156,12,7,2
27,19,9,5,4
27,146,5,2,1
27,396,2,0,0
27,37,3,1,0
27,523,4,1,1
27,399,4,1,0
27,327,4,2,0
27,390,2,1,1
27,86,1,1,0
27,414,2,1,1
27,248,1,0,0
27,837,1,1,0
27,74,7,4,2
27,12,1,1,0
27,301,3,0,0
27,24,4,1,3
27,81,2,1,0
27,105,5,2,3
27,360,1,0,1
27,199,10,7,3
27,408,6,3,3
27,513,1,0,1
27,31,6,6,0
27,30,4,2,1
27,115,6,1,5
27,32,1,1,0
27,376,2,1,0
27,1119,1,0,0
27,98,3,2,0
27,11,3,1,2
27,158,2,0,0
27,109,2,1,0
27,673,1,0,1
27,18,2,1,1
27,85,1,1,0
27,176,1,0,1
27,26,3,2,1
27,84,5,3,1
27,8,8,5,1
27,59,4,1,3
27,145,3,0,3
27,439,1,1,0
27,159,8,6,0
27,36,6,3,2
27,147,8,4,4
27,143,9,5,4
27,55,4,3,0
27,101,3,2,0
27,14,1,1,0
27,169,1,1,0
27,256,4,1,3
27,341,3,2,0
27,40,2,1,1
27,890,1,1,0
27,483,2,0,1
27,87,7,3,4
27,336,2,1,1
27,106,1,1,0
27,816,3,2,1
27,467,2,2,0
27,168,3,3,0
27,699,3,2,1
27,609,4,2,1
27,353,1,1,0
27,104,4,3,1
27,144,5,3,2
27,53,13,6,6
27,234,3,3,0
27,240,8,5,0
27,280,6,2,3
27,222,1,1,0
27,314,1,1,0
27,300,5,1,4
27,170,2,2,0
27,415,2,2,0
27,542,7,6,0
27,304,1,1,0
27,498,2,0,1
27,216,1,0,0
27,492,1,0,1
27,148,2,1,1
27,470,1,1,0
27,28,4,3,0
27,15,2,2,0
27,82,8,4,3
27,359,1,1,0
27,13,5,2,2
27,7,4,2,1
27,123,4,1,2
27,349,1,0,0
27,419,2,1,0
27,1021,1,0,1
27,238,3,1,1
27,88,5,3,2
27,282,3,0,0
27,584,1,1,0
27,296,3,1,0
27,324,1,1,0
27,77,8,3,4
27,25,5,1,3
27,149,2,0,1
27,171,2,2,0
27,208,2,1,0
27,21,3,2,1
27,317,3,2,0
27,0,4,2,2
27,279,1,0,1
27,230,1,0,1
27,361,2,2,0
27,179,2,0,0
27,380,1,1,0
27,246,1,1,0
27,347,1,1,0
27,52,1,1,0
27,16,1,0,1
27,97,2,2,0
27,1272,1,0,0
27,692,3,1,2
27,850,2,1,0
27,770,2,0,0
27,33,3,2,1
27,652,1,1,0
27,659,1,1,0
27,646,5,3,1
27,792,3,1,1
27,196,3,2,0
27,494,1,1,0
27,580,1,1,0
27,273,1,0,1
27,157,3,3,0
27,23,5,4,0
27,121,2,1,1
27,426,2,2,0
27,501,1,1,0
27,706,2,1,0
27,2,4,1,3
27,60,3,1,2
27,293,3,1,1
27,61,3,3,0
27,34,1,1,0
27,379,2,1,0
27,666,1,1,0
27,445,1,0,1
27,93,1,0,1
27,318,4,2,2
27,312,1,1,0
27,340,1,1,0
27,58,2,2,0
27,512,1,0,0
27,294,1,0,0
27,836,1,0,0
27,57,4,3,1
27,883,1,0,1
27,258,2,1,1
27,695,1,0,1
27,741,1,1,0
27,20,3,2,0
27,878,1,0,1
27,9,1,0,1
27,272,1,1,0
27,118,2,1,0
27,386,3,1,1
27,901,1,1,0
27,2861,1,1,0
27,515,1,1,0
27,688,2,1,1
27,1357,1,1,0
27,777,1,1,0
27,933,1,0,1
27,771,1,0,1
27,207,1,0,1
27,2360,1,1,0
27,619,1,0,1
27,321,2,2,0
27,637,1,1,0
27,945,1,1,0
28,1,5,3,0
28,13,2,1,0
28,23,10,6,3
28,28,318,158,118
28,17,5,4,1
28,104,8,4,2
28,36,10,9,1
28,137,63,25,24
28,84,15,8,4
28,339,12,4,6
28,82,7,4,3
28,277,12,4,7
28,9,11,6,4
28,175,18,6,7
28,169,4,2,0
28,103,12,8,2
28,55,15,8,4
28,430,13,7,4
28,216,5,5,0
28,56,12,6,3
28,58,6,3,3
28,149,13,5,5
28,215,10,3,5
28,498,2,0,0
28,75,10,6,4
28,372,6,2,4
28,0,17,9,5
28,40,42,18,17
28,240,7,1,5
28,179,7,5,2
28,312,9,4,3
28,429,1,0,1
28,349,4,1,1
28,374,29,18,9
28,598,3,1,2
28,347,12,8,2
28,230,16,10,5
28,296,27,14,6
28,176,12,6,3
28,299,5,3,1
28,410,1,1,0
28,415,21,14,6
28,321,2,2,0
28,32,27,22,2
28,496,1,0,1
28,340,10,5,2
28,353,2,2,0
28,81,29,14,9
28,7,15,11,4
28,123,23,14,8
28,208,14,6,7
28,93,11,4,5
28,320,15,10,2
28,278,47,21,11
28,360,17,8,7
28,379,13,6,5
28,156,6,4,1
28,282,18,6,7
28,272,6,2,3
28,59,4,3,1
28,57,14,9,5
28,256,24,11,9
28,146,8,4,4
28,234,10,5,4
28,396,1,1,0
28,37,3,2,1
28,512,16,5,7
28,399,10,4,4
28,426,24,14,6
28,327,12,8,3
28,246,13,6,6
28,97,7,4,2
28,301,17,6,9
28,147,11,6,4
28,200,5,0,4
28,318,7,0,5
28,31,13,7,5
28,580,1,1,0
28,143,10,8,2
28,431,8,4,2
28,467,2,1,1
28,912,2,2,0
28,470,2,0,2
28,654,4,2,2
28,260,6,3,1
28,713,3,3,0
28,198,6,4,2
28,663,4,3,0
28,542,2,1,1
28,376,3,1,0
28,462,2,2,0
28,640,1,0,0
28,295,4,3,1
28,34,8,6,2
28,24,18,9,9
28,439,8,3,2
28,105,26,19,4
28,310,10,4,4
28,74,14,8,5
28,144,14,10,4
28,77,18,12,4
28,413,13,7,2
28,197,14,9,4
28,167,6,2,2
28,88,12,7,5
28,60,7,5,2
28,76,7,4,1
28,1113,1,0,1
28,199,13,7,5
28,148,22,11,10
28,158,16,7,6
28,513,24,13,11
28,85,6,3,2
28,39,5,4,1
28,184,8,4,4
28,280,2,0,1
28,115,2,2,0
28,157,2,1,1
28,1127,1,0,1
28,1090,2,0,2
28,101,20,13,4
28,19,12,6,2
28,300,15,12,3
28,107,9,6,3
28,281,6,4,1
28,98,1,0,1
28,402,12,6,6
28,25,17,10,6
28,652,3,1,1
28,511,6,4,0
28,18,4,1,3
28,358,10,6,3
28,87,17,9,7
28,121,16,9,6
28,461,28,11,14
28,362,6,4,2
28,445,8,2,5
28,159,23,13,6
28,53,3,1,1
28,854,3,1,2
28,619,10,3,6
28,706,3,1,0
28,930,7,5,1
28,99,2,0,2
28,734,5,3,2
28,390,5,1,2
28,659,7,3,2
28,106,8,4,4
28,238,16,10,6
28,22,7,4,2
28,145,13,7,5
28,30,20,9,7
28,361,5,2,1
28,684,3,0,2
28,51,2,2,0
28,779,2,1,1
28,83,2,0,2
28,333,6,4,1
28,336,12,8,4
28,534,2,0,1
28,279,3,1,0
28,207,3,0,2
28,273,12,3,8
28,222,10,3,4
28,673,2,1,1
28,218,6,3,2
28,816,2,0,2
28,381,2,0,1
28,196,9,7,0
28,80,2,1,0
28,78,6,4,2
28,638,4,2,1
28,408,5,4,0
28,297,2,1,0
28,324,1,0,0
28,8,4,3,1
28,554,6,3,3
28,1091,1,1,0
28,678,6,5,1
28,471,6,4,1
28,359,5,2,3
28,624,4,4,0
28,584,5,3,2
28,432,8,5,0
28,52,2,2,0
28,170,11,8,2
28,541,4,2,0
28,499,2,1,0
28,492,8,2,3
28,21,8,7,0
28,304,2,0,1
28,16,2,1,1
28,109,8,7,1
28,637,2,1,0
28,675,4,4,0
28,317,15,7,3
28,334,7,4,3
28,667,3,2,1
28,20,4,4,0
28,653,4,3,0
28,674,1,1,0
28,608,6,3,2
28,311,6,2,2
28,483,5,2,0
28,380,8,3,4
28,1865,1,1,0
28,122,19,11,7
28,579,2,2,0
28,259,10,2,4
28,1276,3,0,3
28,294,2,1,1
28,395,1,1,0
28,1032,1,1,0
28,26,10,3,3
28,695,3,0,3
28,770,3,1,1
28,560,4,2,1
28,918,1,0,1
28,2171,1,0,1
28,61,3,1,2
28,171,9,4,5
28,508,6,2,4
28,139,3,1,2
28,621,2,1,0
28,864,1,0,1
28,319,3,0,2
28,494,4,1,2
28,258,5,3,1
28,688,5,1,3
28,1267,2,2,0
28,772,6,1,4
28,523,6,3,3
28,518,2,1,0
28,2,2,2,0
28,11,1,1,0
28,476,1,1,0
28,414,2,2,0
28,1088,3,1,2
28,86,1,1,0
28,625,1,0,0
28,1046,1,0,1
28,248,1,0,1
28,168,1,1,0
28,933,1,0,1
28,386,7,3,2
28,666,1,0,1
28,293,1,1,0
28,901,2,1,1
28,501,1,1,0
28,2639,1,0,1
28,1357,1,1,0
28,2308,2,2,0
28,609,1,1,0
28,831,1,0,1
28,1272,2,2,0
28,948,1,1,0
28,1082,2,1,1
28,2301,1,1,0
28,700,1,0,1
28,1102,1,1,0
28,12,1,1,0
28,635,1,0,1
29,1,1,1,0
29,105,6,3,1
29,137,7,4,1
29,304,1,1,0
29,84,4,4,0
29,74,5,4,0
29,277,6,4,2
29,360,1,0,0
29,395,3,2,0
29,430,4,2,0
29,158,3,2,0
29,106,3,1,1
29,334,2,2,0
29,176,6,3,3
29,410,3,1,1
29,321,3,1,0
29,2,4,2,1
29,208,5,2,2
29,512,1,1,0
29,167,2,2,0
29,59,2,2,0
29,78,2,1,0
29,37,1,0,0
29,523,1,0,0
29,426,5,4,1
29,200,3,2,1
29,85,2,1,1
29,467,1,0,0
29,230,4,2,2
29,170,6,4,2
29,259,3,0,1
29,207,2,2,0
29,713,1,1,0
29,659,2,1,1
29,196,2,1,1
29,7,6,4,2
29,1102,1,1,0
29,87,4,4,0
29,310,3,0,0
29,281,2,0,0
29,358,3,2,0
29,272,1,0,0
29,146,1,1,0
29,336,1,1,0
29,397,3,2,0
29,9,4,3,1
29,23,3,1,2
29,143,2,1,1
29,82,4,3,0
29,103,2,0,1
29,379,3,1,2
29,199,2,1,1
29,145,3,2,0
29,327,4,1,0
29,246,4,3,0
29,294,2,1,1
29,13,1,1,0
29,159,5,2,2
29,98,1,0,0
29,419,1,0,0
29,88,3,2,0
29,282,3,1,1
29,57,3,2,1
29,19,2,2,0
29,494,1,0,0
29,40,3,1,2
29,31,4,1,3
29,402,3,2,1
29,184,3,2,1
29,296,1,1,0
29,86,1,1,0
29,198,3,2,0
29,362,4,1,0
29,104,2,2,0
29,156,1,0,0
29,301,2,2,0
29,179,3,2,0
29,25,4,3,0
29,707,2,1,1
29,854,1,0,1
29,1109,1,1,0
29,24,3,3,0
29,175,4,2,1
29,93,1,0,0
29,216,2,0,0
29,109,2,1,1
29,168,1,0,0
29,147,1,0,0
29,471,2,0,1
29,148,1,1,0
29,76,2,0,0
29,318,3,1,2
29,598,1,0,0
29,81,3,0,1
29,8,2,2,0
29,431,3,1,1
29,222,1,1,0
29,498,2,0,0
29,492,1,1,0
29,429,1,0,0
29,361,1,1,0
29,667,1,0,0
29,432,2,1,0
29,349,3,1,0
29,51,2,1,1
29,36,2,0,1
29,75,2,1,1
29,101,9,8,0
29,18,3,3,0
29,234,1,1,0
29,157,1,0,0
29,678,1,0,0
29,17,1,0,1
29,413,1,1,0
29,0,2,0,1
29,60,1,0,0
29,56,4,1,2
29,399,1,1,0
29,554,1,0,0
29,933,1,1,0
29,560,1,0,0
29,772,2,1,1
29,317,1,1,0
29,273,4,3,1
29,256,2,1,0
29,781,1,1,0
29,30,2,0,1
29,293,1,1,0
29,850,1,1,0
29,312,2,1,1
29,299,1,0,0
29,1276,1,0,1
29,862,1,0,1
29,319,1,1,0
29,279,1,0,0
29,20,2,1,0
29,34,1,0,1
29,61,1,0,0
29,706,1,0,0
29,58,4,1,2
29,770,1,0,0
29,320,2,2,0
29,461,2,2,0
29,107,2,1,0
29,815,3,1,1
29,1113,1,1,0
29,83,2,0,1
29,144,1,0,1
29,238,2,1,1
29,12,2,1,0
29,684,1,0,0
29,278,2,1,1
29,39,1,0,1
29,77,2,1,0
29,1357,1,1,0
29,218,1,1,0
29,359,2,0,0
29,542,1,0,1
29,280,1,1,0
29,878,1,0,1
29,171,1,1,0
29,692,1,1,0
29,16,1,1,0
29,415,6,3,0
29,511,1,1,0
29,2861,1,1,0
29,121,1,1,0
29,53,2,2,0
29,646,1,0,0
29,699,1,0,0
29,52,1,1,0
29,122,1,0,0
29,408,2,1,1
29,673,1,0,0
29,619,1,1,0
29,930,1,1,0
29,333,1,1,0
29,374,1,1,0
29,300,1,0,1
29,21,1,1,0
29,28,1,0,0
29,139,2,1,1
29,115,2,1,1
29,55,1,1,0
29,258,1,0,1
29,685,1,1,0
30,1,10,7,3
30,196,49,18,22
30,238,34,23,8
30,218,11,5,3
30,137,28,17,6
30,84,20,11,6
30,320,5,5,0
30,339,8,2,2
30,358,34,14,14
30,8,5,1,4
30,103,26,15,8
30,419,2,0,0
30,16,1,1,0
30,523,10,6,3
30,240,6,2,2
30,294,10,5,4
30,408,11,5,4
30,246,12,5,3
30,106,5,2,2
30,513,3,1,0
30,39,11,3,5
30,402,12,9,3
30,143,6,3,3
30,295,13,5,4
30,279,18,10,6
30,347,30,18,11
30,230,20,8,8
30,299,8,6,0
30,461,11,2,4
30,273,8,5,3
30,380,10,6,3
30,619,22,12,8
30,499,1,1,0
30,198,4,2,1
30,483,3,3,0
30,362,9,6,1
30,81,16,10,6
30,87,22,16,6
30,17,3,2,0
30,123,4,3,1
30,105,31,14,11
30,310,13,5,7
30,159,49,27,16
30,278,7,2,3
30,144,40,23,11
30,82,45,24,13
30,107,5,3,2
30,277,9,5,3
30,80,1,0,0
30,379,25,11,12
30,197,17,9,6
30,430,10,4,3
30,0,39,14,18
30,216,50,29,15
30,121,5,3,0
30,256,14,6,5
30,78,10,6,3
30,52,6,1,2
30,234,4,2,2
30,399,10,5,3
30,40,6,3,3
30,336,10,5,5
30,171,19,13,3
30,554,6,2,3
30,158,18,8,5
30,179,12,9,2
30,200,14,8,1
30,109,17,7,3
30,31,8,3,4
30,431,10,5,2
30,349,7,4,2
30,374,8,4,4
30,467,6,3,2
30,598,1,1,0
30,334,15,6,3
30,471,24,12,4
30,584,9,4,3
30,608,9,6,1
30,170,36,17,15
30,541,2,2,0
30,508,3,1,1
30,207,9,4,3
30,637,2,1,1
30,115,2,1,1
30,940,1,1,0
30,361,12,6,4
30,397,5,5,0
30,659,35,15,16
30,32,14,9,2
30,372,5,1,3
30,661,4,2,0
30,667,2,1,0
30,542,7,3,3
30,462,1,1,0
30,837,1,1,0
30,996,1,0,1
30,300,41,26,13
30,340,7,4,0
30,21,13,7,4
30,30,174,81,68
30,674,3,2,1
30,13,2,1,1
30,101,14,6,7
30,24,5,2,2
30,74,12,3,7
30,360,6,2,2
30,175,8,3,3
30,77,15,5,8
30,272,10,5,4
30,57,4,3,1
30,56,18,9,8
30,432,44,25,6
30,494,11,5,4
30,498,8,4,4
30,512,5,3,0
30,85,4,2,1
30,296,7,4,2
30,470,3,3,0
30,511,1,1,0
30,654,1,1,0
30,621,3,2,1
30,311,10,4,5
30,222,16,7,5
30,496,1,1,0
30,359,8,3,3
30,1133,2,0,1
30,1102,2,0,1
30,1127,4,3,1
30,1031,1,0,0
30,1119,1,0,1
30,1126,1,0,1
30,1062,3,2,1
30,1148,1,1,0
30,145,5,3,1
30,327,13,4,5
30,23,6,4,2
30,7,21,10,9
30,281,2,0,1
30,55,8,2,4
30,167,6,1,2
30,19,12,7,4
30,60,10,7,2
30,282,5,3,1
30,215,6,3,1
30,426,12,8,2
30,122,9,3,4
30,312,5,4,1
30,25,16,7,6
30,439,8,6,2
30,321,11,4,4
30,1276,6,3,2
30,304,4,2,2
30,149,9,5,2
30,36,3,1,2
30,199,6,2,1
30,429,1,1,0
30,176,9,6,2
30,415,8,4,2
30,86,3,1,2
30,413,6,4,0
30,76,2,2,0
30,318,1,1,0
30,381,4,1,2
30,609,1,1,0
30,37,1,0,1
30,147,6,2,4
30,104,12,4,4
30,208,13,8,5
30,93,2,2,0
30,675,4,2,0
30,1147,3,1,1
30,638,4,1,2
30,317,4,1,3
30,258,5,2,1
30,579,5,2,3
30,301,4,2,2
30,534,7,4,1
30,333,1,1,0
30,781,1,0,0
30,28,15,8,5
30,148,7,4,2
30,297,3,1,2
30,157,1,1,0
30,33,5,2,2
30,75,1,1,0
30,692,1,0,0
30,706,3,2,1
30,816,3,2,1
30,716,2,0,1
30,831,1,0,0
30,918,4,2,1
30,864,2,1,0
30,88,5,1,3
30,139,7,5,1
30,9,8,6,1
30,280,3,1,1
30,741,6,3,1
30,688,2,0,0
30,20,2,1,0
30,146,3,2,1
30,83,2,1,1
30,445,1,1,0
30,61,1,0,1
30,395,1,1,0
30,184,1,0,0
30,734,3,2,0
30,260,1,0,1
30,18,2,2,0
30,59,4,1,1
30,259,6,2,4
30,99,2,1,1
30,663,1,1,0
30,341,1,0,1
30,53,1,1,0
30,51,1,1,0
30,707,1,0,1
30,1171,1,0,1
30,560,1,1,0
30,231,1,0,1
30,878,2,2,0
30,386,2,1,1
30,156,1,0,1
30,901,1,1,0
30,2089,2,0,1
30,2946,1,0,0
30,948,1,0,0
30,22,2,1,1
30,390,1,0,1
30,1236,1,1,0
30,2534,1,1,0
30,854,1,1,0
30,700,1,0,0
30,717,3,1,0
30,685,1,1,0
31,1,5,3,2
31,101,10,6,4
31,137,7,5,1
31,310,8,2,3
31,144,15,10,3
31,277,10,5,5
31,167,3,2,1
31,282,3,0,3
31,215,5,3,0
31,0,12,8,1
31,523,10,7,3
31,399,10,4,5
31,246,6,2,2
31,106,7,3,2
31,109,10,5,4
31,534,11,8,3
31,431,3,3,0
31,598,1,1,0
31,279,3,1,1
31,230,6,2,4
31,461,1,0,1
31,22,2,0,1
31,541,2,2,0
31,32,6,3,3
31,340,10,3,6
31,105,12,5,5
31,218,15,7,7
31,339,4,1,2
31,82,9,4,2
31,80,2,1,1
31,83,2,0,1
31,93,5,4,1
31,146,3,0,3
31,158,7,3,4
31,31,241,116,94
31,39,9,4,5
31,912,1,1,0
31,918,2,2,0
31,170,22,12,9
31,311,6,1,2
31,222,10,4,3
31,692,3,2,1
31,619,2,2,0
31,414,1,1,0
31,659,6,2,2
31,667,2,1,1
31,640,8,4,3
31,998,1,1,0
31,300,19,14,4
31,652,1,1,0
31,81,11,7,4
31,88,6,3,2
31,2,2,2,0
31,13,5,2,2
31,87,14,9,5
31,23,7,2,5
31,304,4,1,3
31,84,12,4,8
31,18,5,2,3
31,159,19,10,4
31,74,5,2,3
31,9,5,2,2
31,358,14,6,7
31,379,11,5,4
31,36,5,3,2
31,77,12,6,5
31,197,8,3,5
31,430,8,4,4
31,53,6,6,0
31,156,7,3,2
31,272,3,2,1
31,57,11,6,5
31,56,20,7,12
31,121,6,3,3
31,19,4,1,2
31,58,4,3,1
31,75,8,3,3
31,199,10,4,4
31,336,16,9,7
31,97,3,0,0
31,179,6,2,3
31,318,13,8,5
31,297,2,1,1
31,295,5,2,2
31,445,1,0,1
31,470,3,2,0
31,299,7,3,3
31,207,4,0,4
31,118,2,1,1
31,157,3,2,1
31,198,4,3,1
31,359,2,1,0
31,1133,1,1,0
31,1091,1,1,0
31,1031,1,0,1
31,1119,1,0,0
31,1148,1,0,1
31,238,6,3,3
31,208,5,1,4
31,76,2,1,1
31,432,8,6,1
31,171,8,3,3
31,408,4,4,0
31,429,3,2,0
31,294,8,6,2
31,15,2,1,1
31,324,1,1,0
31,513,2,2,0
31,34,3,2,1
31,259,5,4,1
31,1276,16,7,8
31,374,7,3,3
31,28,6,6,0
31,24,12,5,5
31,494,8,6,2
31,498,5,4,0
31,234,2,1,1
31,580,1,1,0
31,30,16,5,8
31,143,5,4,1
31,349,3,1,0
31,883,2,1,1
31,51,6,4,1
31,16,6,3,3
31,816,5,5,0
31,25,9,4,4
31,930,4,2,2
31,777,2,2,0
31,395,2,1,1
31,216,7,4,2
31,149,5,2,2
31,501,1,0,0
31,663,1,0,0
31,1236,3,3,0
31,60,7,3,2
31,327,6,2,4
31,467,3,0,2
31,410,1,1,0
31,107,6,4,2
31,499,1,0,0
31,361,7,4,1
31,341,1,0,0
31,122,2,0,0
31,471,8,3,0
31,312,5,3,1
31,281,2,2,0
31,396,1,1,0
31,1021,2,0,2
31,317,1,1,0
31,1195,1,1,0
31,419,1,1,0
31,584,1,1,0
31,1423,1,1,0
31,7,6,2,4
31,347,13,6,7
31,426,3,1,1
31,661,1,0,1
31,512,2,1,1
31,320,1,1,0
31,1147,2,0,2
31,26,3,1,1
31,145,7,2,4
31,103,7,3,3
31,413,4,4,0
31,492,1,1,0
31,240,1,0,1
31,293,5,2,1
31,707,1,0,0
31,168,5,3,2
31,772,5,4,1
31,12,6,3,3
31,17,5,3,2
31,779,2,2,0
31,706,5,3,1
31,508,5,2,3
31,21,5,4,1
31,78,3,1,2
31,200,5,3,2
31,402,4,3,0
31,296,2,0,2
31,439,3,2,0
31,380,5,3,2
31,362,3,1,1
31,319,1,1,0
31,1143,1,0,1
31,123,3,2,1
31,864,1,0,1
31,55,9,6,2
31,301,7,3,4
31,381,5,3,2
31,61,5,1,1
31,147,3,0,2
31,258,5,3,2
31,688,2,1,1
31,699,2,2,0
31,11,1,1,0
31,734,3,2,0
31,621,1,1,0
31,609,1,0,0
31,518,1,0,1
31,175,2,1,1
31,415,3,0,3
31,33,2,0,2
31,476,1,0,0
31,503,1,0,1
31,700,1,1,0
31,542,2,1,1
31,115,2,1,1
31,674,2,1,1
31,196,5,2,1
31,638,3,2,1
31,579,1,1,0
31,390,2,1,1
31,360,1,1,0
31,372,1,0,1
31,695,1,1,0
31,148,6,3,3
31,560,3,0,1
31,260,1,0,1
31,878,3,2,1
31,280,1,1,0
31,52,2,2,0
31,792,1,0,1
31,334,1,1,0
31,2526,7,2,4
31,386,1,0,1
31,8,3,0,3
31,2861,1,1,0
31,40,5,0,4
31,831,2,1,1
31,654,1,0,1
31,933,1,0,1
31,770,1,0,1
31,1127,1,0,0
31,86,1,1,0
31,666,1,0,0
31,2203,2,1,1
31,483,2,1,1
31,2328,1,1,0
31,2929,6,3,2
31,2586,4,2,2
31,2308,1,0,1
31,2932,1,1,0
31,2935,5,2,3
31,59,2,2,0
31,256,3,0,3
31,781,1,0,1
31,862,1,0,1
31,321,1,0,1
31,278,1,1,0
31,99,1,0,1
31,717,2,1,0
31,684,1,1,0
31,608,1,0,0
31,646,1,0,1
31,716,1,1,0
32,1,2,2,0
32,339,1,0,0
32,295,1,0,0
32,619,2,1,0
32,32,101,73,16
32,238,2,1,1
32,512,2,2,0
32,240,1,0,0
32,259,1,0,1
32,659,2,1,0
32,60,1,1,0
32,197,1,1,0
32,216,2,2,0
32,336,2,0,2
32,301,2,2,0
32,374,22,14,2
32,933,2,1,0
32,673,1,1,0
32,1108,1,0,1
32,1102,2,1,1
32,137,4,3,1
32,360,2,1,1
32,121,10,9,1
32,471,3,3,0
32,494,4,1,3
32,40,1,0,1
32,312,1,0,1
32,30,1,1,0
32,431,1,1,0
32,278,2,2,0
32,139,1,1,0
32,496,1,1,0
32,542,1,1,0
32,145,2,2,0
32,281,1,0,0
32,256,1,1,0
32,511,1,1,0
32,399,1,1,0
32,299,1,1,0
32,461,2,1,0
32,1091,1,1,0
32,621,1,1,0
32,379,1,1,0
32,349,1,1,0
32,273,2,1,1
32,320,2,2,0
32,36,1,1,0
32,300,3,2,1
32,148,2,1,1
32,85,1,0,0
32,624,1,1,0
32,608,1,1,0
32,321,1,1,0
32,158,1,0,0
32,200,1,1,0
32,105,1,1,0
32,208,1,1,0
32,246,1,0,1
32,170,1,1,0
32,18,1,0,0
32,101,1,1,0
32,654,1,1,0
32,282,1,0,1
32,413,1,1,0
32,716,1,0,0
32,24,1,0,1
32,1157,1,0,1
32,498,1,0,1
32,327,1,1,0
32,81,1,1,0
32,734,1,0,0
32,402,1,1,0
32,334,1,1,0
32,25,1,1,0
32,230,1,1,0
32,426,1,1,0
33,1,7,4,1
33,28,10,6,4
33,34,13,8,5
33,86,11,8,1
33,13,13,9,4
33,77,18,11,4
33,101,12,7,2
33,58,12,10,1
33,17,10,5,4
33,144,9,7,0
33,24,10,6,3
33,7,11,9,1
33,123,15,10,4
33,104,4,2,1
33,105,7,6,0
33,238,12,6,2
33,157,10,7,3
33,137,12,9,2
33,304,11,5,1
33,84,17,8,8
33,310,5,3,1
33,317,3,2,1
33,74,18,8,8
33,82,10,6,1
33,107,16,9,6
33,360,3,2,1
33,80,8,4,4
33,175,1,1,0
33,149,10,4,5
33,169,4,1,0
33,8,10,5,3
33,103,17,10,5
33,379,6,4,0
33,395,3,0,1
33,98,3,2,0
33,36,8,7,1
33,413,9,3,2
33,55,16,10,2
33,21,12,6,6
33,430,6,4,2
33,333,6,3,3
33,93,13,7,5
33,156,17,13,4
33,60,9,6,2
33,282,2,1,1
33,59,10,6,4
33,25,16,11,4
33,121,11,8,3
33,19,20,13,6
33,146,8,4,3
33,498,3,1,0
33,16,11,7,4
33,37,7,5,2
33,492,12,5,3
33,311,9,4,3
33,0,6,5,0
33,199,9,7,2
33,240,6,3,1
33,145,6,4,2
33,327,4,1,1
33,560,4,2,1
33,158,13,7,3
33,147,13,7,6
33,318,10,8,2
33,312,5,4,0
33,30,13,6,3
33,85,10,1,4
33,294,8,6,2
33,143,7,5,2
33,467,8,5,3
33,340,11,5,1
33,230,4,3,1
33,170,7,3,3
33,259,8,1,4
33,410,1,0,1
33,414,1,1,0
33,397,1,1,0
33,661,1,1,0
33,314,4,3,1
33,579,2,2,0
33,542,6,5,0
33,376,12,5,5
33,218,7,3,4
33,320,3,1,1
33,56,14,8,6
33,215,5,1,2
33,494,3,2,1
33,52,4,4,0
33,584,5,3,1
33,912,2,1,1
33,207,10,2,5
33,692,7,2,3
33,361,3,1,0
33,168,12,8,4
33,51,10,6,4
33,88,15,10,5
33,359,18,11,4
33,53,9,5,3
33,301,3,1,1
33,295,12,7,3
33,81,15,10,5
33,23,15,10,5
33,26,11,5,4
33,18,15,9,3
33,159,12,9,3
33,197,6,5,0
33,167,6,4,0
33,78,7,0,6
33,336,4,3,1
33,97,7,5,2
33,501,3,3,0
33,184,4,3,1
33,431,2,1,1
33,621,1,0,1
33,118,5,3,2
33,198,7,2,4
33,1032,1,0,1
33,14,4,2,1
33,148,11,5,6
33,115,8,4,4
33,171,4,1,3
33,408,2,2,0
33,179,7,3,1
33,374,3,2,1
33,33,46,27,14
33,216,6,4,0
33,76,15,6,7
33,297,3,1,2
33,39,4,2,2
33,652,4,2,0
33,280,18,13,4
33,1147,1,1,0
33,31,7,2,4
33,850,1,1,0
33,2,10,6,4
33,87,16,11,3
33,300,5,4,1
33,278,3,2,1
33,324,3,1,1
33,362,4,4,0
33,281,6,5,1
33,462,1,1,0
33,176,5,2,2
33,11,7,4,2
33,234,2,2,0
33,40,6,1,3
33,415,3,2,0
33,1236,1,1,0
33,15,4,2,2
33,75,8,4,4
33,396,1,1,0
33,678,3,2,1
33,347,3,2,1
33,439,6,2,3
33,208,2,1,1
33,432,3,1,1
33,339,3,1,2
33,426,4,1,3
33,358,5,3,1
33,341,1,1,0
33,246,5,3,0
33,511,1,1,0
33,483,6,4,2
33,196,2,1,1
33,9,12,6,5
33,399,1,1,0
33,534,3,2,1
33,279,6,2,3
33,445,4,2,2
33,508,4,3,1
33,625,1,1,0
33,32,4,4,0
33,57,11,5,4
33,256,5,2,2
33,706,2,1,1
33,854,1,1,0
33,777,2,1,1
33,772,1,1,0
33,61,10,4,3
33,122,3,2,1
33,106,5,3,2
33,513,2,2,0
33,258,6,5,1
33,22,7,2,5
33,273,2,1,0
33,695,1,1,0
33,699,8,5,3
33,381,2,0,1
33,925,1,0,1
33,296,2,2,0
33,83,7,4,3
33,272,2,1,0
33,109,2,2,0
33,580,1,1,0
33,299,1,0,0
33,390,6,2,3
33,619,1,0,0
33,666,1,0,1
33,248,2,1,0
33,512,1,0,1
33,277,2,0,2
33,734,4,4,0
33,609,2,1,0
33,20,8,3,4
33,222,1,0,1
33,608,2,1,1
33,419,1,1,0
33,402,1,0,1
33,659,4,4,0
33,1021,1,0,1
33,181,1,1,0
33,906,1,0,1
33,598,1,0,1
33,673,2,2,0
33,200,1,1,0
33,99,1,1,0
33,12,2,1,1
33,646,5,1,2
33,836,1,1,0
33,113,1,0,1
33,523,1,1,0
33,139,2,1,0
33,2861,1,1,0
33,429,1,0,1
33,2203,1,1,0
33,2296,1,1,0
33,688,1,0,0
33,231,2,0,0
33,635,3,2,1
33,770,1,1,0
34,18,11,10,1
34,87,14,12,2
34,34,80,45,23
34,7,19,12,6
34,310,8,5,1
34,159,15,10,4
34,144,4,2,2
34,107,8,7,1
34,360,7,5,1
34,80,6,3,3
34,167,8,2,3
34,88,6,4,2
34,333,9,6,2
34,216,4,2,2
34,272,7,4,2
34,57,7,3,1
34,19,13,6,6
34,146,3,1,1
34,78,2,1,1
34,512,1,0,0
34,0,8,6,2
34,199,18,13,2
34,148,20,12,7
34,158,22,12,10
34,106,9,3,3
34,513,3,1,1
34,312,6,2,2
34,580,1,0,1
34,294,5,3,1
34,467,51,21,19
34,170,15,10,4
34,99,1,0,0
34,311,6,3,1
34,115,4,4,0
34,157,6,4,1
34,499,2,0,1
34,248,2,1,0
34,51,10,3,7
34,123,8,4,3
34,218,11,7,3
34,97,9,4,4
34,304,1,0,1
34,320,2,1,0
34,82,11,6,1
34,175,9,5,3
34,36,7,4,2
34,419,3,1,2
34,197,9,4,3
34,93,10,4,4
34,60,9,6,3
34,282,8,2,5
34,12,14,9,4
34,11,2,2,0
34,56,22,17,4
34,256,11,6,4
34,149,7,2,4
34,215,8,4,2
34,37,4,2,2
34,171,14,7,4
34,145,14,7,4
34,147,11,6,4
34,200,4,1,2
34,31,13,11,2
34,429,7,4,2
34,349,4,1,1
34,608,3,2,1
34,299,4,1,3
34,508,5,4,1
34,207,11,6,3
34,273,2,2,0
34,713,2,1,1
34,32,4,3,0
34,168,4,2,2
34,663,1,1,0
34,359,4,3,1
34,542,1,0,0
34,862,1,1,0
34,340,3,2,1
34,906,1,0,1
34,81,11,5,3
34,103,6,3,1
34,21,8,3,3
34,638,33,8,18
34,179,8,3,2
34,1,7,5,1
34,101,6,3,2
34,23,18,13,4
34,17,12,5,4
34,24,12,5,4
34,104,6,4,1
34,492,4,2,1
34,208,9,5,4
34,317,2,0,1
34,61,1,1,0
34,53,17,11,3
34,301,9,4,4
34,336,4,1,1
34,143,11,7,4
34,534,3,3,0
34,374,6,3,3
34,598,8,2,5
34,279,3,1,1
34,15,2,1,0
34,20,4,1,1
34,933,1,1,0
34,619,2,1,1
34,496,3,1,1
34,314,4,3,0
34,1091,1,0,1
34,1090,1,0,1
34,121,16,8,5
34,246,11,4,3
34,511,4,1,1
34,361,1,0,0
34,399,5,5,0
34,327,7,5,0
34,379,7,5,1
34,55,14,7,5
34,156,4,2,1
34,695,7,4,3
34,706,6,3,3
34,14,3,3,0
34,137,14,8,2
34,76,4,1,1
34,52,1,1,0
34,318,14,13,1
34,85,7,6,0
34,667,1,1,0
34,815,1,0,1
34,13,8,6,1
34,105,11,6,3
34,772,4,3,1
34,277,6,3,3
34,16,8,5,3
34,40,5,3,1
34,402,4,1,2
34,25,14,10,3
34,296,3,1,2
34,688,1,1,0
34,707,6,4,1
34,699,3,2,0
34,609,6,5,1
34,850,2,0,1
34,716,4,3,0
34,1267,1,1,0
34,426,8,5,1
34,408,2,1,0
34,109,3,1,0
34,297,1,0,1
34,541,1,1,0
34,198,3,2,1
34,483,4,1,2
34,579,4,1,2
34,238,7,2,1
34,621,1,1,0
34,678,2,1,0
34,439,4,2,1
34,415,5,3,0
34,169,2,1,1
34,77,13,7,6
34,59,4,2,1
34,75,4,4,0
34,445,4,2,1
34,675,3,3,0
34,1021,1,1,0
34,8,6,2,2
34,84,10,3,2
34,300,14,8,4
34,395,2,2,0
34,341,1,1,0
34,176,4,3,1
34,652,1,0,0
34,410,1,1,0
34,260,1,0,0
34,222,7,1,4
34,334,3,2,0
34,184,2,1,1
34,324,1,1,0
34,339,3,1,2
34,281,4,3,1
34,98,1,0,0
34,1195,1,1,0
34,234,4,3,1
34,240,8,7,1
34,74,5,2,2
34,83,3,1,2
34,431,1,1,0
34,661,2,1,1
34,347,3,1,2
34,471,5,1,1
34,196,5,4,1
34,413,4,3,0
34,635,1,1,0
34,295,2,1,0
34,674,1,1,0
34,386,4,2,1
34,321,6,2,3
34,659,2,1,0
34,523,12,5,6
34,777,1,1,0
34,280,2,1,1
34,293,5,3,2
34,30,12,5,4
34,581,1,0,0
34,28,6,6,0
34,26,9,8,0
34,122,1,1,0
34,734,1,0,0
34,901,1,0,0
34,432,2,1,1
34,554,2,1,1
34,2,3,2,1
34,494,1,1,0
34,362,7,4,2
34,381,2,1,1
34,741,1,1,0
34,781,1,0,0
34,22,3,3,0
34,33,3,2,1
34,58,5,3,1
34,646,6,3,1
34,854,2,1,1
34,9,8,5,3
34,380,2,1,0
34,376,1,0,0
34,498,1,1,0
34,259,1,1,0
34,118,3,2,1
34,2534,1,1,0
34,430,8,3,4
34,584,2,1,1
34,230,2,0,1
34,139,1,0,1
34,358,1,1,0
34,86,4,1,2
34,278,1,1,0
34,673,1,0,1
34,816,1,0,1
34,2656,1,0,1
34,258,3,1,2
34,770,1,1,0
34,231,4,1,3
34,1279,1,0,1
34,113,1,0,1
34,39,3,1,2
34,2855,2,2,0
34,2861,2,2,0
34,684,1,0,1
34,925,2,2,0
34,831,2,1,1
34,692,2,0,1
34,3132,1,1,0
34,1135,1,1,0
35,1,3,2,0
35,17,3,2,1
35,2,1,1,0
35,51,3,3,0
35,15,3,2,1
35,9,1,1,0
35,81,2,2,0
35,87,8,7,1
35,101,3,2,0
35,88,4,3,0
35,196,2,2,0
35,24,1,1,0
35,105,6,5,1
35,137,2,1,1
35,208,6,5,1
35,84,3,3,0
35,320,2,2,0
35,18,2,1,1
35,159,6,2,3
35,300,3,2,1
35,82,1,1,0
35,107,1,1,0
35,175,1,1,0
35,61,4,4,0
35,8,2,2,0
35,36,3,3,0
35,77,6,6,0
35,55,2,2,0
35,21,1,0,0
35,430,4,2,2
35,76,5,5,0
35,11,1,1,0
35,56,7,5,2
35,19,6,5,0
35,426,3,2,1
35,146,1,1,0
35,78,2,2,0
35,16,4,4,0
35,75,2,1,1
35,512,3,2,1
35,240,3,3,0
35,122,1,1,0
35,408,5,3,2
35,246,2,2,0
35,106,1,0,0
35,200,2,2,0
35,31,6,5,1
35,30,3,3,0
35,39,2,2,0
35,534,1,0,0
35,431,3,3,0
35,279,1,0,0
35,347,4,4,0
35,608,2,2,0
35,25,6,5,1
35,259,2,1,0
35,324,1,1,0
35,20,3,3,0
35,311,4,3,1
35,414,1,1,0
35,653,1,1,0
35,14,1,1,0
35,396,3,1,1
35,139,1,0,0
35,579,1,1,0
35,277,1,0,0
35,149,1,0,1
35,104,3,2,1
35,675,1,1,0
35,321,2,1,1
35,358,2,2,0
35,103,3,3,0
35,197,2,0,2
35,83,1,0,1
35,156,5,2,3
35,148,2,2,0
35,554,1,0,0
35,294,2,1,0
35,890,2,2,0
35,374,1,1,0
35,598,1,1,0
35,176,2,2,0
35,508,1,0,1
35,258,1,1,0
35,397,1,1,0
35,862,1,1,0
35,53,1,1,0
35,171,2,1,1
35,147,3,0,3
35,143,5,3,2
35,207,3,1,2
35,381,5,2,3
35,734,3,1,2
35,925,2,1,1
35,699,1,1,0
35,23,3,2,1
35,74,2,1,1
35,58,3,3,0
35,359,1,0,0
35,402,1,0,0
35,230,1,1,0
35,296,1,1,0
35,361,2,2,0
35,483,1,1,0
35,1718,1,1,0
35,57,2,2,0
35,28,2,1,1
35,341,1,1,0
35,33,1,1,0
35,13,1,1,0
35,40,2,2,0
35,85,1,1,0
35,299,1,1,0
35,281,1,0,1
35,34,1,1,0
35,179,2,2,0
35,256,2,1,1
35,816,1,0,1
35,707,2,0,0
35,199,4,2,1
35,121,1,1,0
35,310,2,1,1
35,97,1,0,1
35,854,3,2,1
35,609,3,1,2
35,26,2,1,1
35,170,1,1,0
35,293,1,1,0
35,770,1,1,0
35,836,2,1,1
35,60,1,1,0
35,59,2,2,0
35,692,2,2,0
35,652,1,1,0
35,1021,1,1,0
35,280,1,0,1
35,273,1,1,0
35,301,1,0,1
35,168,1,0,0
35,439,1,1,0
35,158,2,1,0
35,318,1,0,1
35,216,1,1,0
35,878,1,1,0
36,1,8,4,2
36,17,9,5,4
36,26,36,18,15
36,123,8,5,3
36,258,4,3,1
36,347,5,1,3
36,103,12,7,3
36,36,391,152,151
36,430,20,7,7
36,88,8,3,4
36,279,4,2,1
36,234,8,3,2
36,16,10,6,2
36,179,11,3,4
36,143,14,6,5
36,230,3,3,0
36,99,2,0,2
36,311,3,2,1
36,321,5,0,3
36,314,4,2,1
36,2,7,4,3
36,105,26,13,9
36,238,12,9,3
36,159,17,8,6
36,80,7,5,2
36,282,33,13,10
36,396,4,3,0
36,40,12,8,3
36,584,3,1,1
36,25,17,10,4
36,619,7,5,1
36,248,3,2,1
36,87,15,3,6
36,84,19,7,8
36,300,6,2,2
36,207,12,7,3
36,137,32,13,11
36,21,11,5,4
36,53,6,4,1
36,60,9,4,1
36,301,7,3,2
36,294,10,6,3
36,32,15,12,3
36,13,6,4,2
36,61,7,6,0
36,218,7,4,3
36,144,8,3,3
36,107,5,2,3
36,360,16,8,4
36,77,24,12,8
36,167,8,2,2
36,93,3,2,1
36,1113,2,2,0
36,52,4,2,0
36,75,30,21,8
36,148,15,6,6
36,171,2,2,0
36,327,6,3,2
36,158,8,3,1
36,106,12,6,4
36,318,3,2,0
36,297,4,1,3
36,312,15,6,1
36,85,16,7,6
36,402,4,3,1
36,374,7,4,2
36,296,17,8,6
36,445,5,4,1
36,259,14,4,8
36,22,16,8,6
36,118,1,1,0
36,86,5,2,1
36,713,3,1,1
36,372,1,1,0
36,496,1,1,0
36,1102,6,4,2
36,972,1,1,0
36,1090,2,1,1
36,1119,4,2,2
36,1126,1,0,1
36,1062,3,2,0
36,1171,6,3,1
36,51,6,5,1
36,101,11,6,2
36,7,16,8,5
36,82,6,5,0
36,9,13,6,6
36,146,11,7,3
36,200,7,3,2
36,470,2,1,1
36,280,3,1,1
36,198,3,1,1
36,23,19,15,4
36,56,12,8,4
36,121,15,4,4
36,168,4,2,2
36,196,9,3,3
36,18,9,8,1
36,278,7,3,2
36,339,7,4,1
36,175,6,4,2
36,358,5,5,0
36,55,9,4,3
36,197,7,3,2
36,695,12,4,5
36,512,6,3,2
36,295,1,1,0
36,467,3,0,0
36,918,1,0,0
36,734,2,0,0
36,685,2,1,0
36,854,1,0,0
36,659,3,1,2
36,81,5,1,3
36,28,21,12,5
36,310,9,4,1
36,74,7,6,1
36,169,3,1,0
36,272,4,1,3
36,76,8,2,1
36,59,9,7,2
36,57,18,9,5
36,523,5,4,0
36,336,3,3,0
36,408,7,2,3
36,246,16,9,4
36,513,3,3,0
36,147,12,5,3
36,30,7,5,2
36,431,3,1,2
36,608,5,4,1
36,170,6,2,1
36,439,3,2,1
36,299,2,1,0
36,508,5,4,0
36,415,7,2,3
36,380,3,2,1
36,14,5,5,0
36,216,6,2,2
36,341,5,1,1
36,638,2,2,0
36,139,1,1,0
36,20,3,3,0
36,359,4,0,2
36,772,5,3,2
36,277,5,2,1
36,379,16,7,6
36,208,3,3,0
36,511,3,2,0
36,678,10,7,3
36,498,3,2,0
36,11,4,1,2
36,461,3,0,2
36,499,1,1,0
36,176,15,5,5
36,145,4,2,2
36,340,8,3,3
36,34,3,2,1
36,8,7,4,0
36,324,5,5,0
36,83,2,0,0
36,19,8,3,4
36,333,10,6,3
36,281,3,0,1
36,97,1,1,0
36,1021,1,1,0
36,181,1,0,0
36,24,16,7,4
36,104,5,2,1
36,256,5,3,0
36,149,6,2,1
36,37,2,2,0
36,492,4,2,1
36,199,4,4,0
36,240,6,3,2
36,184,9,5,2
36,349,2,1,0
36,1362,1,0,0
36,273,4,2,1
36,462,1,1,0
36,1717,2,2,0
36,395,1,1,0
36,98,1,1,0
36,78,12,3,5
36,156,8,2,5
36,483,5,3,2
36,399,4,2,1
36,534,5,2,3
36,471,3,2,0
36,386,16,4,8
36,390,7,2,3
36,674,1,1,0
36,58,4,3,1
36,816,2,1,1
36,688,4,4,0
36,361,3,2,1
36,12,4,2,2
36,215,5,2,1
36,426,8,4,4
36,122,5,3,0
36,494,3,1,2
36,31,2,2,0
36,39,5,4,1
36,598,5,2,3
36,334,5,3,2
36,115,4,1,3
36,414,2,1,1
36,663,1,1,0
36,864,1,0,1
36,1276,1,1,0
36,673,4,3,0
36,157,8,3,3
36,362,6,3,3
36,413,1,1,0
36,0,3,1,2
36,501,1,1,0
36,667,1,1,0
36,706,4,1,0
36,560,4,1,2
36,781,2,2,0
36,646,6,3,2
36,293,1,0,0
36,609,2,1,0
36,222,4,1,1
36,2537,2,2,0
36,429,2,1,1
36,15,3,0,3
36,419,2,1,1
36,666,1,0,0
36,579,1,1,0
36,304,2,1,1
36,397,1,0,1
36,1357,1,0,0
36,1046,5,1,4
36,33,2,1,1
36,933,5,1,4
36,1127,1,0,0
36,836,1,0,1
36,381,2,1,0
36,231,2,0,2
36,684,1,0,1
36,1147,1,0,1
36,624,1,0,0
36,542,1,0,0
36,2526,1,0,1
36,2855,1,1,0
36,2639,7,5,2
36,878,1,0,0
36,2854,1,0,1
36,1272,1,1,0
36,771,2,1,0
36,2308,2,1,1
36,700,1,1,0
36,2089,1,0,1
36,518,1,0,1
37,1,37,22,8
37,87,22,13,6
37,24,29,21,2
37,104,10,8,1
37,238,19,11,3
37,208,5,4,1
37,84,11,8,1
37,324,7,4,2
37,74,10,7,3
37,8,15,12,3
37,144,14,10,2
37,360,3,2,1
37,358,5,5,0
37,395,2,2,0
37,197,6,4,1
37,88,11,7,2
37,340,3,2,1
37,272,1,1,0
37,149,8,4,3
37,327,6,5,1
37,31,9,7,2
37,30,4,1,2
37,39,5,4,1
37,467,2,0,1
37,334,3,2,1
37,347,7,3,2
37,584,4,2,0
37,230,1,1,0
37,508,2,1,0
37,410,3,0,1
37,621,1,1,0
37,222,7,5,2
37,314,3,1,1
37,579,6,3,2
37,362,2,1,1
37,353,2,2,0
37,123,13,6,4
37,82,3,1,1
37,37,97,65,20
37,296,3,2,1
37,692,2,1,0
37,713,2,2,0
37,2,20,14,4
37,81,14,6,5
37,85,6,3,1
37,17,16,10,2
37,18,17,8,5
37,9,9,5,2
37,175,7,7,0
37,103,4,2,1
37,77,17,12,4
37,55,20,15,4
37,93,10,9,0
37,179,7,3,2
37,57,36,22,7
37,56,10,6,1
37,184,5,4,0
37,170,8,5,1
37,176,12,7,4
37,652,1,1,0
37,359,2,2,0
37,101,22,12,5
37,21,14,9,2
37,333,8,4,0
37,53,7,5,1
37,60,14,9,0
37,295,1,0,1
37,118,2,0,1
37,23,34,25,7
37,34,8,4,3
37,137,20,7,10
37,171,1,1,0
37,281,7,6,1
37,83,3,1,1
37,432,2,2,0
37,146,6,1,3
37,16,17,13,2
37,75,11,8,2
37,199,35,24,10
37,426,8,6,0
37,145,8,6,1
37,97,5,5,0
37,349,3,1,1
37,15,11,8,2
37,207,5,4,1
37,22,6,3,2
37,157,4,2,1
37,518,2,2,0
37,1031,1,1,0
37,1082,1,0,1
37,13,15,10,2
37,28,11,7,3
37,379,3,2,0
37,430,5,3,1
37,12,12,7,4
37,19,17,10,4
37,246,4,2,2
37,106,8,4,1
37,109,3,1,2
37,294,3,2,1
37,259,6,3,1
37,415,3,1,0
37,61,11,7,2
37,399,3,3,0
37,32,5,3,0
37,168,3,2,1
37,277,1,1,0
37,196,2,1,0
37,121,6,3,3
37,301,1,1,0
37,320,1,0,1
37,779,1,0,1
37,159,15,6,2
37,0,1,1,0
37,299,1,1,0
37,311,7,4,1
37,273,2,2,0
37,700,1,1,0
37,26,5,3,1
37,240,8,5,0
37,297,1,1,0
37,293,2,2,0
37,156,9,5,1
37,11,9,8,1
37,256,1,0,0
37,215,2,1,0
37,78,3,1,1
37,148,5,3,1
37,115,3,2,0
37,695,1,1,0
37,511,3,0,0
37,105,5,5,0
37,498,3,1,0
37,76,8,5,2
37,341,5,3,0
37,318,5,4,1
37,25,22,11,6
37,169,6,4,2
37,36,23,15,4
37,396,4,2,1
37,312,2,2,0
37,678,4,2,1
37,51,18,11,4
37,304,5,4,1
37,7,16,8,2
37,317,1,1,0
37,98,2,2,0
37,143,8,3,3
37,310,9,7,2
37,52,1,0,0
37,339,2,2,0
37,80,4,3,0
37,413,3,2,1
37,167,5,3,1
37,234,1,1,0
37,431,3,2,0
37,280,5,3,0
37,541,1,1,0
37,419,1,1,0
37,624,1,1,0
37,59,5,2,1
37,408,3,1,1
37,279,2,1,0
37,258,1,0,0
37,376,3,2,0
37,14,4,3,1
37,300,1,1,0
37,58,9,4,1
37,501,1,0,1
37,147,3,3,0
37,471,2,1,0
37,523,2,2,0
37,772,1,1,0
37,878,1,1,0
37,278,1,1,0
37,107,6,5,1
37,1195,1,1,0
37,40,2,2,0
37,20,7,6,1
37,685,1,0,1
37,86,3,1,1
37,483,4,4,0
37,445,1,0,0
37,390,4,1,1
37,1865,1,0,1
37,542,2,0,2
37,706,1,0,1
37,659,1,1,0
37,282,1,0,0
37,494,2,0,1
37,554,1,0,1
37,461,1,0,1
37,646,2,1,0
37,734,3,2,0
37,99,2,1,1
37,386,1,0,1
37,361,1,1,0
37,218,2,2,0
37,381,1,0,1
37,688,1,0,1
37,781,1,1,0
37,699,1,0,1
38,1,1,1,0
38,2,5,2,2
38,156,2,2,0
38,11,3,3,0
38,118,3,3,0
38,51,15,8,4
38,13,7,6,1
38,87,1,0,1
38,17,10,7,2
38,26,5,5,0
38,14,6,6,0
38,304,2,1,1
38,107,1,0,1
38,360,1,0,0
38,358,2,1,1
38,8,8,5,2
38,692,11,5,2
38,83,2,0,1
38,53,18,13,1
38,76,2,0,2
38,12,2,2,0
38,59,2,1,1
38,523,1,0,1
38,106,1,1,0
38,513,1,1,0
38,496,1,0,1
38,31,1,0,1
38,534,2,2,0
38,170,1,0,1
38,508,1,1,0
38,207,2,1,1
38,755,1,0,0
38,86,1,0,0
38,666,1,0,1
38,353,1,1,0
38,81,2,1,1
38,123,1,0,1
38,21,3,2,0
38,88,4,4,0
38,144,2,1,1
38,25,5,3,1
38,34,2,2,0
38,925,3,0,2
38,24,3,2,0
38,84,3,2,1
38,33,1,0,1
38,60,2,2,0
38,57,5,4,1
38,695,5,4,1
38,58,6,5,1
38,707,1,1,0
38,208,1,1,0
38,19,1,1,0
38,23,2,2,0
38,501,1,1,0
38,7,2,1,1
38,61,14,8,3
38,16,3,2,1
38,467,2,1,1
38,218,2,2,0
38,18,3,0,2
38,171,2,2,0
38,318,5,5,0
38,646,7,4,3
38,147,2,2,0
38,9,1,1,0
38,148,1,0,1
38,30,2,2,0
38,609,3,2,1
38,772,1,1,0
38,75,2,1,1
38,97,1,1,0
38,280,1,0,0
38,15,1,1,0
38,159,1,1,0
38,20,2,2,0
38,56,3,3,0
38,199,5,2,1
38,240,1,1,0
38,74,1,1,0
38,2861,6,2,1
38,36,2,2,0
38,301,1,1,0
38,948,1,0,1
38,779,1,1,0
38,293,1,1,0
38,28,1,1,0
38,281,1,0,1
39,1,1,0,1
39,379,2,1,1
39,413,10,3,4
39,197,7,5,1
39,199,2,1,1
39,408,11,7,4
39,109,2,0,0
39,39,188,59,106
39,584,56,26,25
39,414,2,2,0
39,579,30,8,16
39,359,4,1,3
39,318,6,2,3
39,294,2,1,1
39,334,3,2,0
39,713,1,0,1
39,196,5,3,1
39,28,3,2,1
39,300,2,1,1
39,82,5,4,1
39,281,1,0,1
39,77,8,4,3
39,282,4,1,2
39,432,2,1,0
39,494,10,6,2
39,0,7,3,2
39,426,3,1,1
39,336,3,2,1
39,145,3,1,2
39,327,8,4,4
39,554,1,1,0
39,200,5,4,1
39,501,1,1,0
39,30,1,1,0
39,431,5,2,3
39,279,4,1,2
39,258,1,0,0
39,654,2,1,1
39,222,3,1,1
39,321,3,1,2
39,397,2,2,0
39,659,5,2,2
39,663,2,1,0
39,483,1,1,0
39,674,4,1,2
39,542,2,0,2
39,1127,1,0,1
39,1062,1,0,1
39,87,4,2,1
39,23,1,1,0
39,419,13,8,3
39,56,3,3,0
39,121,1,0,1
39,171,1,0,0
39,312,1,0,1
39,347,9,6,2
39,467,4,1,2
39,170,1,0,1
39,621,1,1,0
39,661,1,1,0
39,101,2,0,2
39,137,4,4,0
39,358,1,1,0
39,149,2,1,1
39,296,3,0,2
39,277,4,2,2
39,314,1,0,0
39,777,1,0,1
39,123,1,1,0
39,107,1,0,0
39,324,1,1,0
39,619,1,0,0
39,198,4,1,1
39,40,1,0,1
39,624,1,1,0
39,272,6,3,3
39,76,2,1,1
39,492,2,1,0
39,513,1,1,0
39,608,3,0,2
39,912,2,2,0
39,380,2,2,0
39,499,1,0,0
39,1236,2,1,1
39,208,1,0,1
39,84,2,1,1
39,1195,2,1,0
39,333,1,1,0
39,439,3,2,0
39,104,1,1,0
39,304,1,1,0
39,240,5,1,3
39,259,4,2,1
39,207,1,1,0
39,105,2,2,0
39,317,1,1,0
39,320,1,0,1
39,508,2,1,1
39,256,3,2,1
39,770,1,0,1
39,216,5,1,3
39,37,1,1,0
39,299,3,2,1
39,159,2,1,1
39,57,3,1,1
39,52,2,1,1
39,638,1,0,1
39,273,2,0,2
39,673,1,1,0
39,8,1,0,0
39,148,2,1,1
39,60,4,1,3
39,1267,1,0,1
39,816,1,0,1
39,646,1,1,0
39,854,1,1,0
39,246,1,1,0
39,534,1,1,0
39,230,2,2,0
39,139,4,1,3
39,518,1,1,0
39,684,1,0,0
39,301,2,1,1
39,361,3,3,0
39,310,1,0,1
39,81,2,1,1
39,360,1,1,0
39,430,1,1,0
39,147,1,1,0
39,461,1,0,1
39,234,4,2,2
39,218,1,1,0
39,115,1,1,0
39,1133,1,1,0
39,523,1,0,0
39,476,1,0,0
39,19,2,0,2
39,146,1,0,0
39,399,1,0,1
39,25,1,0,1
39,9,2,1,0
39,741,1,1,0
39,74,2,0,2
39,167,2,0,1
39,215,2,0,1
39,685,1,0,1
39,2296,1,0,1
39,158,1,1,0
39,831,1,0,1
39,402,1,1,0
39,667,1,1,0
39,144,1,1,0
39,339,1,0,1
39,374,1,1,0
39,700,2,1,1
39,278,1,0,1
39,122,1,1,0
39,637,1,1,0
39,864,1,0,0
39,31,1,1,0
39,1088,1,0,1
39,16,1,1,0
39,175,1,1,0
39,2534,1,1,0
39,61,1,1,0
39,635,1,1,0
40,1,1,1,0
40,7,2,2,0
40,105,7,6,1
40,137,11,4,6
40,317,5,3,2
40,282,7,6,0
40,52,1,0,0
40,0,3,0,3
40,399,2,1,1
40,40,175,86,69
40,327,2,0,2
40,408,2,2,0
40,445,1,0,1
40,115,5,3,1
40,260,1,1,0
40,361,4,0,3
40,372,2,1,1
40,362,4,3,0
40,87,6,1,3
40,24,6,2,4
40,208,7,4,3
40,159,8,3,4
40,278,10,4,4
40,144,5,3,0
40,360,15,7,8
40,175,13,3,5
40,56,4,2,1
40,256,9,5,3
40,494,1,1,0
40,426,4,2,2
40,336,3,2,1
40,513,17,9,8
40,147,2,2,0
40,200,7,4,3
40,374,9,4,4
40,467,2,2,0
40,598,3,1,1
40,279,4,1,3
40,334,5,0,4
40,906,1,1,0
40,84,3,1,2
40,74,3,3,0
40,145,4,3,1
40,461,39,16,16
40,339,4,3,1
40,156,3,2,0
40,57,7,2,4
40,121,9,3,5
40,294,6,4,2
40,560,1,0,1
40,359,4,1,3
40,638,2,2,0
40,402,2,1,0
40,349,2,2,0
40,415,6,4,1
40,659,4,2,2
40,663,3,1,2
40,700,1,1,0
40,1102,1,1,0
40,1090,1,0,1
40,310,6,2,3
40,76,1,0,0
40,512,7,4,2
40,158,7,5,2
40,431,7,3,1
40,1236,1,1,0
40,103,2,1,1
40,32,1,1,0
40,259,4,1,2
40,320,5,3,2
40,77,3,2,1
40,240,2,1,0
40,30,5,3,1
40,534,3,3,0
40,170,3,2,1
40,476,1,1,0
40,321,5,4,1
40,198,1,1,0
40,661,1,1,0
40,167,3,1,1
40,430,3,1,1
40,301,6,0,3
40,176,5,2,2
40,397,1,0,1
40,101,5,1,3
40,28,13,8,4
40,379,3,2,1
40,419,1,1,0
40,60,3,3,0
40,432,1,1,0
40,149,1,1,0
40,652,3,2,1
40,621,4,3,1
40,653,2,1,0
40,106,1,0,0
40,297,2,2,0
40,930,4,4,0
40,123,6,4,1
40,218,3,2,1
40,347,4,2,1
40,471,3,1,1
40,470,1,0,0
40,299,2,1,0
40,390,1,1,0
40,542,2,2,0
40,26,3,2,1
40,238,2,2,0
40,462,1,0,0
40,82,3,2,0
40,678,2,2,0
40,199,5,5,0
40,580,2,0,1
40,31,6,3,2
40,207,5,3,2
40,300,3,3,0
40,98,1,0,0
40,36,2,2,0
40,146,2,0,1
40,312,2,0,1
40,541,1,1,0
40,667,1,1,0
40,624,3,3,0
40,340,2,1,1
40,23,2,1,1
40,197,1,1,0
40,511,1,1,0
40,196,2,1,0
40,358,1,1,0
40,608,2,2,0
40,273,4,2,1
40,619,2,1,0
40,88,1,1,0
40,673,3,2,1
40,122,3,2,1
40,19,4,0,4
40,107,2,1,1
40,296,7,5,2
40,1362,1,0,1
40,222,3,2,0
40,413,2,0,1
40,216,3,0,3
40,864,1,0,0
40,674,2,2,0
40,862,3,2,1
40,319,1,0,0
40,376,1,0,0
40,386,2,0,2
40,53,1,1,0
40,781,3,0,3
40,688,3,1,2
40,381,2,1,0
40,33,3,2,1
40,75,1,1,0
40,39,2,1,1
40,148,2,0,2
40,22,5,4,0
40,1423,1,1,0
40,143,2,1,1
40,13,2,2,0
40,258,4,3,1
40,311,1,1,0
40,295,1,0,1
40,12,2,1,1
40,86,2,0,1
40,179,1,0,1
40,584,1,0,1
40,230,6,4,2
40,9,3,2,1
40,78,1,1,0
40,109,2,1,1
40,281,1,0,0
40,1272,1,1,0
40,646,1,1,0
40,792,1,0,1
40,81,1,0,1
40,854,1,1,0
40,55,2,1,1
40,25,2,0,1
40,59,1,0,1
40,215,3,1,1
40,80,1,0,1
40,554,1,0,1
40,508,3,3,0
40,772,1,0,1
40,706,1,1,0
40,85,1,1,0
40,685,2,1,1
40,716,1,0,1
40,1127,1,0,1
40,16,1,0,1
40,609,1,1,0
40,171,1,0,1
40,439,2,1,1
40,831,1,0,0
40,395,2,2,0
40,139,1,1,0
40,3132,1,1,0
40,234,1,1,0
40,918,2,0,1
40,684,1,0,0
40,429,1,0,1
41,1,1,0,1
41,277,1,1,0
41,341,1,0,1
41,75,2,1,1
41,362,1,1,0
41,121,1,1,0
41,755,1,0,1
41,158,1,0,0
41,25,1,0,1
41,24,2,2,0
41,157,1,0,1
41,97,1,0,1
41,168,1,1,0
41,314,1,1,0
41,145,1,1,0
41,508,1,1,0
41,26,1,0,1
41,358,1,0,1
41,40,2,1,1
41,699,1,1,0
41,2,2,2,0
41,498,1,1,0
41,147,1,0,1
41,340,1,1,0
41,159,3,1,0
41,57,1,1,0
41,199,2,1,1
41,143,1,1,0
41,318,1,1,0
41,12,1,1,0
41,361,1,1,0
41,87,1,1,0
41,9,2,2,0
41,31,1,1,0
41,101,1,1,0
41,7,1,0,0
41,673,1,1,0
41,310,2,1,1
41,21,1,0,1
41,53,3,2,1
41,333,1,1,0
41,51,3,1,2
41,280,1,1,0
41,854,1,0,1
41,55,1,1,0
41,512,1,0,1
41,28,1,0,1
41,175,1,0,1
41,18,1,1,0
41,61,1,0,1
41,17,1,1,0
41,256,1,0,1
41,39,1,0,0
41,56,2,0,2
41,399,1,0,1
41,20,1,1,0
41,156,1,1,0
41,609,2,1,1
41,113,1,0,1
41,850,1,1,0
41,430,1,1,0
41,2861,2,1,1
41,2554,1,0,1
41,84,1,1,0
41,379,1,0,1
42,1,1,1,0
42,24,5,2,3
42,408,1,1,0
42,324,1,1,0
42,196,1,0,1
42,105,2,2,0
42,238,2,1,1
42,339,2,1,1
42,207,3,3,0
42,1171,1,0,1
42,199,1,1,0
42,179,3,1,0
42,296,1,0,0
42,28,1,1,0
42,277,1,1,0
42,53,4,3,1
42,59,1,1,0
42,410,1,1,0
42,88,1,0,0
42,25,1,1,0
42,792,3,3,0
42,2,3,1,2
42,56,2,0,2
42,76,1,1,0
42,26,1,1,0
42,84,2,0,2
42,18,2,2,0
42,36,3,2,1
42,55,2,0,2
42,60,2,0,2
42,12,2,2,0
42,426,1,0,1
42,157,1,1,0
42,159,2,1,0
42,51,5,5,0
42,101,1,1,0
42,336,1,0,1
42,80,1,1,0
42,333,1,1,0
42,360,1,1,0
42,200,1,0,1
42,314,1,1,0
42,359,1,1,0
42,17,2,2,0
42,304,2,1,0
42,432,1,1,0
42,75,2,1,1
42,93,2,1,1
42,103,1,1,0
42,33,1,1,0
42,374,1,1,0
42,170,1,0,1
42,106,2,1,1
42,281,1,1,0
42,716,2,0,1
42,609,2,1,1
42,77,1,1,0
42,301,1,1,0
42,61,1,0,0
42,83,2,2,0
42,692,3,2,0
42,699,1,0,1
42,273,1,0,1
42,20,2,1,1
42,1021,1,0,1
42,39,1,1,0
42,419,1,1,0
42,646,3,1,2
42,156,2,1,1
42,15,1,1,0
42,57,2,2,0
42,107,2,1,1
42,695,1,0,1
42,508,1,0,0
42,659,1,1,0
42,259,1,0,1
42,542,1,0,0
42,13,1,1,0
43,1,1,1,0
43,25,1,1,0
43,200,1,1,0
43,700,1,1,0
43,81,1,1,0
43,1267,1,1,0
43,272,1,1,0
43,408,1,1,0
43,197,1,1,0
43,12,1,1,0
43,103,1,1,0
43,84,2,0,2
43,816,1,1,0
43,28,1,1,0
43,238,1,1,0
43,333,1,1,0
43,17,4,2,1
43,706,2,0,2
43,854,1,1,0
43,53,1,1,0
43,59,2,2,0
43,105,3,2,1
43,26,1,1,0
43,310,1,1,0
43,2,1,1,0
43,87,1,1,0
43,445,1,1,0
43,390,1,0,0
43,77,1,1,0
43,218,1,1,0
43,156,2,2,0
43,58,1,1,0
43,75,1,1,0
43,7,1,1,0
43,9,2,2,0
43,430,1,1,0
43,515,1,0,1
43,399,1,1,0
43,199,1,0,0
43,318,2,1,1
43,831,1,1,0
43,652,1,0,0
43,779,1,1,0
43,374,1,1,0
43,175,1,0,1
43,646,1,0,1
44,1,1,1,0
44,17,1,1,0
44,282,1,0,1
44,170,1,0,1
44,55,1,1,0
45,1,3,1,2
45,13,1,1,0
45,23,2,1,1
45,17,6,4,2
45,26,4,3,1
45,24,2,2,0
45,14,1,1,0
45,144,2,1,1
45,9,1,1,0
45,56,1,0,0
45,61,4,1,1
45,33,5,3,2
45,55,2,1,0
45,88,3,3,0
45,53,2,2,0
45,76,1,1,0
45,12,5,4,1
45,11,7,5,1
45,19,3,3,0
45,52,2,2,0
45,75,2,2,0
45,399,1,1,0
45,560,1,1,0
45,295,1,0,0
45,431,1,1,0
45,25,1,0,0
45,15,3,2,1
45,258,1,1,0
45,273,1,1,0
45,86,1,0,0
45,667,1,1,0
45,105,2,0,0
45,240,3,1,1
45,145,1,0,1
45,755,1,1,0
45,181,1,0,1
45,118,1,0,1
45,28,3,2,1
45,230,1,1,0
45,1021,1,1,0
45,2,3,3,0
45,159,3,2,0
45,137,1,1,0
45,8,4,3,1
45,59,3,3,0
45,199,2,2,0
45,51,3,3,0
45,143,1,0,1
45,170,2,1,1
45,207,2,2,0
45,716,1,0,1
45,104,2,2,0
45,74,1,1,0
45,77,2,2,0
45,97,3,2,0
45,598,1,1,0
45,652,1,1,0
45,334,1,1,0
45,695,1,1,0
45,58,3,3,0
45,101,2,2,0
45,304,1,0,0
45,147,1,1,0
45,156,3,1,2
45,7,2,2,0
45,98,1,1,0
45,294,1,1,0
45,390,1,0,1
45,83,1,1,0
45,216,1,1,0
45,57,3,1,0
45,426,1,0,1
45,707,1,0,1
45,84,1,0,1
45,301,1,1,0
45,646,7,2,5
45,609,2,0,2
45,167,1,1,0
45,429,1,0,1
45,18,1,0,1
45,341,1,0,0
45,20,1,0,1
45,115,1,1,0
45,318,4,1,3
45,901,1,0,0
45,925,1,1,0
45,430,1,1,0
45,218,1,0,0
45,87,1,0,0
45,439,1,0,1
45,381,1,0,1
45,692,1,0,0
45,21,1,1,0
45,734,1,1,0
45,580,1,1,0
46,1,1,1,0
46,144,2,1,0
46,82,1,1,0
46,115,1,1,0
46,699,1,0,0
46,277,1,0,0
46,259,1,1,0
46,23,1,1,0
46,1267,1,1,0
46,854,1,0,0
46,294,1,1,0
46,36,1,1,0
46,716,1,1,0
46,28,1,1,0
46,77,1,0,0
46,25,1,0,1
47,1,2,1,0
47,104,1,0,0
47,148,3,2,0
47,184,2,0,0
47,168,1,0,0
47,13,3,1,0
47,87,5,1,0
47,196,2,0,0
47,105,4,1,0
47,159,5,2,0
47,107,1,0,0
47,8,2,1,0
47,167,1,0,0
47,40,4,0,0
47,31,6,1,0
47,347,2,0,1
47,667,1,0,0
47,579,1,0,0
47,972,1,0,0
47,200,1,0,0
47,499,2,1,0
47,430,1,0,0
47,327,1,1,0
47,470,1,0,0
47,415,6,0,0
47,779,2,0,0
47,281,4,0,1
47,19,4,1,0
47,512,2,0,0
47,426,1,0,0
47,143,3,2,0
47,431,2,1,1
47,374,1,0,0
47,445,1,0,0
47,652,1,0,0
47,324,1,1,0
47,663,1,0,0
47,24,1,0,0
47,238,1,0,0
47,18,1,0,0
47,61,2,1,0
47,358,1,0,1
47,419,1,0,1
47,695,2,0,0
47,52,1,0,0
47,16,4,1,0
47,75,3,1,1
47,240,4,2,1
47,301,2,1,0
47,106,2,0,0
47,147,2,0,0
47,402,1,0,0
47,170,4,1,0
47,207,1,0,0
47,258,2,1,0
47,734,6,1,1
47,310,1,1,0
47,300,4,2,0
47,144,2,0,0
47,82,3,2,0
47,98,2,0,1
47,216,3,0,0
47,121,3,0,0
47,199,6,1,0
47,246,2,2,0
47,179,1,0,0
47,294,2,1,0
47,534,1,0,1
47,659,1,0,0
47,675,1,0,0
47,1718,1,0,0
47,492,1,1,0
47,299,1,0,0
47,158,2,1,1
47,76,1,0,0
47,80,1,0,0
47,55,1,0,0
47,197,3,1,0
47,25,3,1,0
47,7,1,0,0
47,296,2,0,0
47,77,5,0,1
47,26,1,1,0
47,334,1,0,0
47,74,4,1,1
47,30,4,0,0
47,176,1,0,0
47,314,1,1,0
47,84,2,0,0
47,60,1,1,0
47,293,2,0,0
47,707,1,0,0
47,28,1,0,0
47,58,1,0,0
47,471,1,0,0
47,33,1,1,0
47,297,1,1,0
47,256,2,0,0
47,97,2,1,0
47,85,2,0,0
47,901,3,2,0
47,706,4,1,0
47,51,1,0,0
47,381,1,0,0
47,333,1,1,0
47,171,2,0,0
47,741,2,0,1
47,1272,1,0,0
47,854,2,1,0
47,699,2,0,0
47,609,2,0,0
47,53,2,0,0
47,878,1,0,0
47,716,1,0,0
47,317,1,0,0
47,646,2,0,0
47,439,2,0,0
47,311,2,1,0
47,515,1,0,0
47,312,1,0,0
47,23,1,0,0
47,17,1,0,0
47,925,1,0,0
47,523,2,0,0
47,56,2,1,1
47,122,1,0,0
47,101,1,1,0
47,277,1,0,0
47,208,1,0,0
47,156,1,0,0
47,688,1,1,0
48,1,1,1,0
48,171,1,1,0
48,15,1,1,0
48,1021,1,1,0
48,107,1,1,0
48,310,2,1,1
48,248,1,1,0
48,358,1,0,0
48,84,1,1,0
48,93,2,2,0
48,56,1,1,0
48,77,1,1,0
48,81,2,0,2
48,31,1,1,0
48,1423,1,0,0
48,246,1,1,0
48,33,1,1,0
48,483,1,1,0
48,37,1,1,0
48,82,1,0,1
48,347,1,1,0
48,53,1,1,0
48,215,1,1,0
48,501,2,1,1
48,429,1,1,0
48,684,1,0,1
48,1143,1,1,0
48,137,1,0,1
48,13,1,1,0
48,666,1,1,0
48,318,1,0,1
48,327,1,0,0
48,432,1,0,0
49,1,1,1,0
49,105,1,1,0
49,146,1,1,0
49,358,1,1,0
49,137,1,1,0
49,36,1,1,0
49,16,1,1,0
49,109,1,1,0
49,402,1,1,0
49,334,1,1,0
49,1717,1,1,0
49,28,2,0,2
49,53,1,1,0
49,281,1,1,0
50,1,1,1,0
50,2,2,2,0
50,51,2,2,0
50,81,3,3,0
50,101,2,1,1
50,26,2,2,0
50,74,1,1,0
50,57,4,4,0
50,8,1,1,0
50,36,2,1,0
50,55,2,1,0
50,21,2,2,0
50,83,1,1,0
50,492,1,0,0
50,246,2,2,0
50,106,1,1,0
50,179,1,0,1
50,200,1,1,0
50,15,1,0,1
50,22,2,2,0
50,87,1,0,1
50,248,1,1,0
50,53,2,1,1
50,145,1,1,0
50,93,1,1,0
50,511,1,1,0
50,1147,1,0,0
50,554,1,1,0
50,692,3,0,1
50,105,3,1,2
50,300,1,1,0
50,144,1,1,0
50,9,2,1,0
50,61,2,2,0
50,358,1,1,0
50,103,2,2,0
50,77,3,2,1
50,11,1,1,0
50,408,2,1,1
50,501,1,1,0
50,30,1,0,0
50,143,1,1,0
50,207,1,1,0
50,273,1,1,0
50,361,1,1,0
50,663,1,1,0
50,123,2,0,2
50,104,2,1,1
50,395,1,1,0
50,12,1,1,0
50,299,1,0,1
50,23,2,1,1
50,28,2,1,1
50,238,1,1,0
50,218,1,1,0
50,137,1,1,0
50,80,1,0,1
50,25,1,1,0
50,85,1,0,1
50,56,1,0,1
50,0,1,0,1
50,688,1,1,0
50,792,1,1,0
50,59,1,0,1
50,19,1,1,0
50,24,1,1,0
50,430,1,0,0
50,147,1,1,0
50,17,1,0,1
50,86,1,1,0
50,168,1,1,0
50,781,1,0,1
50,772,1,0,0
50,156,1,0,1
50,175,1,1,0
51,52,14,6,4
51,2,44,27,11
51,11,30,18,7
51,51,317,146,146
51,15,45,24,20
51,13,39,24,13
51,101,26,19,5
51,28,21,7,12
51,34,36,20,10
51,17,153,69,65
51,26,62,36,21
51,24,37,22,13
51,7,31,20,8
51,123,20,15,3
51,14,8,5,1
51,60,39,23,11
51,105,26,15,6
51,218,31,16,11
51,88,125,58,51
51,84,32,19,7
51,9,20,8,7
51,61,59,27,26
51,281,16,11,3
51,358,11,6,2
51,33,37,20,14
51,395,1,0,0
51,98,6,3,1
51,36,61,37,19
51,77,49,28,13
51,55,54,29,21
51,21,46,23,20
51,83,36,16,14
51,156,60,35,22
51,76,23,10,8
51,12,42,25,12
51,37,16,10,1
51,16,46,33,11
51,57,45,31,10
51,56,39,23,11
51,121,15,12,3
51,19,33,16,11
51,58,43,26,14
51,78,10,6,2
51,341,11,8,2
51,234,17,9,7
51,75,26,9,13
51,145,14,6,8
51,158,4,1,0
51,301,17,8,6
51,106,25,14,7
51,179,34,20,7
51,147,21,11,7
51,30,17,10,4
51,294,23,12,10
51,402,6,4,2
51,143,31,17,9
51,534,2,1,1
51,184,14,5,4
51,471,6,3,2
51,25,36,19,11
51,86,27,15,10
51,445,18,11,6
51,259,28,14,12
51,207,46,25,15
51,258,16,11,3
51,461,4,2,1
51,22,22,15,4
51,99,15,4,11
51,118,16,9,6
51,157,15,9,4
51,372,1,1,0
51,496,3,1,0
51,483,65,26,30
51,314,9,5,3
51,579,7,5,2
51,542,10,4,3
51,353,2,2,0
51,87,41,27,11
51,208,9,6,2
51,18,40,23,12
51,339,3,2,0
51,107,32,13,13
51,80,14,5,5
51,8,60,37,22
51,167,10,5,4
51,216,5,2,1
51,59,33,21,8
51,256,14,8,3
51,396,4,2,1
51,492,10,1,4
51,199,27,12,14
51,240,7,2,2
51,97,23,13,7
51,580,2,2,0
51,347,8,2,3
51,20,50,35,13
51,755,3,3,0
51,692,20,10,5
51,625,2,0,2
51,181,19,12,5
51,23,57,34,17
51,159,32,17,7
51,144,13,4,5
51,170,5,1,4
51,1,18,12,4
51,196,17,12,5
51,53,59,33,20
51,318,10,8,2
51,340,11,6,3
51,81,18,10,5
51,137,34,22,10
51,360,11,8,2
51,379,11,8,2
51,272,6,3,2
51,523,9,6,3
51,890,6,2,3
51,39,4,3,1
51,508,12,9,2
51,311,26,9,8
51,499,2,1,1
51,414,2,2,0
51,168,43,22,17
51,1102,4,2,1
51,948,2,2,0
51,972,1,0,0
51,1082,2,2,0
51,82,9,5,3
51,93,17,12,2
51,501,11,7,4
51,439,16,5,8
51,115,10,4,5
51,85,18,11,7
51,146,21,14,7
51,103,11,5,5
51,149,24,11,10
51,176,10,6,1
51,299,1,1,0
51,734,5,2,1
51,361,3,1,1
51,1276,2,1,1
51,674,2,0,0
51,297,3,2,1
51,511,4,2,0
51,104,8,5,1
51,317,5,3,2
51,175,3,3,0
51,0,11,2,8
51,494,2,1,1
51,399,10,3,3
51,148,16,9,6
51,122,5,3,2
51,246,13,10,2
51,374,2,0,0
51,334,9,6,1
51,470,2,2,0
51,32,16,11,4
51,700,3,1,2
51,359,11,7,2
51,362,4,3,1
51,673,5,3,2
51,883,1,0,1
51,688,5,3,1
51,695,6,5,1
51,336,8,5,3
51,31,17,11,4
51,706,6,3,2
51,293,2,1,0
51,854,2,1,1
51,609,29,15,12
51,1109,3,2,1
51,295,14,9,4
51,304,13,3,6
51,310,25,10,10
51,74,38,21,12
51,169,6,4,0
51,197,6,3,2
51,333,12,8,2
51,432,2,1,0
51,408,9,4,4
51,109,5,3,1
51,584,4,3,0
51,652,3,2,0
51,415,5,2,2
51,659,6,3,2
51,945,1,1,0
51,410,1,0,1
51,1236,1,1,0
51,430,5,1,2
51,678,2,2,0
51,238,8,6,1
51,419,2,0,1
51,278,1,0,1
51,215,3,2,0
51,200,1,0,1
51,429,3,1,2
51,1021,9,3,5
51,300,11,4,6
51,637,1,0,1
51,638,3,1,2
51,560,2,1,1
51,426,3,2,1
51,312,4,0,0
51,653,1,1,0
51,1717,2,0,2
51,772,3,2,1
51,280,29,13,11
51,324,1,1,0
51,685,2,1,1
51,321,3,2,1
51,1091,1,1,0
51,282,8,4,2
51,512,3,2,0
51,467,7,5,1
51,40,7,4,3
51,277,9,3,5
51,792,2,1,0
51,925,5,4,0
51,850,1,0,1
51,770,2,1,1
51,1166,4,1,3
51,462,1,0,0
51,608,1,1,0
51,296,5,4,0
51,646,37,20,11
51,699,8,5,3
51,171,4,1,1
51,327,5,3,2
51,386,7,3,3
51,390,13,9,3
51,380,1,0,1
51,198,12,4,6
51,666,13,5,6
51,635,19,7,9
51,222,5,3,1
51,836,5,2,2
51,779,1,1,0
51,381,3,2,0
51,230,5,2,3
51,279,9,4,4
51,376,2,0,2
51,413,4,1,3
51,513,3,2,1
51,349,1,0,1
51,248,5,1,4
51,1113,2,2,0
51,1423,1,0,1
51,113,2,2,0
51,260,3,1,1
51,598,5,3,2
51,320,3,3,0
51,554,1,0,1
51,675,1,0,1
51,503,2,1,0
51,1142,3,1,2
51,684,1,0,1
51,2169,2,0,1
51,1046,1,1,0
51,667,1,0,0
51,933,1,1,0
51,1121,6,1,4
51,707,1,0,0
51,231,5,2,3
51,1279,2,1,1
51,1251,9,7,0
51,1149,2,1,0
51,864,1,0,1
51,2526,4,1,3
51,2861,4,3,1
51,2089,1,0,1
51,2554,2,0,2
51,2854,1,0,0
51,2301,1,1,0
51,619,1,1,0
51,3132,1,1,0
51,2534,1,0,1
51,878,1,0,0
51,2360,1,1,0
51,1341,2,0,0
52,82,1,0,0
52,52,119,39,53
52,312,4,4,0
52,294,2,0,1
52,295,2,1,1
52,461,2,1,1
52,637,6,3,1
52,837,3,1,2
52,30,4,1,1
52,339,1,0,1
52,277,3,1,0
52,167,1,1,0
52,498,15,8,4
52,347,2,0,2
52,912,13,3,10
52,207,5,0,4
52,311,1,0,1
52,1135,1,0,1
52,1102,2,0,2
52,640,1,0,0
52,399,1,1,0
52,310,6,2,3
52,430,1,0,0
52,146,2,0,1
52,0,1,0,0
52,40,1,1,0
52,240,4,1,3
52,301,2,0,2
52,279,1,0,0
52,663,1,1,0
52,985,1,1,0
52,945,1,1,0
52,171,1,1,0
52,675,1,1,0
52,105,1,0,1
52,379,1,0,1
52,432,2,1,1
52,1147,5,2,2
52,196,1,0,1
52,168,1,0,1
52,87,2,2,0
52,24,1,1,0
52,148,1,1,0
52,619,1,0,1
52,84,2,1,1
52,513,1,1,0
52,439,1,0,1
52,621,1,0,0
52,659,1,0,0
52,1276,1,1,0
52,53,1,1,0
52,1423,1,1,0
52,2534,5,3,2
52,170,2,2,0
52,445,1,1,0
52,13,2,0,2
52,23,2,1,0
52,467,2,1,1
52,471,1,0,0
52,390,2,1,0
52,18,1,1,0
52,36,1,1,0
52,218,1,0,1
52,56,1,1,0
52,19,2,0,1
52,58,1,0,1
52,179,2,0,1
52,39,2,0,2
52,118,1,1,0
52,314,2,1,0
52,890,1,0,1
52,280,1,1,0
52,836,1,0,0
52,216,1,0,1
52,426,1,0,1
52,88,1,0,0
52,34,1,0,0
52,137,2,2,0
52,121,2,1,1
52,77,1,0,1
52,215,1,1,0
52,113,1,0,1
52,147,2,1,1
52,534,1,0,1
52,684,2,0,2
52,1717,3,0,3
52,149,2,0,2
52,492,1,0,0
52,139,1,0,1
52,1149,1,0,0
52,300,1,0,1
52,2526,1,0,1
52,512,1,1,0
52,408,1,1,0
52,17,3,1,1
52,770,1,1,0
52,1119,1,0,1
52,59,1,0,0
52,16,1,1,0
52,692,1,1,0
52,109,1,0,0
52,2089,1,0,1
52,581,1,1,0
52,145,1,0,0
52,386,1,1,0
52,159,1,0,1
52,685,1,1,0
53,2,167,105,48
53,19,72,49,20
53,36,66,34,26
53,51,205,134,51
53,85,23,15,0
53,86,91,51,24
53,16,89,58,23
53,81,65,39,20
53,87,46,24,20
53,101,28,15,3
53,23,148,84,55
53,18,99,61,30
53,28,45,28,12
53,97,40,27,7
53,34,64,44,14
53,17,138,84,45
53,26,150,99,37
53,12,155,97,45
53,196,12,7,3
53,61,135,81,50
53,24,88,56,22
53,7,52,32,13
53,123,44,22,18
53,14,32,22,8
53,105,25,16,2
53,218,50,19,20
53,258,19,13,3
53,137,35,16,16
53,304,14,8,4
53,84,32,15,15
53,159,34,21,10
53,300,16,11,3
53,74,45,31,12
53,82,17,9,7
53,107,55,24,23
53,9,51,28,18
53,33,99,61,32
53,75,52,33,17
53,8,159,102,45
53,77,50,35,12
53,55,77,49,22
53,419,7,4,1
53,197,21,13,4
53,21,90,55,26
53,88,87,59,24
53,83,14,8,2
53,93,49,31,12
53,53,592,384,157
53,59,99,67,23
53,156,212,115,74
53,60,85,55,20
53,282,11,7,4
53,76,69,41,20
53,57,94,55,29
53,11,166,116,40
53,106,32,20,9
53,56,86,53,25
53,121,26,15,7
53,58,36,27,9
53,78,26,13,13
53,37,26,17,5
53,399,23,15,5
53,199,59,38,12
53,426,4,3,1
53,179,41,23,12
53,147,20,14,6
53,200,3,2,1
53,312,5,3,1
53,30,17,12,4
53,402,5,2,3
53,143,35,22,12
53,184,22,12,9
53,467,11,5,4
53,347,10,6,3
53,25,77,49,26
53,15,111,73,29
53,445,23,13,8
53,324,4,0,3
53,207,55,31,14
53,280,116,59,49
53,99,13,5,8
53,20,144,101,39
53,635,20,9,10
53,311,25,15,6
53,115,16,8,7
53,390,43,26,12
53,157,72,44,15
53,659,6,5,1
53,32,28,22,4
53,168,67,37,21
53,666,9,4,4
53,483,30,14,14
53,353,9,5,3
53,1,10,6,3
53,396,5,3,0
53,13,70,42,18
53,301,10,5,4
53,534,6,5,1
53,238,12,3,4
53,208,11,8,3
53,149,32,15,13
53,144,16,12,4
53,360,10,6,1
53,80,28,21,3
53,281,21,6,10
53,358,8,4,3
53,169,6,5,0
53,103,14,10,4
53,98,6,3,2
53,692,25,13,5
53,256,11,5,4
53,234,8,7,0
53,523,16,8,6
53,240,12,9,1
53,513,4,2,2
53,171,11,4,5
53,638,10,4,6
53,246,21,8,7
53,158,8,6,1
53,295,19,12,3
53,334,8,4,2
53,170,13,4,5
53,470,2,2,0
53,508,13,8,2
53,511,3,2,1
53,755,4,1,0
53,118,45,32,11
53,273,3,2,1
53,372,2,2,0
53,222,7,4,1
53,713,3,2,1
53,198,19,11,8
53,625,4,2,2
53,314,5,4,0
53,359,14,7,4
53,542,6,6,0
53,462,4,2,1
53,883,1,1,0
53,972,2,1,1
53,22,46,29,15
53,318,26,19,7
53,340,19,11,4
53,40,23,15,8
53,1113,3,2,1
53,492,13,5,5
53,31,45,26,17
53,294,10,6,3
53,598,5,3,2
53,584,2,2,0
53,176,12,5,5
53,260,2,1,0
53,361,1,0,1
53,1102,1,1,0
53,248,8,5,2
53,1032,2,2,0
53,1088,1,0,1
53,145,17,12,4
53,146,17,9,6
53,695,46,30,11
53,259,20,9,4
53,310,34,23,8
53,374,7,4,2
53,779,10,6,3
53,339,7,3,3
53,175,6,4,1
53,333,15,8,3
53,0,5,4,1
53,148,15,11,2
53,336,8,4,3
53,408,10,4,4
53,890,1,1,0
53,652,2,2,0
53,1413,1,1,0
53,518,2,2,0
53,376,6,3,3
53,837,1,1,0
53,104,9,6,1
53,772,7,6,0
53,379,11,7,3
53,215,9,6,0
53,293,11,5,1
53,688,4,2,2
53,792,4,4,0
53,699,18,10,5
53,609,17,11,5
53,317,7,4,3
53,320,4,3,1
53,430,5,2,2
53,341,2,2,0
53,122,6,2,2
53,39,10,5,4
53,471,10,7,3
53,296,8,7,1
53,654,1,1,0
53,621,1,1,0
53,321,5,2,3
53,653,3,3,0
53,410,1,1,0
53,272,4,3,1
53,624,1,1,0
53,415,1,1,0
53,362,2,2,0
53,297,4,0,4
53,386,20,16,4
53,678,5,4,1
53,277,8,3,3
53,734,5,2,3
53,439,7,2,4
53,413,6,2,2
53,52,5,2,2
53,432,3,3,0
53,230,5,1,3
53,461,3,3,0
53,279,3,2,1
53,1021,5,3,1
53,706,10,5,2
53,816,2,2,0
53,850,3,2,1
53,560,7,3,3
53,381,6,3,3
53,707,5,0,5
53,901,1,1,0
53,854,3,1,2
53,777,1,0,1
53,770,3,2,1
53,167,16,11,4
53,109,12,8,3
53,501,8,4,3
53,429,3,2,1
53,139,1,1,0
53,637,1,1,0
53,663,1,0,1
53,675,3,1,0
53,181,6,4,2
53,1143,2,1,0
53,327,3,2,1
53,299,1,0,1
53,667,3,1,2
53,579,1,1,0
53,925,1,0,1
53,716,1,1,0
53,554,3,1,2
53,646,22,7,12
53,512,1,0,1
53,2537,1,0,1
53,216,4,0,3
53,494,1,1,0
53,608,1,1,0
53,414,2,2,0
53,496,1,1,0
53,1276,1,1,0
53,1133,2,1,1
53,2203,5,2,2
53,113,8,4,3
53,349,2,2,0
53,278,1,0,0
53,1046,4,1,2
53,684,1,0,1
53,836,3,0,3
53,1272,1,0,0
53,395,2,1,1
53,781,3,3,0
53,2732,1,1,0
53,1279,2,0,2
53,878,1,1,0
53,1251,3,2,1
53,2526,6,2,4
53,1119,4,2,1
53,2820,1,0,0
53,2861,16,12,4
53,515,1,1,0
53,685,1,0,1
53,2554,1,1,0
53,1895,1,1,0
53,2328,3,2,1
53,2296,2,0,1
53,2929,1,0,1
53,2935,1,0,1
53,2860,1,1,0
53,2301,1,1,0
53,717,1,1,0
53,3132,1,1,0
53,380,2,2,0
54,53,1,1,0
54,17,2,1,1
54,107,1,1,0
54,103,1,1,0
54,379,1,1,0
54,36,1,1,0
54,60,1,1,0
54,200,1,1,0
54,402,1,0,1
54,51,1,0,0
54,1811,1,0,1
54,144,1,1,0
54,77,1,1,0
54,118,1,1,0
55,2,36,25,7
55,80,7,5,2
55,51,20,11,3
55,78,25,14,7
55,13,41,19,10
55,87,90,54,27
55,101,79,45,23
55,156,23,14,5
55,28,48,27,16
55,34,30,24,4
55,26,40,23,14
55,196,20,6,10
55,24,64,40,19
55,7,101,54,41
55,123,40,32,8
55,14,3,3,0
55,104,65,38,20
55,105,59,44,9
55,238,45,25,11
55,218,22,14,6
55,137,40,22,14
55,208,48,32,13
55,84,109,59,35
55,317,22,13,5
55,32,39,28,8
55,300,24,16,7
55,278,15,9,5
55,339,16,9,3
55,144,51,29,19
55,82,33,17,7
55,103,24,11,9
55,107,36,20,12
55,358,25,11,10
55,9,40,22,14
55,169,8,3,2
55,379,21,10,8
55,98,3,2,1
55,36,32,18,11
55,77,87,58,23
55,413,13,9,3
55,55,336,208,94
55,419,8,4,1
55,197,20,12,5
55,21,65,47,14
55,167,64,27,29
55,349,5,3,1
55,88,44,20,15
55,93,38,25,10
55,282,19,12,5
55,216,24,14,5
55,272,30,19,7
55,11,14,12,2
55,56,47,25,17
55,121,39,23,12
55,58,14,9,1
55,146,29,15,10
55,149,36,18,11
55,158,42,22,15
55,494,21,10,8
55,234,18,12,6
55,523,19,11,6
55,399,27,14,9
55,40,27,12,6
55,426,22,15,6
55,240,31,16,10
55,148,49,34,14
55,145,88,49,31
55,327,29,19,3
55,122,16,9,4
55,301,32,19,9
55,179,30,20,6
55,25,140,83,48
55,147,53,31,20
55,200,29,17,9
55,297,13,9,4
55,312,10,7,1
55,30,66,42,15
55,39,26,12,11
55,402,23,17,2
55,431,8,6,2
55,598,9,6,1
55,471,25,16,5
55,584,9,5,1
55,608,12,6,3
55,296,17,6,6
55,170,57,26,20
55,439,14,9,2
55,445,10,8,1
55,176,58,39,13
55,259,25,13,6
55,139,14,8,2
55,324,6,5,1
55,207,23,13,6
55,22,20,14,3
55,20,12,8,4
55,476,2,2,0
55,273,16,9,4
55,115,26,17,8
55,260,14,7,5
55,415,33,12,13
55,222,14,6,4
55,361,10,7,1
55,321,39,15,17
55,414,8,3,3
55,372,3,1,1
55,168,11,4,4
55,496,7,3,2
55,666,7,3,2
55,314,13,5,7
55,359,7,5,1
55,542,22,13,6
55,624,6,5,0
55,319,9,4,4
55,692,1,1,0
55,81,43,21,17
55,508,21,12,7
55,320,20,16,2
55,18,24,18,4
55,159,69,37,21
55,277,23,10,6
55,360,17,13,2
55,175,63,38,12
55,281,10,6,3
55,8,28,17,9
55,395,21,16,5
55,59,23,16,4
55,215,31,12,10
55,52,11,6,0
55,396,13,8,4
55,37,21,12,7
55,199,63,36,17
55,638,10,4,6
55,862,5,5,0
55,318,10,10,0
55,31,25,15,8
55,429,62,29,17
55,143,43,25,16
55,85,15,6,5
55,890,2,1,1
55,534,8,4,4
55,295,22,12,6
55,467,9,8,0
55,461,9,5,2
55,511,2,0,0
55,280,16,7,6
55,654,2,1,0
55,390,13,7,4
55,157,16,9,5
55,713,4,4,0
55,198,23,16,5
55,397,3,1,1
55,659,17,9,7
55,340,14,11,3
55,376,6,3,0
55,883,3,2,1
55,17,26,15,8
55,652,6,6,0
55,310,19,12,4
55,74,47,30,14
55,12,7,4,1
55,333,8,5,2
55,674,4,3,1
55,61,20,14,4
55,60,33,19,13
55,57,63,34,21
55,19,51,32,11
55,16,40,25,9
55,0,24,13,6
55,336,12,9,3
55,171,19,11,4
55,560,5,1,3
55,97,23,12,9
55,106,11,8,3
55,501,4,4,0
55,184,18,12,4
55,918,3,1,2
55,1133,2,1,1
55,663,4,1,1
55,1102,1,0,1
55,1109,3,2,0
55,1126,1,0,1
55,1,26,20,4
55,23,72,39,24
55,347,16,8,5
55,498,6,5,1
55,430,10,6,2
55,246,16,12,3
55,294,22,18,4
55,374,28,15,7
55,621,2,2,0
55,256,18,12,4
55,512,10,6,2
55,513,11,8,2
55,734,4,1,1
55,279,14,7,6
55,334,14,6,2
55,637,1,0,1
55,707,17,10,6
55,86,12,9,3
55,700,1,0,1
55,579,10,6,3
55,779,3,2,0
55,83,6,2,2
55,76,25,16,7
55,75,14,6,7
55,109,10,5,4
55,470,3,3,0
55,299,11,6,2
55,258,12,7,5
55,625,3,2,1
55,673,7,4,2
55,653,2,2,0
55,815,8,7,1
55,353,1,1,0
55,772,8,5,2
55,53,24,13,7
55,699,5,3,1
55,695,5,2,2
55,741,2,1,1
55,706,2,1,0
55,381,4,1,2
55,688,1,1,0
55,854,6,3,3
55,609,6,4,0
55,850,2,2,0
55,716,1,1,0
55,15,13,10,3
55,118,4,3,1
55,518,5,1,4
55,678,7,7,0
55,410,2,2,0
55,341,3,2,0
55,1423,2,1,1
55,462,2,2,0
55,432,8,5,2
55,492,7,4,1
55,554,14,9,2
55,541,5,4,1
55,667,3,3,0
55,304,10,6,4
55,912,1,0,1
55,1362,1,1,0
55,1236,1,1,0
55,878,3,2,0
55,33,18,12,6
55,380,6,4,2
55,483,3,1,1
55,1865,1,1,0
55,1276,4,2,1
55,408,15,9,5
55,311,22,10,9
55,362,12,9,2
55,293,4,1,2
55,1127,1,1,0
55,580,1,1,0
55,646,6,2,3
55,816,1,1,0
55,930,3,2,0
55,901,5,4,1
55,777,2,2,0
55,230,6,4,1
55,619,4,2,2
55,864,2,1,1
55,661,2,2,0
55,792,1,1,0
55,836,2,2,0
55,2537,1,1,0
55,248,1,1,0
55,99,6,3,3
55,1298,4,0,3
55,1135,1,0,1
55,363,2,1,1
55,684,2,1,1
55,770,1,1,0
55,635,1,1,0
55,837,1,0,1
55,831,2,2,0
55,675,1,1,0
55,2526,2,1,1
55,2855,1,1,0
55,515,1,0,0
55,2861,2,1,0
55,2296,1,1,0
55,1272,1,1,0
55,948,1,0,0
55,2089,1,1,0
55,1149,1,1,0
55,2360,1,1,0
55,1413,1,1,0
56,13,68,38,20
56,87,36,17,13
56,137,26,11,9
56,34,12,8,4
56,238,40,21,14
56,320,3,0,3
56,18,29,12,12
56,300,31,17,12
56,143,13,5,7
56,277,42,22,16
56,358,14,11,0
56,103,35,24,7
56,379,21,11,8
56,419,4,3,1
56,21,9,5,3
56,333,13,6,4
56,60,41,21,15
56,121,22,16,5
56,432,16,11,3
56,256,15,11,3
56,19,28,14,11
56,215,15,6,8
56,494,12,5,3
56,234,10,5,5
56,523,62,36,19
56,40,14,9,5
56,408,11,4,5
56,246,9,4,4
56,97,10,6,3
56,318,13,6,7
56,312,6,4,0
56,30,48,25,14
56,39,12,5,3
56,402,15,6,6
56,324,2,0,2
56,347,38,19,16
56,584,4,2,1
56,296,7,4,2
56,259,6,4,1
56,508,9,5,2
56,258,22,12,5
56,410,3,3,0
56,390,4,1,1
56,415,13,6,4
56,222,10,6,1
56,496,3,1,2
56,579,4,2,1
56,684,2,2,0
56,1,15,13,1
56,81,40,17,14
56,101,25,14,10
56,146,13,7,6
56,105,46,27,10
56,56,320,144,148
56,304,13,5,6
56,310,25,16,8
56,278,6,3,2
56,144,60,32,24
56,107,23,10,10
56,80,5,3,2
56,281,11,3,6
56,36,19,10,8
56,197,58,25,28
56,301,26,13,12
56,93,12,8,2
56,156,16,6,8
56,282,12,8,2
56,12,6,2,4
56,59,11,3,7
56,52,6,2,1
56,0,28,14,11
56,240,11,7,3
56,171,25,12,8
56,145,33,16,15
56,638,4,3,1
56,147,17,9,7
56,294,6,4,2
56,890,2,1,0
56,295,16,6,9
56,349,2,1,1
56,467,13,6,5
56,471,9,6,2
56,912,2,0,0
56,170,40,17,16
56,470,1,0,0
56,511,3,2,1
56,621,2,0,1
56,476,1,0,0
56,115,8,3,5
56,361,11,7,3
56,86,13,6,2
56,619,7,4,3
56,713,2,1,1
56,659,50,27,16
56,625,1,1,0
56,542,5,1,3
56,376,1,0,1
56,883,3,2,1
56,181,4,2,1
56,640,2,2,0
56,906,2,0,2
56,998,2,1,1
56,23,31,19,9
56,53,9,1,7
56,17,8,2,4
56,7,16,8,5
56,104,5,2,2
56,84,22,14,6
56,159,36,15,13
56,74,15,9,4
56,175,9,3,1
56,55,33,17,9
56,184,6,2,4
56,413,8,4,2
56,58,2,1,1
56,199,29,8,13
56,25,37,16,17
56,176,10,4,5
56,461,3,0,0
56,340,6,1,2
56,76,12,8,3
56,179,9,3,4
56,534,9,3,6
56,445,14,4,7
56,32,11,9,2
56,678,1,0,1
56,26,14,4,8
56,82,16,9,4
56,360,8,3,3
56,33,11,3,5
56,77,45,20,23
56,88,16,9,4
56,31,41,20,15
56,149,9,6,3
56,1109,1,0,1
56,16,8,7,1
56,75,18,10,8
56,399,15,8,3
56,148,29,15,12
56,336,19,10,8
56,106,13,6,5
56,279,45,16,25
56,608,3,2,1
56,439,12,8,2
56,299,6,1,2
56,157,8,4,1
56,483,4,2,1
56,673,3,1,1
56,1133,1,0,1
56,1091,1,0,1
56,1102,1,0,1
56,1082,1,1,0
56,1171,2,1,1
56,24,33,18,9
56,513,4,2,1
56,216,17,9,7
56,280,4,0,4
56,675,3,3,0
56,28,23,11,11
56,168,16,8,4
56,196,18,8,6
56,339,8,5,2
56,734,10,4,6
56,426,8,4,4
56,122,2,0,0
56,198,10,4,4
56,1276,6,5,1
56,123,11,4,6
56,200,9,5,3
56,598,6,2,4
56,207,21,8,10
56,208,3,2,1
56,779,1,1,0
56,327,14,5,7
56,109,12,8,4
56,85,8,2,3
56,372,1,0,1
56,362,4,2,2
56,353,2,0,1
56,113,1,0,1
56,51,20,10,7
56,772,6,4,2
56,741,3,1,2
56,706,4,2,1
56,816,7,2,2
56,930,3,2,1
56,716,4,0,2
56,169,2,1,0
56,57,27,12,11
56,374,8,5,3
56,139,3,2,0
56,624,1,1,0
56,78,16,7,6
56,8,16,5,8
56,9,11,7,3
56,430,15,7,5
56,11,3,1,2
56,158,19,7,8
56,321,7,2,4
56,1021,1,0,1
56,314,5,4,1
56,37,3,2,1
56,317,4,1,2
56,61,13,7,4
56,498,4,1,0
56,230,7,3,1
56,431,3,1,1
56,334,11,6,3
56,297,4,1,2
56,83,2,2,0
56,272,2,0,2
56,311,17,10,5
56,674,1,1,0
56,695,8,2,5
56,770,3,1,2
56,167,11,4,2
56,918,1,0,1
56,359,12,6,4
56,2171,1,0,1
56,218,36,16,11
56,381,18,9,6
56,777,3,1,1
56,699,3,1,1
56,850,1,1,0
56,2,7,4,3
56,492,2,2,0
56,380,4,1,2
56,22,10,7,2
56,118,2,1,1
56,273,1,0,1
56,781,3,2,1
56,293,6,3,2
56,1267,1,0,1
56,646,5,5,0
56,609,4,2,1
56,20,6,5,1
56,554,3,2,1
56,2537,3,1,2
56,512,3,1,0
56,429,2,2,0
56,397,1,1,0
56,663,1,0,1
56,815,1,1,0
56,99,1,1,0
56,667,1,1,0
56,1423,2,0,1
56,260,3,2,1
56,414,3,1,2
56,700,3,1,2
56,1062,1,1,0
56,319,4,0,4
56,341,1,0,0
56,933,1,1,0
56,2656,1,0,0
56,854,4,1,3
56,1127,3,0,2
56,688,3,2,0
56,707,4,2,2
56,395,1,1,0
56,231,8,2,5
56,878,2,2,0
56,386,1,0,1
56,560,1,0,1
56,15,1,0,0
56,2526,1,0,1
56,2861,4,3,1
56,1119,1,1,0
56,2945,1,1,0
56,1272,1,1,0
56,948,2,0,2
56,2089,2,2,0
56,792,1,0,1
57,2,25,16,5
57,13,30,24,3
57,115,14,9,5
57,81,31,19,6
57,121,57,28,21
57,23,46,30,10
57,26,21,11,8
57,215,7,5,1
57,123,38,25,12
57,104,16,10,2
57,137,49,21,17
57,208,9,8,1
57,84,29,12,13
57,310,13,8,5
57,317,21,14,5
57,320,30,12,11
57,300,10,5,5
57,74,17,9,6
57,144,22,14,3
57,82,9,7,1
57,107,16,11,4
57,360,17,10,7
57,9,37,24,10
57,175,33,19,13
57,36,24,15,6
57,77,22,16,6
57,419,3,2,0
57,197,11,7,3
57,167,13,5,6
57,430,14,5,7
57,83,4,1,1
57,333,7,5,1
57,282,27,17,8
57,272,6,4,1
57,76,11,5,2
57,57,452,231,188
57,56,42,24,14
57,19,24,13,9
57,78,41,23,14
57,498,2,2,0
57,52,5,1,3
57,75,26,12,7
57,512,5,3,1
57,40,30,18,11
57,240,8,5,3
57,122,18,12,4
57,560,6,2,2
57,158,17,10,4
57,106,15,11,3
57,179,13,10,3
57,200,7,5,2
57,31,14,10,4
57,312,6,3,3
57,429,6,3,3
57,431,7,3,3
57,230,8,3,4
57,25,40,18,16
57,296,19,13,4
57,15,7,5,1
57,445,4,3,1
57,176,63,41,15
57,508,9,3,5
57,22,13,5,3
57,273,21,15,4
57,260,22,12,8
57,415,58,28,21
57,321,6,1,2
57,32,22,18,3
57,168,9,3,5
57,673,20,13,2
57,675,1,1,0
57,542,23,13,8
57,624,3,3,0
57,319,3,2,1
57,1,10,4,3
57,12,17,12,3
57,692,4,3,1
57,51,27,14,8
57,34,19,13,4
57,17,15,6,8
57,24,42,24,16
57,14,4,3,1
57,105,24,15,6
57,238,21,15,4
57,218,22,10,6
57,277,9,6,3
57,358,8,6,2
57,103,16,9,7
57,93,9,7,2
57,60,13,7,4
57,59,33,25,7
57,256,13,10,1
57,149,14,9,3
57,234,5,3,2
57,396,5,5,0
57,199,26,12,12
57,336,10,5,4
57,97,12,9,2
57,147,18,11,5
57,318,16,6,9
57,294,11,7,3
57,295,14,6,3
57,279,6,5,1
57,259,28,11,7
57,207,18,11,6
57,280,5,1,2
57,654,2,2,0
57,637,2,1,0
57,390,8,5,2
57,222,9,3,5
57,414,3,3,0
57,198,10,6,4
57,659,6,4,1
57,625,5,3,2
57,483,5,1,2
57,363,2,1,1
57,353,2,2,0
57,87,37,21,13
57,18,11,7,2
57,80,6,4,1
57,61,13,9,4
57,413,13,7,3
57,55,39,23,13
57,21,36,18,15
57,88,18,10,4
57,37,9,5,1
57,145,17,10,5
57,184,16,7,6
57,461,8,4,2
57,216,4,4,0
57,301,37,19,12
57,513,2,2,0
57,339,2,1,0
57,1021,1,0,1
57,492,2,1,0
57,148,22,13,8
57,638,3,1,2
57,246,12,6,4
57,39,4,1,2
57,402,5,3,1
57,143,15,8,7
57,374,19,13,5
57,608,4,2,1
57,258,6,3,1
57,157,13,9,3
57,713,1,1,0
57,496,1,0,1
57,314,6,0,6
57,1133,1,1,0
57,1091,1,0,1
57,1102,4,3,1
57,248,1,0,1
57,1090,2,1,1
57,1126,7,2,5
57,1082,1,0,1
57,7,31,14,10
57,426,7,4,3
57,28,41,28,9
57,159,21,13,4
57,395,4,1,2
57,11,5,2,2
57,399,9,5,3
57,139,3,1,2
57,361,11,8,2
57,85,11,6,2
57,196,6,3,2
57,379,8,1,6
57,16,22,13,6
57,171,9,3,3
57,408,19,11,6
57,918,2,0,1
57,707,3,2,1
57,359,7,1,4
57,146,13,4,7
57,554,13,6,6
57,467,3,1,1
57,471,5,1,2
57,86,8,2,5
57,579,3,1,2
57,1062,2,1,0
57,278,10,4,5
57,169,6,3,2
57,523,2,2,0
57,327,10,6,3
57,297,9,7,2
57,534,4,1,3
57,598,9,3,4
57,324,3,1,2
57,667,3,1,1
57,772,26,10,13
57,706,6,4,1
57,33,10,4,3
57,695,14,5,7
57,58,9,4,2
57,30,11,8,3
57,170,14,9,3
57,930,1,1,0
57,381,8,4,1
57,933,3,2,1
57,688,4,2,2
57,854,5,2,2
57,699,4,3,1
57,304,5,0,1
57,281,10,5,2
57,432,7,5,1
57,494,12,7,4
57,652,3,2,0
57,101,16,9,6
57,0,4,1,2
57,584,4,2,0
57,541,1,1,0
57,462,1,0,1
57,341,2,2,0
57,109,3,1,1
57,678,5,3,0
57,349,3,2,0
57,386,4,1,3
57,380,4,2,1
57,1895,1,1,0
57,347,10,6,3
57,511,1,1,0
57,674,1,0,0
57,340,5,4,1
57,334,15,9,5
57,156,12,5,4
57,878,3,3,0
57,8,21,12,7
57,1195,1,1,0
57,53,16,7,8
57,685,2,2,0
57,98,1,1,0
57,362,1,0,0
57,1032,1,0,1
57,20,11,6,4
57,770,2,0,1
57,1203,2,1,0
57,311,4,3,1
57,1362,1,1,0
57,779,4,3,1
57,621,1,1,0
57,518,1,0,1
57,619,2,2,0
57,663,2,0,1
57,1276,2,2,0
57,439,2,1,1
57,661,2,1,0
57,293,5,3,2
57,734,4,2,1
57,299,3,2,0
57,1046,3,2,1
57,1272,1,1,0
57,816,3,1,1
57,646,6,4,1
57,609,2,2,0
57,2732,3,1,0
57,113,1,0,1
57,901,2,1,0
57,2861,2,2,0
57,2639,1,0,1
57,231,2,0,1
57,376,2,2,0
57,99,1,1,0
57,1413,2,2,0
57,2534,1,0,1
57,717,1,0,1
57,815,2,1,0
57,635,1,0,1
58,2,3,1,2
58,81,10,6,3
58,26,11,5,5
58,24,9,5,4
58,7,12,9,3
58,123,6,4,1
58,105,15,7,4
58,137,13,7,5
58,304,3,3,0
58,317,2,2,0
58,159,10,6,2
58,339,5,1,2
58,74,19,12,5
58,82,5,2,1
58,9,13,11,2
58,80,4,1,2
58,379,6,1,3
58,98,3,2,0
58,55,3,1,1
58,419,5,4,0
58,197,10,4,5
58,88,17,9,6
58,333,4,3,1
58,93,7,6,0
58,156,8,3,3
58,470,1,0,0
58,256,7,7,0
58,19,13,6,6
58,215,9,4,1
58,78,4,1,2
58,52,2,0,1
58,234,6,3,3
58,145,4,4,0
58,327,4,1,1
58,408,6,2,2
58,147,9,7,1
58,200,5,4,1
58,31,20,15,5
58,579,2,0,1
58,374,4,2,1
58,471,2,1,1
58,170,5,2,1
58,258,4,1,1
58,22,6,4,2
58,280,5,4,0
58,311,9,5,1
58,115,2,1,1
58,390,4,2,2
58,499,3,0,1
58,659,7,2,2
58,32,4,4,0
58,667,1,0,0
58,675,3,1,1
58,248,3,0,0
58,353,2,2,0
58,684,1,0,0
58,113,2,1,1
58,1,8,6,0
58,51,11,10,1
58,101,11,7,1
58,277,6,4,2
58,208,3,3,0
58,144,6,5,1
58,349,3,1,0
58,107,8,6,2
58,8,7,7,0
58,103,6,4,1
58,36,5,2,1
58,430,8,6,1
58,179,8,6,2
58,60,8,5,3
58,12,7,5,1
58,57,8,4,3
58,146,5,2,1
58,149,14,9,4
58,396,4,2,2
58,240,10,5,1
58,554,1,1,0
58,143,12,11,0
58,230,2,0,2
58,912,2,1,0
58,918,1,0,1
58,207,7,5,2
58,654,2,0,0
58,260,1,1,0
58,321,7,4,2
58,414,1,1,0
58,713,2,1,1
58,397,1,1,0
58,496,1,0,1
58,319,1,0,1
58,972,5,0,4
58,998,1,0,1
58,17,16,8,6
58,413,6,2,2
58,58,72,39,23
58,25,6,6,0
58,87,17,9,6
58,23,12,8,4
58,34,7,5,2
58,196,9,5,3
58,492,5,1,3
58,238,4,2,2
58,218,5,4,1
58,84,9,5,2
58,310,4,2,2
58,320,1,0,1
58,148,2,2,0
58,560,1,0,1
58,360,4,3,1
58,175,3,1,2
58,281,4,2,1
58,77,11,4,3
58,362,3,2,0
58,75,4,3,1
58,512,4,2,1
58,399,7,3,2
58,426,2,0,0
58,336,4,2,1
58,122,3,2,1
58,97,9,5,2
58,361,3,2,1
58,318,8,3,4
58,297,3,1,1
58,30,10,6,2
58,294,6,3,2
58,39,9,4,3
58,402,3,1,1
58,279,5,2,1
58,347,3,2,0
58,296,4,3,0
58,619,3,2,1
58,483,6,5,1
58,314,5,2,1
58,359,2,1,1
58,340,2,1,1
58,1102,1,0,1
58,948,2,1,1
58,1109,2,2,0
58,181,2,1,1
58,1090,1,1,0
58,56,8,6,2
58,199,10,6,3
58,706,1,1,0
58,59,2,1,1
58,171,3,3,0
58,301,3,0,1
58,15,2,1,1
58,652,1,0,0
58,883,1,0,0
58,33,6,5,1
58,16,9,8,0
58,930,1,1,0
58,688,4,1,1
58,792,3,3,0
58,104,8,6,1
58,85,5,2,1
58,300,3,3,0
58,61,5,5,0
58,40,5,3,0
58,246,4,2,1
58,222,5,2,0
58,312,2,1,1
58,429,2,2,0
58,295,2,2,0
58,118,3,0,3
58,273,1,0,0
58,86,4,4,0
58,666,1,0,0
58,410,1,0,0
58,415,3,1,0
58,272,2,1,0
58,341,1,1,0
58,216,2,1,1
58,678,1,1,0
58,158,3,2,0
58,184,4,1,2
58,584,3,2,0
58,13,8,5,1
58,324,1,1,0
58,28,11,7,2
58,121,2,2,0
58,21,4,3,1
58,53,8,5,2
58,106,3,2,1
58,508,1,1,0
58,445,3,0,2
58,523,6,3,2
58,1267,1,1,0
58,1166,1,0,1
58,83,2,1,1
58,467,3,1,2
58,646,8,6,2
58,157,1,1,0
58,609,12,3,8
58,358,1,0,1
58,37,1,1,0
58,598,2,1,0
58,439,3,1,2
58,299,2,2,0
58,518,1,0,1
58,432,2,0,2
58,0,1,1,0
58,431,2,0,0
58,608,1,1,0
58,259,3,3,0
58,386,3,0,2
58,661,1,1,0
58,692,7,4,3
58,707,1,0,1
58,772,3,2,1
58,1272,1,0,1
58,734,1,0,1
58,168,3,0,1
58,18,4,2,2
58,695,1,0,1
58,109,3,1,2
58,1133,1,1,0
58,380,2,0,2
58,99,2,2,0
58,167,2,2,0
58,334,2,1,1
58,663,2,1,1
58,513,1,0,1
58,700,2,1,0
58,1031,3,2,1
58,176,2,0,1
58,476,1,1,0
58,395,2,1,0
58,878,1,0,1
58,20,1,0,1
58,864,1,1,0
58,542,2,2,0
58,381,1,0,0
58,2861,2,2,0
58,716,1,0,1
58,699,1,0,0
58,717,1,1,0
59,2,19,14,4
59,81,11,9,1
59,87,17,9,6
59,28,19,12,3
59,104,11,6,1
59,105,13,7,4
59,238,19,11,7
59,218,8,4,4
59,137,23,13,6
59,304,9,5,2
59,84,15,7,4
59,159,14,11,3
59,300,7,3,2
59,9,38,27,10
59,175,7,2,4
59,60,28,25,3
59,358,7,4,2
59,36,36,23,7
59,77,15,9,6
59,197,11,8,1
59,207,8,6,1
59,21,19,13,4
59,167,7,4,2
59,88,15,5,7
59,282,47,22,17
59,59,115,77,23
59,57,47,25,16
59,523,7,4,2
59,399,10,6,3
59,148,13,8,4
59,336,2,2,0
59,145,18,13,4
59,408,3,2,0
59,560,13,7,3
59,106,12,7,5
59,513,5,3,1
59,312,8,2,5
59,429,4,2,2
59,402,1,1,0
59,534,3,3,0
59,598,5,3,1
59,279,2,2,0
59,334,10,6,2
59,230,6,4,2
59,25,19,9,8
59,260,5,2,3
59,461,6,4,2
59,22,30,14,12
59,115,3,3,0
59,157,13,8,5
59,541,2,2,0
59,321,3,2,0
59,32,17,12,4
59,372,2,2,0
59,314,9,1,5
59,359,12,7,5
59,542,3,2,0
59,1,7,3,4
59,101,18,13,5
59,123,16,8,6
59,18,9,3,3
59,278,4,2,1
59,339,8,1,2
59,82,5,2,2
59,360,7,4,2
59,169,1,0,0
59,8,9,6,2
59,103,9,6,2
59,498,3,2,1
59,430,3,3,0
59,93,6,5,1
59,156,13,6,6
59,76,7,3,3
59,12,17,12,4
59,11,7,6,0
59,56,25,13,8
59,19,20,10,8
59,78,15,9,4
59,396,7,6,1
59,37,13,8,4
59,0,5,4,1
59,199,14,9,3
59,158,9,6,3
59,109,4,1,3
59,31,7,6,1
59,85,21,10,6
59,294,6,5,1
59,143,13,8,3
59,349,1,1,0
59,374,2,2,0
59,471,6,4,1
59,170,7,2,3
59,445,7,5,1
59,324,4,3,0
59,20,12,10,1
59,755,1,0,1
59,734,4,3,0
59,118,7,2,4
59,273,1,0,1
59,390,4,2,1
59,940,1,1,0
59,713,1,1,0
59,659,1,0,1
59,319,5,2,3
59,376,1,1,0
59,353,2,1,1
59,51,19,12,3
59,17,16,10,4
59,13,16,12,1
59,23,25,15,8
59,26,23,15,5
59,24,21,13,6
59,7,18,9,6
59,33,8,5,2
59,379,10,6,2
59,58,13,9,4
59,146,8,7,1
59,52,3,2,1
59,16,12,9,2
59,40,14,8,4
59,426,5,2,3
59,240,5,3,1
59,246,13,10,2
59,97,12,7,2
59,200,3,3,0
59,297,4,1,3
59,30,17,12,5
59,184,19,14,4
59,431,3,1,1
59,222,4,3,1
59,414,1,0,1
59,1102,3,2,1
59,1126,1,1,0
59,1147,1,0,1
59,208,6,3,3
59,144,5,4,1
59,281,3,3,0
59,121,23,12,8
59,147,3,3,0
59,296,8,5,2
59,176,18,11,6
59,470,1,1,0
59,280,5,4,1
59,361,3,3,0
59,397,2,2,0
59,259,17,13,3
59,74,10,3,1
59,80,7,4,2
59,53,14,7,5
59,1088,1,1,0
59,34,15,7,6
59,695,20,10,8
59,930,2,2,0
59,107,4,1,2
59,301,12,5,4
59,258,8,5,3
59,168,4,3,0
59,310,9,6,2
59,317,8,7,1
59,779,9,5,1
59,277,6,5,0
59,55,19,12,4
59,215,6,4,2
59,318,3,2,1
59,439,6,2,3
59,15,7,6,1
59,410,1,1,0
59,667,1,1,0
59,772,8,5,3
59,75,38,23,12
59,707,1,1,0
59,792,3,2,1
59,777,1,1,0
59,699,3,2,0
59,501,2,2,0
59,320,2,1,1
59,272,5,3,2
59,327,3,3,0
59,295,8,5,2
59,584,1,0,0
59,86,3,3,0
59,653,2,2,0
59,678,7,4,2
59,462,1,1,0
59,216,1,0,0
59,492,3,1,0
59,1811,3,1,1
59,395,1,0,0
59,333,6,3,2
59,149,7,4,1
59,624,1,1,0
59,1091,1,0,1
59,1236,2,1,1
59,14,10,7,1
59,61,11,8,3
59,171,2,2,0
59,878,4,2,0
59,256,3,2,1
59,511,1,1,0
59,675,2,1,1
59,494,2,1,0
59,652,2,1,0
59,39,3,3,0
59,415,5,1,3
59,362,3,3,0
59,340,4,3,1
59,850,1,1,0
59,467,2,2,0
59,854,1,1,0
59,716,1,1,0
59,413,2,0,2
59,700,1,0,1
59,248,3,3,0
59,386,7,3,4
59,196,2,2,0
59,83,1,1,0
59,381,1,1,0
59,293,4,1,1
59,198,1,1,0
59,234,2,1,1
59,706,2,1,0
59,646,2,2,0
59,692,3,1,2
59,1267,2,0,1
59,179,6,3,1
59,906,1,0,1
59,837,1,0,0
59,508,5,2,2
59,311,1,1,0
59,1046,5,1,4
59,609,1,0,1
59,1171,1,1,0
59,347,2,1,1
59,673,1,1,0
59,2861,1,1,0
59,139,1,0,0
59,483,1,1,0
59,619,1,1,0
59,1413,1,1,0
59,554,1,0,0
59,638,1,0,1
60,2,7,3,2
60,81,15,11,4
60,23,19,11,6
60,24,13,7,6
60,238,21,13,5
60,208,14,9,5
60,300,17,9,6
60,144,23,15,5
60,358,24,13,6
60,395,2,1,1
60,76,4,3,0
60,413,10,6,4
60,60,172,95,68
60,272,4,3,1
60,0,16,9,4
60,240,5,1,1
60,336,10,5,5
60,318,8,5,3
60,534,8,7,1
60,279,19,7,11
60,471,8,3,3
60,170,29,12,13
60,439,7,4,3
60,445,7,5,2
60,299,3,1,1
60,311,9,8,0
60,361,18,9,5
60,414,6,4,2
60,314,6,4,2
60,101,7,3,3
60,146,9,7,2
60,7,18,12,4
60,310,44,17,23
60,18,13,6,5
60,339,5,2,2
60,277,57,24,29
60,80,7,4,3
60,175,7,5,2
60,169,2,2,0
60,8,12,7,3
60,103,22,14,7
60,197,16,7,8
60,430,8,6,1
60,56,29,20,8
60,396,1,1,0
60,399,11,7,3
60,199,11,7,1
60,327,15,5,6
60,158,11,10,1
60,513,4,3,1
60,31,21,11,7
60,294,11,10,1
60,295,25,14,6
60,347,18,7,9
60,918,2,0,2
60,541,1,0,1
60,734,2,1,0
60,390,3,2,1
60,415,4,2,1
60,713,1,0,0
60,198,5,3,1
60,496,2,0,2
60,883,3,2,1
60,837,2,1,0
60,998,1,1,0
60,53,9,6,3
60,297,3,1,1
60,1,6,3,1
60,13,22,12,8
60,87,27,19,7
60,28,17,9,7
60,34,9,7,2
60,196,7,5,2
60,123,9,6,2
60,107,7,7,0
60,137,7,3,1
60,159,25,12,12
60,74,11,6,5
60,9,4,3,1
60,36,6,2,4
60,78,3,1,2
60,83,2,1,1
60,93,8,4,2
60,156,10,7,3
60,121,13,8,4
60,19,9,3,4
60,58,6,4,1
60,1113,1,1,0
60,149,16,9,5
60,492,7,3,2
60,408,13,10,2
60,97,5,3,2
60,85,6,3,2
60,143,9,5,2
60,598,3,2,0
60,230,2,0,1
60,296,6,3,0
60,15,5,2,2
60,508,6,2,2
60,157,3,0,2
60,222,5,3,2
60,625,4,3,1
60,168,5,1,4
60,663,1,0,0
60,483,9,5,3
60,362,3,1,2
60,340,5,5,0
60,1091,2,0,2
60,1109,1,1,0
60,181,1,0,1
60,1090,1,0,1
60,26,2,1,1
60,281,10,6,3
60,98,3,1,0
60,216,19,15,2
60,498,2,1,1
60,341,3,2,1
60,171,11,5,5
60,147,9,5,4
60,462,3,3,0
60,17,6,4,2
60,84,17,11,4
60,372,1,0,1
60,82,8,6,2
60,215,7,4,2
60,379,9,4,4
60,419,9,8,0
60,282,4,2,2
60,256,9,7,1
60,106,7,3,3
60,334,7,7,0
60,176,8,5,1
60,115,9,7,0
60,619,3,1,2
60,659,11,6,4
60,12,5,3,2
60,61,6,2,3
60,33,2,0,1
60,16,7,3,4
60,148,12,8,2
60,301,5,1,3
60,109,3,2,1
60,312,7,5,1
60,207,18,8,6
60,675,2,2,0
60,862,3,2,1
60,105,15,11,4
60,88,6,3,3
60,258,5,3,0
60,293,2,1,1
60,353,1,1,0
60,104,8,5,1
60,317,4,1,3
60,278,2,2,0
60,179,7,5,2
60,654,1,1,0
60,518,3,1,1
60,542,4,4,0
60,1718,2,1,1
60,584,4,3,0
60,40,8,3,2
60,11,5,2,2
60,122,2,2,0
60,678,4,4,0
60,359,6,5,0
60,52,7,3,4
60,624,3,2,0
60,304,5,4,1
60,324,3,1,1
60,59,4,3,1
60,21,8,2,5
60,374,6,5,1
60,32,8,6,2
60,57,11,5,5
60,25,7,6,0
60,37,7,6,1
60,280,5,3,2
60,260,1,1,0
60,376,2,0,1
60,77,17,8,9
60,511,1,1,0
60,523,19,10,5
60,218,4,1,2
60,333,5,3,2
60,234,6,5,1
60,426,2,2,0
60,30,22,12,7
60,402,5,3,2
60,51,2,1,1
60,349,4,2,1
60,1276,3,3,0
60,86,2,1,1
60,638,1,1,0
60,386,4,1,3
60,20,2,2,0
60,666,4,3,0
60,1032,1,1,0
60,779,2,2,0
60,1272,2,1,1
60,930,1,1,0
60,688,2,2,0
60,925,1,1,0
60,652,2,2,0
60,580,2,1,0
60,772,1,1,0
60,145,10,6,4
60,781,1,1,0
60,770,4,3,1
60,360,3,3,0
60,55,5,5,0
60,494,4,1,2
60,200,4,3,1
60,429,3,3,0
60,39,11,7,4
60,259,5,1,3
60,22,4,3,0
60,273,4,2,1
60,321,4,2,2
60,661,1,0,1
60,248,2,0,1
60,1143,1,1,0
60,706,1,0,1
60,707,1,1,0
60,792,1,1,0
60,646,2,0,2
60,381,3,0,2
60,692,1,0,0
60,432,7,5,2
60,461,1,1,0
60,167,5,4,0
60,246,4,3,0
60,467,2,2,0
60,673,2,0,1
60,674,1,1,0
60,1133,1,0,1
60,99,1,0,1
60,1423,1,0,0
60,431,2,2,0
60,320,5,3,1
60,501,3,2,1
60,579,4,0,4
60,684,2,0,2
60,1062,2,1,1
60,363,1,0,1
60,14,1,1,0
60,560,1,0,1
60,231,1,0,1
60,1717,1,1,0
60,75,2,1,1
60,1127,4,0,4
60,831,1,0,1
60,2554,1,0,1
60,1895,1,1,0
60,2929,1,1,0
60,2945,1,1,0
60,700,1,1,0
60,512,2,1,1
60,608,1,1,0
60,1088,1,0,1
60,685,1,1,0
60,635,1,0,0
61,2,62,36,23
61,82,19,12,4
61,51,84,39,35
61,81,47,23,20
61,23,69,35,29
61,34,28,18,7
61,17,75,40,27
61,26,65,45,17
61,59,36,24,11
61,7,45,24,15
61,104,11,7,3
61,105,19,10,7
61,218,48,30,16
61,300,15,10,3
61,84,22,13,5
61,320,5,5,0
61,74,32,15,13
61,144,16,10,4
61,107,38,17,16
61,9,32,18,12
61,61,197,121,64
61,103,14,10,4
61,33,49,25,21
61,77,44,29,14
61,419,4,4,0
61,21,51,31,16
61,88,58,35,21
61,83,8,4,3
61,156,46,30,13
61,60,59,40,15
61,216,5,2,2
61,76,18,9,8
61,57,38,19,15
61,11,23,13,7
61,56,56,37,15
61,256,17,12,4
61,19,52,29,19
61,58,43,29,10
61,146,19,11,7
61,234,13,9,2
61,492,4,2,1
61,399,17,11,3
61,40,17,7,8
61,122,4,3,1
61,408,8,7,1
61,301,11,9,0
61,513,5,4,1
61,200,7,5,2
61,30,35,25,6
61,39,4,2,1
61,143,22,15,5
61,431,4,3,1
61,334,10,5,4
61,25,47,32,14
61,324,3,2,0
61,258,19,14,4
61,280,27,14,11
61,118,17,12,4
61,390,10,3,5
61,157,43,23,14
61,361,2,2,0
61,321,8,5,2
61,659,4,1,2
61,667,1,1,0
61,359,3,2,1
61,319,1,0,1
61,353,5,2,2
61,1,8,6,1
61,13,59,37,17
61,101,26,17,7
61,137,18,9,8
61,123,39,21,14
61,14,11,8,1
61,238,11,6,3
61,208,12,8,4
61,304,9,4,4
61,18,54,33,14
61,159,19,10,3
61,80,19,9,6
61,175,10,3,5
61,281,11,6,5
61,8,76,39,29
61,36,35,22,11
61,197,15,9,4
61,167,10,5,5
61,93,41,30,8
61,12,52,27,21
61,432,8,6,0
61,149,14,6,5
61,215,10,5,2
61,78,24,15,9
61,37,13,9,3
61,0,8,6,2
61,199,33,14,16
61,145,18,11,5
61,327,5,1,3
61,246,13,7,5
61,97,21,11,6
61,106,19,11,6
61,179,25,13,10
61,147,19,13,4
61,109,2,2,0
61,31,53,38,11
61,429,9,5,4
61,85,24,14,8
61,294,14,9,4
61,349,1,1,0
61,279,10,7,2
61,471,6,3,2
61,608,2,2,0
61,20,68,44,21
61,635,15,10,4
61,755,3,3,0
61,940,1,0,1
61,692,10,8,2
61,414,2,2,0
61,713,1,1,0
61,700,4,3,1
61,675,1,1,0
61,87,50,26,21
61,196,11,8,2
61,53,95,52,39
61,32,8,7,0
61,28,25,16,7
61,24,66,43,18
61,336,10,7,3
61,310,29,19,9
61,55,45,22,19
61,121,20,10,7
61,1113,1,1,0
61,75,38,24,14
61,171,9,5,4
61,158,11,9,2
61,318,20,13,5
61,501,9,8,0
61,534,9,8,1
61,598,3,2,1
61,347,5,2,2
61,296,6,3,2
61,439,6,3,2
61,15,67,38,27
61,311,21,11,7
61,115,14,6,7
61,86,27,18,3
61,198,9,5,4
61,168,33,20,12
61,483,25,12,10
61,579,4,2,1
61,1102,1,1,0
61,376,3,1,1
61,248,3,1,1
61,1021,14,7,3
61,1031,1,1,0
61,181,5,1,2
61,1090,2,2,0
61,1119,4,2,2
61,1082,1,1,0
61,113,7,3,3
61,374,6,4,2
61,170,17,11,5
61,176,2,1,1
61,184,20,11,7
61,22,33,21,6
61,695,10,7,3
61,207,41,20,16
61,16,56,34,17
61,779,2,0,0
61,1413,1,0,0
61,333,9,7,1
61,272,2,1,1
61,523,12,9,2
61,426,9,6,2
61,240,11,6,5
61,148,14,6,8
61,638,2,1,1
61,312,4,3,0
61,295,10,5,3
61,259,15,10,5
61,470,1,1,0
61,260,7,4,1
61,222,8,5,1
61,625,1,1,0
61,716,1,1,0
61,707,3,1,1
61,699,11,8,2
61,706,9,6,2
61,293,9,7,1
61,933,1,0,1
61,609,7,4,2
61,850,2,2,0
61,1109,4,3,0
61,317,4,2,1
61,277,8,5,1
61,498,1,1,0
61,461,4,2,1
61,511,1,1,0
61,169,3,3,0
61,1236,1,0,1
61,341,1,1,0
61,358,11,6,4
61,415,5,2,2
61,98,1,1,0
61,396,2,1,0
61,297,9,7,2
61,678,5,2,1
61,734,6,3,2
61,278,8,6,1
61,1195,1,0,0
61,512,1,0,0
61,402,6,5,1
61,340,16,10,3
61,445,12,5,6
61,339,5,4,1
61,360,8,2,6
61,379,8,2,4
61,666,1,1,0
61,1032,1,0,0
61,772,3,2,1
61,741,5,2,2
61,1272,3,1,0
61,688,1,1,0
61,925,2,2,0
61,770,3,2,1
61,230,3,0,2
61,542,4,4,0
61,646,10,6,4
61,816,2,0,2
61,792,2,1,1
61,580,1,1,0
61,467,6,4,2
61,508,12,7,5
61,386,15,8,7
61,1143,2,1,0
61,413,6,5,1
61,273,2,1,0
61,619,2,2,0
61,673,2,1,1
61,854,2,1,0
61,584,3,3,0
61,2537,1,0,0
61,430,1,1,0
61,282,4,2,1
61,494,3,2,1
61,299,1,0,0
61,314,2,1,1
61,1276,1,0,0
61,1133,2,1,1
61,2203,8,7,1
61,906,1,1,0
61,815,2,1,1
61,99,3,2,1
61,362,2,2,0
61,1046,1,0,1
61,1121,2,0,0
61,2717,1,1,0
61,231,1,0,1
61,878,3,2,1
61,52,2,1,1
61,380,1,0,1
61,1251,1,1,0
61,2526,5,4,1
61,2820,1,1,0
61,2860,1,1,0
61,2554,3,2,1
61,2328,1,1,0
61,2296,1,1,0
61,2929,2,2,0
61,2586,1,1,0
61,2308,1,1,0
61,2956,1,1,0
61,381,2,1,1
61,2301,1,0,1
61,621,1,0,0
62,2,26,21,3
62,51,26,15,8
62,87,17,12,4
62,101,7,6,0
62,23,11,6,4
62,34,6,3,1
62,17,27,21,6
62,26,15,12,2
62,24,19,13,4
62,7,14,13,1
62,123,13,9,3
62,14,11,9,0
62,104,3,3,0
62,105,15,11,1
62,238,5,5,0
62,137,12,8,4
62,240,2,1,1
62,208,3,3,0
62,84,7,6,1
62,74,4,4,0
62,82,2,1,0
62,107,6,3,3
62,61,20,12,8
62,36,8,5,1
62,77,12,10,1
62,197,2,2,0
62,88,10,5,3
62,333,7,3,3
62,156,8,7,1
62,76,7,4,3
62,59,27,22,3
62,11,14,10,4
62,56,8,7,1
62,58,9,7,2
62,16,14,10,2
62,37,9,6,1
62,512,1,1,0
62,148,6,5,1
62,327,1,1,0
62,246,3,2,1
62,158,1,1,0
62,147,7,5,2
62,580,1,1,0
62,30,9,7,2
62,143,4,3,1
62,534,4,3,1
62,15,22,14,7
62,259,5,4,0
62,22,12,8,2
62,115,1,1,0
62,222,3,1,0
62,1,4,3,0
62,81,10,7,3
62,339,2,1,1
62,80,8,6,2
62,8,17,10,6
62,93,19,11,5
62,53,31,26,3
62,12,27,21,4
62,256,3,3,0
62,215,4,3,0
62,396,1,1,0
62,145,6,5,1
62,106,5,3,1
62,31,9,7,2
62,890,1,1,0
62,280,11,4,5
62,20,9,7,2
62,755,2,2,0
62,260,1,0,1
62,659,2,1,1
62,625,1,1,0
62,314,1,1,0
62,675,1,0,1
62,353,1,0,1
62,684,1,0,1
62,57,15,10,4
62,184,9,5,3
62,297,1,0,0
62,33,9,5,3
62,282,2,0,2
62,399,2,1,0
62,97,4,1,2
62,179,1,1,0
62,25,10,10,0
62,635,3,3,0
62,157,6,5,1
62,28,8,6,1
62,19,7,4,2
62,9,7,7,0
62,358,2,2,0
62,169,1,0,0
62,301,7,5,2
62,318,8,6,2
62,146,2,0,1
62,431,1,1,0
62,218,6,2,4
62,779,5,5,0
62,159,6,5,1
62,278,1,0,1
62,175,2,2,0
62,98,1,1,0
62,21,10,7,2
62,167,1,1,0
62,234,2,1,0
62,199,11,7,3
62,426,2,1,1
62,334,1,1,0
62,347,2,2,0
62,273,1,1,0
62,666,1,0,0
62,13,5,3,2
62,55,11,8,3
62,695,5,3,2
62,85,5,5,0
62,706,8,4,3
62,609,4,3,1
62,716,1,1,0
62,18,10,5,3
62,144,6,3,2
62,277,1,0,0
62,360,2,1,1
62,430,2,1,1
62,60,14,8,3
62,149,2,1,0
62,78,5,4,1
62,336,2,1,1
62,554,1,0,0
62,295,1,1,0
62,439,2,1,1
62,390,3,0,2
62,461,1,0,0
62,311,2,2,0
62,361,1,1,0
62,321,2,2,0
62,362,2,2,0
62,462,2,2,0
62,121,4,2,0
62,40,2,2,0
62,359,2,1,1
62,300,3,2,0
62,103,5,3,1
62,32,1,1,0
62,304,2,2,0
62,513,3,3,0
62,395,3,3,0
62,341,1,1,0
62,320,1,0,1
62,294,2,0,2
62,168,3,3,0
62,1021,3,2,0
62,181,1,1,0
62,772,3,2,0
62,850,1,1,0
62,122,7,4,3
62,692,5,3,1
62,560,1,1,0
62,467,7,5,1
62,310,2,1,1
62,408,2,1,0
62,349,1,1,0
62,299,1,0,0
62,511,1,0,1
62,542,1,1,0
62,419,3,2,0
62,688,1,1,0
62,381,1,1,0
62,379,5,3,0
62,501,4,3,1
62,661,1,0,1
62,86,2,1,0
62,781,1,1,0
62,707,2,1,0
62,293,1,1,0
62,699,2,1,1
62,646,3,1,1
62,196,2,2,0
62,281,1,0,1
62,83,1,1,0
62,386,1,1,0
62,75,1,1,0
62,374,1,1,0
62,471,3,0,2
62,230,1,1,0
62,621,1,0,1
62,415,3,0,2
62,496,1,1,0
62,483,2,1,1
62,1133,1,1,0
62,340,1,1,0
62,734,2,2,0
62,207,2,1,1
62,445,3,1,2
62,678,1,1,0
62,248,1,1,0
62,109,1,0,1
62,429,1,0,0
62,170,1,1,0
62,258,4,2,1
62,171,1,0,1
62,376,1,1,0
62,176,1,1,0
62,198,1,1,0
62,39,1,0,1
62,579,1,1,0
62,2526,1,1,0
62,2854,1,1,0
62,2855,3,3,0
62,2860,4,4,0
62,2861,3,0,2
62,700,1,1,0
62,1119,3,3,0
62,2296,2,2,0
62,2308,2,2,0
62,673,1,0,0
62,878,1,0,0
62,118,1,1,0
62,2089,1,0,0
63,2,3,2,1
63,51,4,2,1
63,101,1,0,0
63,17,2,0,1
63,137,3,1,1
63,74,1,0,0
63,15,1,0,1
63,11,1,0,1
63,97,2,1,0
63,294,2,1,1
63,118,1,1,0
63,18,2,1,1
63,695,1,0,0
63,81,2,1,1
63,360,1,0,1
63,59,2,1,0
63,19,1,1,0
63,554,1,1,0
63,24,1,0,0
63,358,1,0,0
63,16,1,1,0
63,688,1,0,1
63,850,1,0,0
63,238,1,0,1
63,310,2,1,0
63,430,1,1,0
63,57,2,0,1
63,121,1,0,0
63,25,1,1,0
63,361,1,1,0
63,88,1,1,0
63,28,1,0,0
63,300,2,2,0
63,273,1,0,0
63,87,1,1,0
63,1717,1,0,0
63,278,1,0,0
63,175,1,1,0
63,33,1,0,1
63,98,1,1,0
63,61,1,0,1
63,36,1,1,0
63,779,1,0,1
63,336,1,0,1
63,20,1,0,1
63,22,1,1,0
63,675,1,1,0
63,77,1,0,1
63,301,1,1,0
63,13,1,1,0
63,215,1,0,0
63,311,1,0,0
63,277,1,1,0
63,176,2,1,0
63,706,1,1,0
63,148,1,1,0
63,258,1,1,0
63,692,2,1,0
63,256,1,0,1
63,431,1,0,1
63,159,1,1,0
63,208,1,1,0
64,2,2,1,1
64,51,1,0,1
64,17,3,2,0
64,26,2,2,0
64,105,3,3,0
64,11,1,1,0
64,200,2,2,0
64,87,2,1,1
64,196,1,1,0
64,36,2,2,0
64,16,1,1,0
64,379,1,1,0
64,76,1,1,0
64,1,1,1,0
64,58,1,1,0
64,327,1,1,0
64,692,1,1,0
64,159,1,0,1
64,197,1,0,1
64,381,1,0,1
64,148,1,1,0
64,310,1,0,1
64,77,1,1,0
64,399,1,0,0
64,52,1,1,0
64,296,1,1,0
64,207,1,0,1
64,147,1,0,1
64,349,1,0,0
64,22,1,0,1
64,240,1,0,0
64,300,1,0,1
64,646,2,0,1
64,699,1,1,0
64,170,1,0,1
64,318,1,1,0
64,635,1,0,1
65,2,1,0,1
65,51,1,1,0
65,107,1,0,0
65,87,1,1,0
65,23,5,2,2
65,123,2,2,0
65,159,1,1,0
65,36,3,3,0
65,77,2,1,1
65,167,1,1,0
65,83,1,1,0
65,60,1,0,1
65,57,1,1,0
65,56,1,0,1
65,37,1,1,0
65,0,1,1,0
65,399,4,3,1
65,246,2,1,1
65,158,1,1,0
65,390,1,1,0
65,347,2,1,1
65,439,1,0,0
65,22,1,1,0
65,321,1,1,0
65,362,2,1,1
65,9,1,0,0
65,20,1,1,0
65,81,2,2,0
65,103,3,1,1
65,75,1,1,0
65,471,1,1,0
65,621,1,1,0
65,1267,1,1,0
65,234,1,1,0
65,25,2,1,1
65,58,2,1,1
65,498,1,0,0
65,84,1,1,0
65,8,1,1,0
65,97,1,1,0
65,40,2,2,0
65,334,1,1,0
65,281,1,0,1
65,53,1,1,0
65,179,1,0,1
65,171,1,1,0
65,379,1,1,0
65,24,1,1,0
65,78,1,1,0
65,199,1,1,0
65,850,1,0,1
65,184,1,1,0
65,598,1,0,1
65,273,1,0,1
65,168,1,1,0
65,28,1,0,1
65,17,2,1,0
65,170,1,1,0
65,104,1,0,1
65,259,2,2,0
65,55,1,1,0
65,419,1,1,0
65,148,2,2,0
65,426,1,0,1
65,258,1,0,1
65,310,1,0,1
65,339,1,1,0
65,31,1,1,0
65,122,1,0,1
65,13,1,0,1
65,218,1,1,0
65,208,1,0,1
65,88,1,1,0
65,16,1,0,0
65,716,1,1,0
66,2,1,0,1
66,87,1,1,0
66,23,2,2,0
66,17,1,1,0
66,137,1,1,0
66,159,1,1,0
66,98,2,2,0
66,39,2,2,0
66,333,1,0,1
66,12,2,1,1
66,57,1,1,0
66,121,1,0,1
66,19,2,1,1
66,426,1,1,0
66,171,1,1,0
66,158,2,2,0
66,431,1,1,0
66,15,2,1,1
66,673,1,1,0
66,1,3,2,1
66,36,2,1,1
66,145,1,0,1
66,396,1,1,0
66,501,2,1,1
66,580,1,1,0
66,755,1,1,0
66,541,2,1,0
66,30,1,1,0
66,218,1,0,1
66,358,1,0,1
66,147,1,0,0
66,777,1,1,0
66,339,1,1,0
66,82,1,1,0
66,327,1,1,0
66,179,1,0,1
66,181,1,1,0
66,88,1,1,0
66,312,1,1,0
66,461,1,1,0
66,0,1,1,0
66,324,1,1,0
66,60,1,1,0
66,77,1,1,0
66,281,1,1,0
66,816,1,1,0
66,334,1,0,1
66,123,1,1,0
66,25,1,1,0
66,53,1,1,0
66,624,1,1,0
66,143,1,0,1
66,883,1,0,1
66,200,1,0,1
66,149,1,1,0
66,321,1,1,0
67,2,2,2,0
67,207,2,1,1
67,395,1,1,0
67,93,1,1,0
67,230,1,1,0
67,145,1,0,1
67,1,1,1,0
67,23,2,1,1
67,118,1,1,0
67,137,2,1,1
67,88,1,1,0
67,240,1,0,1
67,246,2,1,1
67,659,1,0,0
67,84,1,1,0
67,18,1,1,0
67,300,1,1,0
67,197,3,2,1
67,58,1,1,0
67,37,2,2,0
67,40,1,1,0
67,179,1,1,0
67,123,1,0,1
67,7,1,0,1
67,159,2,2,0
67,358,1,1,0
67,21,1,1,0
67,431,1,0,1
67,156,1,0,1
67,259,2,1,1
67,930,1,0,1
67,1203,1,1,0
67,105,1,1,0
67,25,1,0,1
67,34,1,0,1
67,106,1,1,0
67,55,1,1,0
67,51,2,1,1
67,836,1,1,0
67,20,1,1,0
67,57,1,0,1
67,8,1,0,1
67,53,1,1,0
67,272,1,1,0
67,512,1,0,1
67,85,1,1,0
67,17,1,1,0
67,61,1,1,0
67,297,1,1,0
67,144,1,1,0
68,2,3,2,1
68,25,2,2,0
68,196,1,1,0
68,7,1,1,0
68,137,2,1,1
68,98,1,1,0
68,83,2,2,0
68,36,1,1,0
68,11,1,1,0
68,483,2,0,2
68,23,3,2,1
68,159,1,0,1
68,144,1,1,0
68,60,3,0,1
68,78,1,1,0
68,106,1,1,0
68,207,1,0,1
68,260,1,1,0
68,101,2,1,1
68,24,1,1,0
68,439,1,1,0
68,360,1,0,1
68,256,2,2,0
68,149,1,1,0
68,85,2,1,1
68,431,2,2,0
68,598,2,2,0
68,471,1,1,0
68,16,3,2,1
68,688,1,1,0
68,792,2,1,1
68,609,2,0,2
68,850,1,1,0
68,84,1,1,0
68,30,1,1,0
68,197,1,1,0
68,390,2,1,1
68,300,1,1,0
68,51,5,4,1
68,334,1,0,1
68,258,1,0,1
68,82,2,2,0
68,296,1,1,0
68,706,2,1,1
68,692,1,0,1
68,31,3,2,1
68,17,3,1,1
68,699,2,1,0
68,667,1,0,1
68,9,3,1,1
68,216,2,2,0
68,280,2,1,1
68,218,2,0,2
68,13,1,0,0
68,18,1,1,0
68,310,1,1,0
68,75,1,1,0
68,432,1,0,1
68,501,1,1,0
68,61,5,2,3
68,148,1,0,1
68,57,1,0,1
68,121,1,1,0
68,34,1,1,0
68,87,2,1,1
68,234,2,2,0
68,81,1,1,0
68,171,1,0,1
68,56,2,2,0
68,28,3,2,1
68,272,1,1,0
68,295,1,1,0
68,19,1,1,0
68,147,1,1,0
68,80,1,1,0
68,8,1,0,1
68,53,4,4,0
68,77,1,1,0
68,74,1,1,0
68,2861,1,1,0
68,12,1,1,0
68,199,2,1,1
68,523,1,0,0
68,21,1,1,0
68,200,1,1,0
69,2,1,1,0
69,143,1,1,0
69,197,1,1,0
69,445,1,0,1
69,107,1,1,0
69,103,1,1,0
69,321,1,1,0
69,282,1,0,0
69,11,2,2,0
69,25,1,1,0
69,17,1,1,0
69,685,1,1,0
69,184,1,1,0
69,299,1,0,0
69,218,1,0,1
69,36,1,0,1
69,199,1,0,1
69,175,1,1,0
70,2,2,2,0
70,105,1,0,1
70,317,3,0,2
70,144,1,1,0
70,360,1,0,0
70,57,2,1,1
70,16,1,0,1
70,246,1,0,1
70,256,1,1,0
70,37,2,2,0
70,9,1,0,1
70,21,3,2,1
70,11,2,0,1
70,429,1,0,0
70,199,2,1,0
70,1,3,1,1
70,7,3,2,1
70,137,1,0,1
70,523,1,0,1
70,240,1,1,0
70,168,1,0,0
70,28,1,1,0
70,24,1,0,0
70,59,1,1,0
70,26,1,1,0
70,123,2,1,0
70,55,1,1,0
70,34,1,1,0
70,121,2,1,1
70,14,1,1,0
70,80,1,1,0
70,61,1,1,0
70,12,1,0,1
70,22,1,1,0
70,87,1,0,0
70,23,1,1,0
70,208,1,0,1
70,511,1,1,0
70,106,1,0,1
70,170,1,0,0
70,78,1,0,1
70,101,1,0,0
70,1195,1,1,0
70,53,1,0,1
70,156,2,1,0
70,341,1,1,0
70,86,1,1,0
70,1203,2,0,1
70,218,1,1,0
70,18,1,0,0
70,17,1,0,0
71,2,2,2,0
71,81,1,1,0
71,17,1,1,0
71,84,2,2,0
71,61,1,1,0
71,379,1,0,0
71,419,1,0,0
71,197,1,1,0
71,19,1,1,0
71,58,1,1,0
71,215,1,1,0
71,37,1,1,0
71,492,2,1,0
71,512,1,1,0
71,106,1,1,0
71,258,1,1,0
71,20,1,1,0
71,260,1,1,0
71,88,1,1,0
71,24,1,1,0
71,426,1,1,0
72,2,1,1,0
72,26,1,1,0
72,339,1,0,0
72,77,1,1,0
72,399,1,1,0
72,40,1,1,0
72,22,1,1,0
72,314,1,1,0
72,410,1,1,0
72,296,2,1,1
72,167,1,0,1
72,146,1,1,0
72,498,1,0,1
72,512,3,1,0
72,638,1,1,0
72,106,2,2,0
72,619,1,0,1
72,358,2,1,1
72,327,1,1,0
72,234,1,0,0
72,33,1,1,0
72,390,1,1,0
72,584,1,1,0
72,171,1,0,1
72,333,1,1,0
72,51,3,0,3
72,238,1,0,1
72,19,1,1,0
72,312,1,0,1
72,483,1,0,1
72,157,1,0,1
72,646,1,0,0
72,925,1,1,0
72,147,1,0,1
72,179,1,1,0
73,2,2,0,1
73,31,1,0,0
73,51,3,2,1
73,13,4,2,2
73,87,3,2,0
73,24,1,1,0
73,82,2,2,0
73,107,1,1,0
73,61,1,1,0
73,341,1,1,0
73,145,1,1,0
73,179,1,1,0
73,499,1,1,0
73,17,1,1,0
73,103,1,1,0
73,523,1,1,0
73,598,1,1,0
73,222,1,1,0
73,7,1,0,1
73,218,1,1,0
73,300,2,1,1
73,280,2,2,0
73,1109,1,1,0
73,14,1,1,0
73,167,1,1,0
73,57,4,4,0
73,340,1,1,0
73,28,1,1,0
73,76,2,1,1
73,36,1,1,0
73,8,1,1,0
73,246,1,0,1
73,26,2,2,0
73,772,1,1,0
73,256,1,0,0
73,75,1,0,1
73,1,1,0,1
73,84,1,0,1
73,97,1,1,0
73,281,1,0,1
73,199,2,0,1
73,88,1,1,0
73,777,1,1,0
73,34,1,0,1
73,646,1,1,0
73,699,1,1,0
73,86,1,1,0
73,379,1,1,0
73,53,2,1,1
73,207,1,1,0
73,19,1,1,0
73,259,1,1,0
73,483,1,1,0
73,2860,1,1,0
74,23,9,4,3
74,7,4,3,0
74,137,11,5,4
74,339,6,4,0
74,74,121,55,55
74,358,4,3,0
74,379,6,4,1
74,36,1,0,0
74,333,5,2,0
74,216,6,4,1
74,471,6,3,1
74,432,4,1,2
74,256,7,4,2
74,215,3,1,1
74,52,3,1,2
74,492,8,4,1
74,399,14,8,5
74,109,2,0,1
74,467,4,2,2
74,170,8,4,3
74,439,2,1,0
74,324,7,4,1
74,508,2,1,1
74,273,4,4,0
74,415,5,1,1
74,619,2,2,0
74,372,2,1,1
74,496,1,1,0
74,667,1,0,0
74,483,9,5,3
74,579,2,1,1
74,359,30,7,19
74,362,2,1,0
74,675,4,0,2
74,624,1,0,1
74,87,15,5,6
74,17,5,2,3
74,123,2,2,0
74,218,1,1,0
74,144,8,6,2
74,103,4,2,1
74,167,5,3,1
74,83,2,1,1
74,156,6,4,2
74,76,9,5,4
74,57,3,2,1
74,56,5,2,2
74,149,9,4,3
74,494,7,2,4
74,512,5,3,0
74,171,5,2,1
74,145,4,1,2
74,157,3,1,1
74,513,2,2,0
74,179,4,2,1
74,200,8,2,4
74,143,6,4,2
74,295,6,3,2
74,598,1,1,0
74,912,2,0,2
74,470,2,2,0
74,139,3,0,2
74,311,7,2,3
74,118,1,0,0
74,222,7,2,4
74,692,5,2,2
74,713,3,3,0
74,673,1,1,0
74,906,1,1,0
74,104,3,1,0
74,105,7,4,1
74,238,4,0,2
74,158,6,4,1
74,184,3,3,0
74,584,5,4,1
74,13,2,1,1
74,81,4,3,1
74,26,7,6,1
74,281,3,1,2
74,84,14,8,5
74,310,8,5,2
74,300,5,0,4
74,61,14,3,9
74,107,10,4,5
74,175,10,5,2
74,33,3,2,1
74,77,13,7,5
74,413,6,3,1
74,88,11,6,4
74,282,3,1,2
74,19,3,3,0
74,1113,2,2,0
74,0,6,5,1
74,347,10,3,6
74,327,6,2,4
74,246,5,4,1
74,106,3,2,1
74,318,4,4,0
74,30,3,3,0
74,85,3,2,1
74,431,2,2,0
74,349,8,3,4
74,279,6,3,2
74,207,5,5,0
74,260,2,0,2
74,321,4,1,3
74,625,3,1,2
74,518,2,2,0
74,319,2,2,0
74,1102,1,1,0
74,376,8,3,3
74,1119,1,0,1
74,1032,1,1,0
74,1082,1,0,0
74,430,11,7,3
74,169,2,2,0
74,408,3,1,1
74,301,3,1,1
74,51,2,1,0
74,34,2,1,0
74,18,5,3,1
74,21,3,1,2
74,146,7,3,4
74,1088,3,0,3
74,277,14,7,4
74,197,7,3,3
74,523,4,2,1
74,336,5,1,2
74,122,2,2,0
74,147,4,1,2
74,334,3,3,0
74,99,1,0,0
74,361,4,1,1
74,196,5,1,1
74,278,3,0,2
74,659,6,4,1
74,9,6,4,1
74,59,2,1,1
74,58,2,2,0
74,294,2,2,0
74,402,5,3,0
74,168,1,1,0
74,113,1,1,0
74,240,5,1,4
74,148,9,6,3
74,31,3,3,0
74,716,1,1,0
74,831,3,2,0
74,304,2,2,0
74,159,7,5,2
74,501,4,2,1
74,98,3,3,0
74,395,4,0,1
74,97,2,2,0
74,296,3,1,1
74,314,2,0,2
74,410,4,3,0
74,234,2,2,0
74,341,1,0,0
74,542,9,7,2
74,121,4,2,1
74,198,9,6,2
74,637,1,0,1
74,340,1,1,0
74,1811,1,0,1
74,1,3,2,0
74,772,3,1,1
74,25,7,4,1
74,230,5,0,2
74,40,1,1,0
74,534,1,1,0
74,426,4,3,0
74,176,2,1,0
74,208,4,2,2
74,320,3,2,1
74,82,5,3,0
74,55,5,3,2
74,1865,2,2,0
74,390,9,0,7
74,674,1,0,0
74,419,2,2,0
74,511,1,0,0
74,93,1,1,0
74,429,2,2,0
74,933,1,1,0
74,1203,1,0,0
74,560,2,1,1
74,11,1,1,0
74,374,2,0,2
74,297,2,2,0
74,381,3,2,0
74,688,2,0,1
74,699,3,1,2
74,850,2,1,1
74,770,1,0,0
74,53,5,2,3
74,199,9,6,3
74,554,2,1,1
74,360,3,1,2
74,299,4,3,1
74,280,4,1,2
74,28,5,2,3
74,781,2,2,0
74,22,1,1,0
74,646,2,2,0
74,777,1,0,1
74,60,7,6,1
74,445,1,0,1
74,678,1,1,0
74,115,8,3,3
74,862,1,0,1
74,86,1,0,1
74,101,9,2,6
74,248,1,0,1
74,695,1,0,1
74,609,2,0,2
74,1127,1,0,0
74,854,2,0,0
74,2732,1,1,0
74,181,1,0,0
74,1717,1,0,0
74,878,1,1,0
74,1149,1,1,0
74,258,1,1,0
74,272,2,1,0
74,2861,1,1,0
74,515,1,0,0
74,231,1,0,1
74,1046,1,0,1
74,20,1,1,0
74,16,1,0,1
74,1272,1,1,0
74,948,4,3,1
74,771,1,0,1
74,498,2,1,1
74,259,1,1,0
74,621,1,0,1
74,700,1,0,1
74,918,1,0,1
74,1341,7,4,3
74,499,1,0,0
74,414,1,1,0
74,396,1,0,1
74,792,1,1,0
75,74,6,4,1
75,123,6,5,1
75,104,8,4,4
75,218,8,6,0
75,137,11,3,4
75,208,1,1,0
75,82,5,4,1
75,277,7,3,4
75,103,7,3,2
75,413,2,0,1
75,419,3,1,0
75,12,4,2,1
75,59,17,8,8
75,75,41,24,12
75,40,5,3,1
75,145,8,6,2
75,97,6,4,2
75,294,5,4,0
75,534,5,4,0
75,25,15,9,4
75,470,1,1,0
75,324,4,1,1
75,311,7,0,4
75,372,1,0,0
75,496,3,2,1
75,673,3,2,0
75,674,1,0,1
75,340,6,3,2
75,1,2,1,1
75,87,13,8,1
75,101,10,4,5
75,34,4,4,0
75,196,3,1,2
75,105,13,7,4
75,179,9,7,2
75,159,15,6,9
75,278,7,4,3
75,80,5,3,2
75,93,8,4,4
75,156,3,1,2
75,282,16,8,5
75,121,11,6,5
75,19,9,6,2
75,78,10,7,2
75,523,5,3,1
75,429,5,4,1
75,85,20,5,10
75,374,4,2,1
75,207,3,0,2
75,461,3,1,1
75,755,1,0,0
75,734,1,1,0
75,390,3,3,0
75,414,1,1,0
75,483,3,2,0
75,314,5,4,1
75,319,2,1,1
75,906,1,0,1
75,84,3,1,1
75,272,4,3,0
75,53,4,3,1
75,7,9,4,2
75,175,7,4,3
75,379,7,4,2
75,36,15,7,6
75,77,8,3,5
75,88,7,5,2
75,56,9,3,5
75,408,4,1,1
75,513,3,0,2
75,147,10,8,2
75,598,2,0,2
75,279,3,2,0
75,347,4,1,3
75,170,7,6,1
75,280,2,2,0
75,222,3,1,1
75,619,2,1,0
75,1102,3,2,1
75,248,2,0,1
75,1082,1,1,0
75,1171,2,2,0
75,23,12,7,3
75,17,6,3,2
75,26,10,4,3
75,317,1,1,0
75,107,9,5,3
75,360,3,1,2
75,9,12,6,4
75,167,4,1,1
75,256,5,2,2
75,492,1,1,0
75,0,3,2,0
75,122,4,1,3
75,158,8,4,2
75,109,3,1,2
75,312,3,1,1
75,471,7,2,1
75,415,11,4,4
75,542,5,3,2
75,115,2,2,0
75,55,5,2,3
75,16,2,2,0
75,81,8,5,2
75,216,2,2,0
75,76,7,5,1
75,146,7,5,1
75,149,7,3,3
75,240,3,1,1
75,560,5,3,2
75,31,5,4,1
75,143,9,6,3
75,15,4,3,1
75,259,5,4,0
75,273,3,2,0
75,653,1,1,0
75,1147,1,0,0
75,113,1,0,1
75,215,4,1,2
75,399,3,1,1
75,28,6,4,2
75,58,7,6,1
75,246,3,2,1
75,659,3,0,1
75,32,10,9,0
75,169,1,1,0
75,57,14,9,4
75,299,1,1,0
75,358,4,3,1
75,541,1,1,0
75,1236,1,1,0
75,24,6,4,2
75,144,3,2,1
75,198,1,0,0
75,624,1,0,1
75,238,6,3,1
75,339,2,2,0
75,11,2,1,0
75,234,3,1,1
75,296,8,4,1
75,376,3,1,0
75,310,9,1,6
75,395,3,2,1
75,60,4,3,1
75,106,3,2,1
75,297,5,4,1
75,410,1,0,0
75,334,2,0,1
75,652,1,0,0
75,678,2,2,0
75,304,1,1,0
75,197,4,3,1
75,184,7,3,2
75,336,2,2,0
75,318,3,1,2
75,501,1,1,0
75,176,6,2,2
75,281,2,1,1
75,1195,1,0,0
75,333,3,2,0
75,494,4,3,1
75,301,10,2,6
75,445,3,2,1
75,37,3,2,1
75,52,1,0,0
75,584,1,0,1
75,512,2,1,0
75,638,4,2,1
75,258,8,5,3
75,402,1,1,0
75,22,10,6,4
75,772,3,2,0
75,300,2,0,2
75,781,2,2,0
75,692,2,1,0
75,707,1,0,1
75,51,2,1,1
75,61,1,0,0
75,8,3,1,1
75,148,3,2,1
75,295,4,2,2
75,467,2,0,2
75,230,2,1,1
75,380,1,1,0
75,864,3,2,1
75,359,5,4,1
75,362,7,4,1
75,432,3,3,0
75,30,3,3,0
75,171,2,2,0
75,779,3,1,1
75,930,1,1,0
75,646,3,1,1
75,854,1,1,0
75,609,1,0,1
75,13,6,5,1
75,21,4,2,1
75,430,1,0,1
75,199,2,1,1
75,426,3,1,2
75,815,1,0,1
75,99,1,0,0
75,118,1,1,0
75,608,2,0,2
75,139,1,0,0
75,361,1,0,1
75,157,3,1,0
75,200,2,1,1
75,168,3,2,1
75,18,1,1,0
75,20,1,1,0
75,878,3,1,0
75,320,1,0,0
75,741,1,0,1
75,901,1,0,1
75,260,2,2,0
75,508,1,1,0
75,2526,1,0,1
75,439,2,0,2
75,695,2,1,1
75,1413,1,1,0
75,684,1,0,1
75,685,1,0,1
76,77,2,1,1
76,23,2,1,1
76,105,2,2,0
76,82,1,1,0
76,36,2,1,1
76,83,2,1,1
76,272,1,0,0
76,76,32,18,9
76,78,1,1,0
76,390,12,4,7
76,499,2,1,0
76,579,1,1,0
76,121,2,2,0
76,492,7,3,2
76,376,6,1,2
76,359,2,0,1
76,523,1,1,0
76,171,2,1,1
76,97,2,1,1
76,361,1,1,0
76,198,2,0,0
76,542,6,2,3
76,181,1,1,0
76,115,1,1,0
76,339,1,0,0
76,106,1,0,1
76,358,1,1,0
76,39,1,1,0
76,324,2,1,1
76,496,1,0,0
76,314,1,1,0
76,281,1,1,0
76,1,1,1,0
76,93,1,0,0
76,31,1,1,0
76,258,2,1,0
76,625,1,1,0
76,7,1,0,1
76,85,1,1,0
76,304,3,1,1
76,88,2,0,2
76,471,1,1,0
76,678,1,1,0
76,107,3,2,1
76,87,3,2,0
76,277,1,0,1
76,413,1,1,0
76,167,2,2,0
76,432,1,1,0
76,429,1,0,0
76,273,1,0,1
76,16,2,1,0
76,483,1,0,1
76,137,2,2,0
76,144,1,1,0
76,80,1,1,0
76,1195,1,0,0
76,156,9,6,1
76,199,1,1,0
76,347,2,2,0
76,280,3,0,2
76,74,4,1,2
76,81,2,2,0
76,109,1,0,0
76,30,1,0,0
76,294,3,1,0
76,295,1,0,0
76,511,1,0,0
76,118,1,0,0
76,157,2,2,0
76,379,1,0,0
76,75,1,0,1
76,159,1,0,1
76,21,1,1,0
76,60,1,1,0
76,216,1,1,0
76,1276,1,0,1
76,431,1,1,0
76,310,1,0,1
76,9,2,1,0
76,414,1,0,1
76,906,1,0,0
76,2,1,0,1
76,218,1,0,0
76,53,1,0,1
76,476,1,0,1
76,467,1,1,0
76,419,1,1,0
76,1147,1,0,1
76,238,1,0,0
76,149,1,1,0
76,147,1,1,0
76,260,1,0,1
76,360,1,0,1
76,619,1,0,0
76,699,2,0,1
76,948,1,0,1
76,771,1,0,1
76,179,1,0,0
76,815,1,0,0
76,52,1,1,0
76,2360,2,2,0
76,103,1,1,0
76,56,1,1,0
76,0,3,1,2
76,445,1,0,1
76,637,1,1,0
76,28,1,1,0
76,399,1,1,0
76,386,1,1,0
77,13,5,4,1
77,23,20,8,10
77,28,34,17,12
77,196,25,16,6
77,99,4,1,2
77,24,23,12,9
77,123,15,12,3
77,14,2,2,0
77,104,37,21,12
77,105,30,19,6
77,218,8,4,3
77,137,45,21,19
77,208,24,15,6
77,304,10,7,0
77,84,57,34,17
77,159,44,27,10
77,258,8,3,3
77,144,45,26,13
77,82,18,5,7
77,61,8,5,1
77,358,16,12,3
77,77,354,175,150
77,413,48,20,19
77,55,20,10,7
77,197,24,12,4
77,167,14,6,6
77,430,18,10,3
77,432,26,14,6
77,88,20,12,6
77,349,7,6,0
77,333,11,7,2
77,216,38,22,5
77,272,16,12,3
77,59,8,6,1
77,256,15,8,4
77,58,10,6,3
77,149,18,5,7
77,494,30,11,16
77,234,10,7,3
77,16,13,8,4
77,75,9,6,2
77,492,12,4,5
77,523,9,4,2
77,399,54,21,22
77,40,14,5,7
77,426,19,8,7
77,336,30,19,11
77,408,60,29,24
77,301,15,5,5
77,106,12,8,1
77,318,23,10,11
77,31,18,13,1
77,85,11,8,1
77,402,26,16,4
77,295,10,6,2
77,467,13,4,4
77,598,5,3,0
77,334,29,14,9
77,230,9,4,5
77,608,5,1,1
77,25,28,14,11
77,176,24,10,10
77,461,13,7,4
77,386,5,4,0
77,476,2,1,1
77,311,17,9,6
77,115,10,7,3
77,260,3,1,2
77,415,19,8,4
77,222,23,15,7
77,361,20,7,7
77,86,5,4,0
77,414,8,5,3
77,496,4,4,0
77,667,2,2,0
77,579,28,16,6
77,362,24,12,6
77,542,15,10,3
77,624,14,13,1
77,353,2,0,1
77,310,24,13,10
77,278,5,4,1
77,277,25,10,8
77,379,20,14,5
77,83,6,3,2
77,93,17,12,4
77,57,18,9,8
77,215,31,12,9
77,240,21,9,6
77,327,42,15,16
77,158,19,11,5
77,147,29,16,10
77,200,35,10,16
77,890,1,0,1
77,39,52,25,21
77,534,7,6,1
77,431,9,7,2
77,279,16,6,9
77,347,28,18,7
77,584,30,10,17
77,296,12,3,5
77,918,8,3,5
77,299,40,21,14
77,508,8,5,2
77,511,3,3,0
77,654,1,1,0
77,621,4,3,1
77,755,1,1,0
77,734,7,4,1
77,940,2,2,0
77,321,15,9,4
77,713,13,9,3
77,198,18,8,5
77,32,26,15,6
77,372,5,3,1
77,700,7,4,1
77,363,1,1,0
77,319,5,3,1
77,883,2,1,0
77,837,1,1,0
77,972,3,1,1
77,996,1,0,1
77,998,1,1,0
77,18,12,6,5
77,103,27,14,7
77,21,22,16,5
77,56,17,11,5
77,199,32,20,6
77,30,39,19,17
77,184,5,4,0
77,170,53,28,18
77,207,11,8,2
77,87,55,29,20
77,300,44,29,6
77,101,48,27,17
77,638,11,4,4
77,675,3,2,0
77,259,16,6,5
77,340,6,2,1
77,1,17,11,4
77,2,3,3,0
77,51,13,8,3
77,81,26,18,7
77,26,12,5,5
77,238,31,12,11
77,339,18,8,6
77,74,28,16,9
77,360,25,15,5
77,1031,1,0,1
77,36,13,7,2
77,53,4,3,0
77,282,9,5,2
77,1082,1,0,0
77,76,13,7,6
77,121,24,10,7
77,19,20,9,7
77,146,7,4,1
77,52,15,6,0
77,37,4,2,1
77,512,11,3,6
77,499,4,4,0
77,513,7,5,1
77,501,2,1,1
77,294,20,12,5
77,143,14,7,7
77,912,3,3,0
77,445,4,3,1
77,20,4,3,1
77,157,7,3,3
77,666,2,0,1
77,1108,1,1,0
77,181,1,0,1
77,640,1,1,0
77,684,9,2,4
77,1148,1,0,1
77,7,37,22,10
77,419,29,13,9
77,246,14,7,3
77,439,10,3,4
77,470,2,1,0
77,139,8,2,2
77,273,8,5,0
77,314,7,3,2
77,22,5,2,3
77,168,11,6,4
77,107,17,6,6
77,9,16,6,7
77,80,7,3,3
77,175,22,12,8
77,695,3,1,2
77,171,17,12,3
77,145,22,10,8
77,122,8,2,4
77,554,11,9,2
77,471,20,15,4
77,380,5,3,1
77,854,5,4,0
77,659,20,6,7
77,1276,8,4,3
77,359,11,5,3
77,716,2,1,1
77,148,20,10,8
77,179,19,10,6
77,312,14,3,6
77,619,4,2,1
77,779,2,1,0
77,560,3,1,1
77,652,1,1,0
77,410,1,1,0
77,397,7,3,1
77,673,3,1,1
77,674,2,1,1
77,1147,1,1,0
77,60,14,10,4
77,381,3,3,0
77,707,4,1,1
77,985,2,0,0
77,17,12,5,3
77,390,3,3,0
77,33,2,2,0
77,395,7,3,2
77,0,30,13,8
77,324,2,2,0
77,541,4,2,2
77,498,11,8,1
77,580,1,1,0
77,1236,2,1,0
77,1423,6,3,1
77,374,10,5,2
77,1091,1,0,1
77,317,6,4,2
77,169,3,2,1
77,34,4,3,0
77,8,8,4,3
77,341,1,1,0
77,97,6,4,2
77,429,7,3,4
77,1811,1,0,0
77,281,14,5,1
77,156,8,4,2
77,78,11,4,6
77,678,2,1,1
77,11,1,1,0
77,98,2,0,0
77,483,2,0,1
77,396,1,0,1
77,109,13,10,1
77,320,6,1,3
77,772,1,1,0
77,741,2,1,0
77,706,4,3,0
77,770,5,3,2
77,1203,1,1,0
77,15,1,1,0
77,1362,1,0,1
77,12,4,1,2
77,1109,2,1,1
77,297,6,1,5
77,518,2,1,1
77,376,2,0,2
77,864,2,2,0
77,663,3,1,1
77,280,9,3,3
77,688,4,1,1
77,816,3,1,0
77,293,2,2,0
77,692,3,0,2
77,777,2,2,0
77,2537,1,0,0
77,248,2,0,1
77,906,1,0,1
77,815,3,3,0
77,862,2,2,0
77,637,1,1,0
77,1135,1,0,0
77,1133,1,0,0
77,2656,1,0,1
77,231,1,1,0
77,1717,1,0,1
77,878,1,0,1
77,646,3,0,1
77,2820,1,1,0
77,515,1,1,0
77,503,1,0,1
77,2854,1,1,0
77,609,1,0,1
77,1272,2,0,0
77,3132,1,0,1
77,661,1,1,0
77,717,1,1,0
77,1341,2,2,0
77,2534,1,0,1
77,685,1,1,0
77,699,1,1,0
78,13,2,2,0
78,104,4,3,1
78,82,5,2,3
78,175,5,4,1
78,256,3,1,1
78,149,4,2,1
78,554,3,2,0
78,39,7,3,1
78,374,12,9,3
78,467,4,3,1
78,334,2,0,0
78,176,26,10,16
78,499,1,1,0
78,139,4,3,1
78,280,1,1,0
78,260,11,5,6
78,659,5,3,2
78,81,9,6,1
78,26,3,2,1
78,105,7,5,2
78,137,14,10,4
78,304,2,1,0
78,320,18,10,7
78,259,6,2,4
78,103,3,2,0
78,395,4,1,3
78,36,3,2,1
78,93,3,2,0
78,60,3,1,2
78,272,7,6,0
78,59,2,2,0
78,78,45,26,16
78,52,1,1,0
78,37,1,1,0
78,512,3,2,1
78,40,6,4,1
78,336,3,2,0
78,145,5,3,1
78,158,11,7,3
78,200,4,4,0
78,429,6,3,1
78,294,8,5,3
78,296,17,12,2
78,170,8,8,0
78,476,1,1,0
78,940,1,1,0
78,321,4,2,1
78,168,1,1,0
78,579,2,1,1
78,542,3,1,1
78,340,7,5,1
78,57,12,8,2
78,430,5,4,1
78,295,2,2,0
78,76,4,1,0
78,2,5,5,0
78,87,14,6,4
78,196,6,3,3
78,7,6,4,2
78,123,8,5,3
78,317,10,5,3
78,278,12,4,6
78,107,9,4,4
78,9,7,6,1
78,358,3,1,1
78,33,1,1,0
78,379,7,5,2
78,77,3,0,3
78,88,2,2,0
78,12,3,2,1
78,121,17,10,5
78,146,2,1,0
78,1113,1,0,0
78,75,5,4,1
78,492,3,1,1
78,0,5,3,2
78,240,3,0,3
78,148,7,4,2
78,246,2,2,0
78,31,6,4,1
78,312,1,1,0
78,580,2,0,2
78,143,3,0,2
78,598,7,1,5
78,347,5,2,2
78,470,2,2,0
78,508,1,0,1
78,311,3,1,2
78,222,3,2,1
78,1102,3,0,2
78,972,1,1,0
78,1090,1,1,0
78,640,1,1,0
78,513,3,2,1
78,22,5,2,3
78,84,2,2,0
78,310,4,2,1
78,18,5,4,1
78,300,6,2,3
78,360,7,5,2
78,197,6,2,2
78,16,4,3,0
78,426,4,2,1
78,106,1,1,0
78,147,3,2,1
78,30,5,4,1
78,25,5,2,3
78,930,1,1,0
78,637,1,1,0
78,198,5,4,1
78,372,2,1,1
78,55,2,2,0
78,56,4,2,0
78,399,2,1,1
78,461,4,3,1
78,380,2,2,0
78,23,8,4,3
78,301,5,3,1
78,471,6,3,2
78,101,1,1,0
78,772,3,2,1
78,402,4,3,1
78,28,7,6,1
78,218,3,1,0
78,144,5,3,2
78,413,3,3,0
78,282,9,7,2
78,523,4,2,1
78,652,1,0,0
78,273,13,7,5
78,653,1,0,1
78,318,2,2,0
78,415,11,7,4
78,277,2,0,1
78,21,2,1,0
78,19,7,4,1
78,122,8,4,3
78,97,2,1,1
78,207,2,1,0
78,390,3,1,0
78,361,3,2,1
78,32,1,1,0
78,678,2,1,1
78,494,3,2,1
78,238,2,0,1
78,511,1,0,0
78,208,5,1,3
78,74,8,4,2
78,339,2,1,0
78,167,4,3,1
78,179,4,3,0
78,584,1,1,0
78,483,1,0,1
78,199,2,1,1
78,408,4,3,1
78,184,1,1,0
78,17,1,0,0
78,779,2,0,2
78,215,1,1,0
78,1272,2,2,0
78,115,2,0,2
78,156,2,2,0
78,234,1,1,0
78,327,3,1,2
78,1362,1,1,0
78,159,3,2,1
78,362,3,2,1
78,333,1,1,0
78,638,2,1,1
78,258,4,2,2
78,864,1,1,0
78,862,1,1,0
78,24,9,6,3
78,534,3,1,1
78,157,3,1,2
78,621,1,1,0
78,619,1,1,0
78,706,2,1,1
78,688,2,1,1
78,925,1,1,0
78,359,1,0,1
78,836,1,1,0
78,281,2,1,1
78,646,1,1,0
78,293,1,1,0
78,171,3,2,1
78,1423,1,0,1
78,58,1,1,0
78,230,4,4,0
78,1,1,0,0
78,109,1,0,1
78,635,1,1,0
78,503,1,0,0
78,85,1,0,1
78,673,4,4,0
78,279,2,0,1
78,1046,1,0,1
78,854,1,1,0
78,53,2,1,1
78,324,1,0,1
78,20,1,0,1
78,349,1,0,1
78,386,2,2,0
78,901,1,1,0
78,684,1,0,0
78,515,1,1,0
78,771,1,0,1
78,439,2,2,0
78,99,2,1,1
78,86,1,1,0
78,717,1,1,0
78,419,1,0,1
78,216,3,1,2
78,933,1,0,1
78,695,1,0,0
78,518,2,0,1
78,560,2,0,2
79,51,1,1,0
79,137,2,2,0
79,82,1,1,0
79,175,1,1,0
79,318,1,1,0
79,347,1,1,0
79,11,1,0,1
79,60,1,1,0
79,324,1,1,0
79,415,2,1,0
79,462,1,1,0
79,81,1,0,1
79,197,1,1,0
79,143,1,0,1
79,321,1,1,0
79,379,3,3,0
79,659,1,1,0
79,314,1,0,1
79,238,2,2,0
79,93,3,2,1
79,159,1,0,0
79,293,2,1,1
79,688,2,2,0
79,80,1,1,0
79,349,1,1,0
79,22,1,1,0
79,779,2,2,0
79,9,1,1,0
79,374,1,0,1
79,301,1,0,1
79,17,1,1,0
79,104,1,1,0
79,8,1,1,0
79,198,1,0,0
79,18,1,0,1
79,77,1,0,1
79,199,2,2,0
79,625,1,1,0
79,419,1,0,0
79,53,1,1,0
79,15,2,2,0
79,113,1,0,1
79,0,2,1,1
79,107,1,0,1
79,554,1,0,0
79,341,1,1,0
79,294,2,0,0
79,396,1,0,1
79,878,1,1,0
79,148,1,1,0
79,716,1,0,0
79,30,2,1,1
79,74,2,2,0
79,156,1,1,0
79,246,2,1,0
79,692,1,1,0
79,20,1,1,0
79,386,1,1,0
79,2526,1,1,0
79,218,1,1,0
79,61,1,1,0
79,429,1,0,0
79,467,1,1,0
79,508,1,0,1
79,86,1,1,0
79,1119,1,0,0
79,2935,1,0,1
79,925,1,1,0
79,97,1,1,0
79,336,1,1,0
79,59,1,0,1
79,105,1,0,1
79,646,1,1,0
79,2,1,1,0
79,28,1,1,0
79,7,1,1,0
79,609,1,1,0
80,101,4,2,0
80,104,6,4,2
80,137,11,9,1
80,238,8,3,1
80,84,5,4,0
80,18,9,4,3
80,159,5,2,0
80,9,4,3,0
80,80,24,19,5
80,61,5,5,0
80,169,3,2,1
80,103,4,4,0
80,149,3,2,1
80,21,3,1,1
80,430,7,3,2
80,333,9,6,2
80,216,8,4,4
80,12,3,2,1
80,121,12,8,2
80,58,3,1,1
80,146,6,6,0
80,492,1,0,0
80,512,9,4,4
80,0,3,1,1
80,199,6,3,2
80,554,1,1,0
80,246,22,8,13
80,560,1,1,0
80,513,6,5,1
80,179,4,3,0
80,580,4,4,0
80,402,6,6,0
80,295,3,1,2
80,374,3,2,1
80,230,4,2,0
80,170,5,2,3
80,667,2,1,0
80,340,10,7,2
80,353,2,1,1
80,2,2,0,2
80,82,13,8,1
80,358,2,2,0
80,272,5,4,1
80,523,3,2,1
80,638,2,0,2
80,158,5,3,1
80,296,2,1,1
80,734,7,4,1
80,363,1,1,0
80,248,2,0,1
80,462,1,1,0
80,144,9,6,0
80,105,22,14,3
80,20,6,4,1
80,75,6,2,3
80,534,8,5,2
80,1,13,9,4
80,260,2,2,0
80,34,2,0,1
80,414,1,1,0
80,445,2,1,1
80,311,1,1,0
80,321,3,2,0
80,32,3,1,1
80,1031,1,0,1
80,1082,1,0,0
80,51,3,2,0
80,339,7,2,4
80,36,3,2,1
80,40,5,3,2
80,312,7,4,0
80,259,2,2,0
80,362,2,1,1
80,56,8,5,2
80,359,2,0,0
80,327,3,1,2
80,706,4,2,0
80,7,4,3,0
80,14,2,1,0
80,208,6,4,1
80,317,1,1,0
80,107,4,2,0
80,281,4,3,0
80,98,1,0,0
80,197,4,2,1
80,19,7,3,2
80,78,2,1,1
80,399,3,2,0
80,148,3,2,1
80,147,3,2,1
80,30,2,2,0
80,143,5,2,1
80,508,1,1,0
80,258,3,3,0
80,496,1,1,0
80,579,3,3,0
80,23,6,5,1
80,55,3,2,0
80,85,2,2,0
80,81,3,3,0
80,28,5,2,3
80,218,5,2,2
80,304,6,4,1
80,88,4,4,0
80,93,2,2,0
80,59,2,1,1
80,60,5,3,2
80,76,3,2,1
80,11,2,1,0
80,432,3,3,0
80,256,5,5,0
80,52,1,1,0
80,171,4,2,0
80,122,2,1,1
80,318,2,1,1
80,31,6,3,1
80,349,2,1,1
80,25,2,2,0
80,461,1,1,0
80,222,4,2,1
80,314,2,0,2
80,518,4,4,0
80,181,1,1,0
80,26,1,0,0
80,277,2,0,2
80,175,5,0,4
80,8,3,2,0
80,57,3,3,0
80,431,1,1,0
80,584,1,0,0
80,324,1,1,0
80,24,15,8,5
80,300,2,1,0
80,678,4,3,0
80,16,3,3,0
80,207,1,1,0
80,395,2,2,0
80,139,2,1,1
80,22,2,2,0
80,106,2,1,0
80,347,2,1,1
80,13,1,0,1
80,17,3,3,0
80,123,6,4,2
80,310,3,2,0
80,379,3,3,0
80,240,1,1,0
80,652,3,2,0
80,410,3,2,1
80,499,1,1,0
80,77,1,0,1
80,184,3,3,0
80,156,3,2,1
80,215,2,1,1
80,396,1,0,0
80,471,3,2,1
80,278,2,0,1
80,1091,1,0,0
80,33,2,2,0
80,97,2,1,1
80,15,1,1,0
80,653,1,0,1
80,196,2,1,1
80,619,2,0,0
80,415,1,0,1
80,74,1,0,1
80,334,5,1,4
80,918,1,0,1
80,115,1,0,1
80,390,1,0,1
80,864,1,0,1
80,426,2,1,1
80,336,2,2,0
80,408,1,1,0
80,297,3,2,1
80,380,2,1,0
80,781,1,0,1
80,659,1,0,1
80,280,1,0,0
80,320,1,0,1
80,413,1,0,0
80,234,2,1,1
80,86,1,0,1
80,397,1,0,1
80,663,1,1,0
80,674,1,0,0
80,1133,2,0,1
80,167,2,1,0
80,200,2,1,1
80,608,1,0,0
80,299,2,1,1
80,273,1,0,1
80,360,1,1,0
80,37,3,1,1
80,301,1,0,0
80,503,1,0,1
80,87,1,1,0
80,695,1,0,0
80,494,1,0,1
80,515,1,1,0
80,439,1,1,0
80,609,1,1,0
80,2534,1,0,1
81,87,39,26,10
81,101,41,27,12
81,28,23,14,9
81,34,9,7,2
81,17,14,7,5
81,105,33,18,11
81,238,13,8,3
81,208,18,13,5
81,84,52,28,18
81,339,13,10,2
81,74,17,14,3
81,144,25,13,10
81,277,13,8,5
81,175,12,3,3
81,358,14,7,4
81,103,33,19,10
81,98,1,0,0
81,36,16,11,4
81,77,44,20,22
81,413,30,19,5
81,167,11,6,1
81,88,11,5,6
81,333,4,3,0
81,93,24,17,5
81,60,19,15,3
81,282,16,3,10
81,59,3,2,0
81,432,14,7,6
81,146,15,9,5
81,215,113,45,57
81,494,74,32,35
81,37,6,5,0
81,0,24,18,5
81,399,39,21,11
81,426,21,13,6
81,148,32,15,13
81,336,40,23,14
81,145,33,17,14
81,122,13,6,4
81,408,24,13,10
81,106,18,13,3
81,312,13,6,2
81,402,14,5,7
81,143,9,4,4
81,374,17,9,5
81,467,17,10,4
81,279,26,11,10
81,314,6,5,0
81,471,18,15,1
81,296,10,4,3
81,259,17,9,7
81,299,14,10,2
81,461,6,2,2
81,22,5,3,2
81,273,8,4,3
81,86,3,1,1
81,499,2,2,0
81,321,23,12,5
81,414,8,5,2
81,198,8,5,1
81,32,30,21,5
81,496,2,1,1
81,667,2,1,1
81,579,11,3,8
81,462,3,1,0
81,353,1,1,0
81,2,10,5,4
81,51,5,2,2
81,13,6,4,2
81,81,173,95,63
81,123,15,11,3
81,218,16,9,3
81,137,46,24,18
81,310,11,4,4
81,320,7,4,3
81,18,5,5,0
81,159,33,16,10
81,278,15,9,5
81,82,17,12,3
81,107,12,7,3
81,360,9,4,3
81,8,9,7,2
81,379,25,16,5
81,197,27,13,8
81,57,23,12,8
81,121,16,6,8
81,19,20,14,3
81,541,1,1,0
81,396,4,2,1
81,492,5,3,1
81,246,26,14,8
81,158,22,10,9
81,200,26,17,5
81,318,4,1,2
81,109,13,8,2
81,429,11,5,3
81,294,13,5,7
81,295,8,6,0
81,431,8,4,3
81,445,8,5,3
81,508,11,4,3
81,207,21,8,12
81,415,15,9,5
81,222,10,6,4
81,692,2,1,0
81,713,2,1,0
81,625,1,1,0
81,673,4,3,1
81,319,4,3,1
81,640,1,1,0
81,56,23,13,8
81,196,17,6,9
81,297,7,4,3
81,80,7,4,3
81,55,33,17,13
81,21,12,6,3
81,76,7,5,2
81,534,15,10,4
81,1062,1,0,0
81,23,15,10,4
81,26,13,5,7
81,24,26,17,6
81,7,25,17,8
81,300,21,14,6
81,33,4,0,4
81,1108,1,0,1
81,216,17,12,3
81,256,18,8,6
81,75,7,5,1
81,31,26,13,9
81,523,13,7,5
81,199,16,8,7
81,40,19,11,5
81,654,2,1,1
81,638,11,3,7
81,301,12,3,7
81,147,16,13,2
81,501,6,4,2
81,85,7,6,1
81,890,2,1,1
81,598,3,3,0
81,347,12,7,5
81,608,11,4,2
81,25,29,17,11
81,918,2,0,2
81,439,11,6,3
81,511,4,3,0
81,933,1,0,1
81,311,16,11,4
81,118,1,1,0
81,372,1,0,0
81,666,2,0,2
81,483,7,3,3
81,78,7,6,0
81,327,10,8,2
81,390,8,1,4
81,362,26,13,9
81,734,2,0,1
81,419,17,7,7
81,149,12,6,6
81,171,9,4,5
81,513,4,3,0
81,179,12,7,1
81,30,27,14,8
81,334,20,15,2
81,170,37,19,11
81,176,6,3,3
81,659,17,8,4
81,1276,8,4,4
81,716,2,1,1
81,9,10,5,5
81,281,11,6,2
81,430,14,7,4
81,272,24,11,9
81,52,4,2,0
81,16,8,7,0
81,240,24,12,11
81,39,23,13,6
81,661,2,1,0
81,700,2,1,1
81,359,7,3,3
81,542,3,1,1
81,104,17,11,4
81,169,3,3,0
81,580,1,1,0
81,230,18,9,5
81,652,2,2,0
81,20,6,4,1
81,115,7,4,2
81,1413,1,1,0
81,619,12,4,5
81,1147,1,1,0
81,781,1,1,0
81,58,6,1,4
81,397,3,3,0
81,156,9,6,2
81,624,1,1,0
81,234,13,10,2
81,554,16,9,5
81,621,8,5,2
81,637,1,0,0
81,168,8,6,1
81,1021,2,1,0
81,184,4,2,1
81,349,10,5,2
81,584,13,7,2
81,324,2,1,1
81,280,4,4,0
81,635,3,2,1
81,380,4,3,1
81,653,1,0,0
81,386,4,2,1
81,83,1,1,0
81,304,6,3,2
81,1865,2,2,0
81,258,8,3,3
81,674,3,3,0
81,376,2,1,0
81,340,7,4,1
81,317,2,2,0
81,1032,1,0,1
81,854,4,0,4
81,2171,2,2,0
81,675,4,3,1
81,363,9,4,2
81,53,4,2,1
81,381,4,3,1
81,688,1,1,0
81,831,1,1,0
81,1,3,2,0
81,512,8,4,4
81,97,4,2,1
81,139,4,3,1
81,157,10,8,2
81,361,8,4,4
81,663,1,1,0
81,518,6,4,2
81,862,4,3,1
81,864,1,1,0
81,61,2,2,0
81,1267,2,2,0
81,906,1,1,0
81,260,3,2,1
81,815,1,0,1
81,678,1,1,0
81,476,1,0,0
81,503,1,1,0
81,248,4,3,1
81,1031,1,1,0
81,1142,1,0,1
81,99,2,1,1
81,1133,1,1,0
81,1357,2,1,0
81,498,1,0,0
81,816,1,0,1
81,792,2,1,0
81,609,1,0,1
81,2656,1,0,0
81,770,1,1,0
81,741,1,0,0
81,395,3,2,1
81,560,4,1,3
81,293,4,2,1
81,878,2,1,1
81,15,2,1,1
81,12,3,2,1
81,231,1,0,1
81,2328,1,0,1
81,2586,1,0,0
81,925,1,0,0
81,777,2,2,0
81,646,2,2,0
81,2308,1,0,0
81,2301,1,1,0
81,695,1,1,0
81,2639,1,0,1
81,1135,1,1,0
81,1341,1,0,1
81,14,1,1,0
82,101,8,3,3
82,105,23,15,4
82,238,13,9,2
82,208,4,3,1
82,74,6,4,2
82,277,3,1,2
82,36,2,1,0
82,77,7,4,2
82,21,4,3,0
82,430,10,6,2
82,432,43,30,8
82,246,5,4,1
82,200,7,3,2
82,109,9,6,1
82,30,24,15,7
82,85,1,1,0
82,349,69,23,26
82,374,6,3,2
82,279,4,1,1
82,230,14,3,4
82,608,3,0,1
82,170,12,9,1
82,259,1,0,0
82,476,4,1,1
82,637,3,1,1
82,222,14,7,4
82,619,29,15,11
82,397,23,10,4
82,684,3,3,0
82,87,5,3,2
82,34,2,2,0
82,196,8,3,4
82,320,3,1,1
82,663,9,3,4
82,137,5,1,3
82,310,6,4,0
82,82,147,79,44
82,358,12,6,2
82,431,5,2,2
82,57,5,3,2
82,0,19,10,5
82,40,3,2,0
82,106,3,2,0
82,513,3,3,0
82,147,3,2,1
82,312,11,5,3
82,580,1,0,0
82,294,8,7,1
82,295,4,4,0
82,654,2,1,1
82,621,6,5,0
82,734,6,2,3
82,940,3,2,0
82,414,2,2,0
82,659,11,3,5
82,661,12,4,6
82,496,1,1,0
82,667,1,0,0
82,359,2,1,0
82,319,3,3,0
82,640,1,1,0
82,906,1,1,0
82,413,4,3,1
82,76,2,2,0
82,13,2,0,2
82,24,5,3,1
82,429,4,0,2
82,216,30,16,9
82,215,2,1,0
82,327,8,5,2
82,554,2,2,0
82,402,11,6,5
82,471,7,5,1
82,311,2,2,0
82,260,2,1,1
82,674,11,7,4
82,542,4,2,1
82,1133,2,1,1
82,376,1,0,1
82,1090,1,1,0
82,304,4,1,1
82,300,16,7,4
82,175,5,4,1
82,167,1,1,0
82,121,3,2,1
82,492,3,1,2
82,512,10,4,1
82,399,5,4,0
82,426,12,7,3
82,297,7,5,1
82,584,4,2,1
82,652,2,2,0
82,675,17,11,4
82,103,2,0,2
82,334,19,9,4
82,32,3,3,0
82,159,21,14,5
82,60,6,5,0
82,149,2,0,2
82,494,7,4,2
82,25,6,3,2
82,534,13,8,5
82,461,7,4,2
82,99,2,0,2
82,321,9,2,3
82,777,7,2,3
82,1276,1,1,0
82,362,4,2,2
82,81,2,0,2
82,146,2,0,2
82,145,2,0,1
82,347,4,2,2
82,379,7,5,1
82,31,4,3,0
82,143,1,1,0
82,462,2,2,0
82,1149,4,1,2
82,52,1,0,0
82,171,14,7,5
82,207,6,5,1
82,831,6,2,4
82,258,12,10,1
82,688,2,1,0
82,19,5,2,3
82,498,5,3,1
82,408,6,2,3
82,299,1,1,0
82,1,1,1,0
82,415,2,2,0
82,84,6,3,2
82,58,1,0,0
82,122,5,3,1
82,28,4,3,1
82,17,1,1,0
82,361,2,1,0
82,499,1,0,0
82,340,2,1,0
82,281,7,6,0
82,199,6,3,0
82,282,4,2,2
82,234,3,2,1
82,439,3,3,0
82,296,4,2,2
82,386,1,0,1
82,1147,2,1,1
82,339,2,1,0
82,360,4,3,0
82,197,10,7,3
82,198,4,2,2
82,624,1,1,0
82,256,6,3,2
82,396,1,0,0
82,98,1,1,0
82,39,6,3,0
82,673,1,1,0
82,240,4,2,0
82,511,2,1,1
82,272,1,0,1
82,579,4,2,0
82,380,6,3,1
82,301,2,1,1
82,86,1,1,0
82,638,1,0,0
82,678,1,0,1
82,395,3,1,1
82,1032,1,0,0
82,148,7,5,1
82,7,3,2,1
82,104,3,2,1
82,317,1,0,1
82,781,6,4,2
82,218,1,0,1
82,144,10,8,2
82,56,1,1,0
82,75,1,1,0
82,179,2,0,1
82,16,3,2,0
82,78,1,1,0
82,9,4,3,1
82,8,1,1,0
82,176,5,3,1
82,741,1,0,1
82,1109,1,1,0
82,816,2,1,1
82,854,1,1,0
82,467,1,1,0
82,158,4,2,2
82,518,1,1,0
82,115,3,2,1
82,815,1,1,0
82,2534,20,9,6
82,419,1,0,0
82,523,3,1,2
82,501,1,1,0
82,37,1,0,0
82,139,2,1,1
82,248,3,3,0
82,157,1,1,0
82,61,1,0,1
82,318,1,0,1
82,770,1,0,1
82,560,1,1,0
82,336,2,1,1
82,878,1,1,0
82,918,1,1,0
82,88,3,1,0
82,55,2,2,0
82,1127,1,1,0
82,2945,1,1,0
82,2932,1,1,0
82,18,1,0,1
82,156,1,1,0
82,692,1,0,1
82,1142,1,0,0
82,23,1,1,0
82,2308,2,2,0
82,685,2,1,1
82,231,1,1,0
82,2089,1,1,0
82,2360,2,1,1
82,581,1,0,1
82,278,1,1,0
82,635,1,1,0
83,61,2,0,1
83,339,1,1,0
83,83,7,3,2
83,76,3,3,0
83,234,4,2,1
83,374,1,0,1
83,666,2,0,2
83,56,2,2,0
83,16,1,0,0
83,82,2,1,1
83,492,2,1,0
83,386,1,1,0
83,179,5,3,0
83,912,1,1,0
83,1021,1,0,1
83,430,3,1,2
83,207,1,1,0
83,106,1,0,1
83,659,3,1,1
83,608,2,1,1
83,148,1,0,1
83,439,1,1,0
83,159,1,1,0
83,52,2,0,2
83,238,1,1,0
83,26,1,1,0
83,310,3,0,2
83,149,3,3,0
83,40,1,0,0
83,390,1,0,0
83,143,1,0,0
83,399,1,0,1
83,171,2,0,1
83,638,1,1,0
83,198,2,1,1
83,359,1,0,1
83,33,1,1,0
83,426,1,1,0
83,248,2,1,1
83,51,3,1,1
83,59,1,1,0
83,379,1,0,0
83,199,1,0,1
83,176,3,1,1
83,259,2,1,0
83,854,1,1,0
83,508,1,0,1
83,156,1,0,1
83,88,2,0,1
83,646,2,1,1
83,137,1,1,0
83,77,1,1,0
83,84,1,1,0
83,312,1,0,0
83,294,1,1,0
83,347,1,1,0
83,415,1,0,0
83,277,1,1,0
83,167,1,0,0
84,51,2,1,1
84,13,5,3,1
84,101,43,26,14
84,34,7,3,1
84,137,34,22,7
84,208,38,25,12
84,320,5,3,2
84,74,21,12,4
84,144,36,21,11
84,82,16,10,2
84,107,16,11,4
84,277,15,7,5
84,175,17,13,4
84,358,21,16,3
84,103,26,19,3
84,98,2,1,0
84,419,22,14,4
84,430,9,5,3
84,333,4,3,0
84,93,15,12,1
84,60,9,5,3
84,216,26,15,4
84,272,65,28,29
84,12,3,2,1
84,121,8,4,2
84,432,20,8,7
84,256,17,10,4
84,149,15,7,6
84,215,20,8,3
84,494,27,13,14
84,234,9,8,1
84,512,13,5,5
84,340,10,7,2
84,523,10,5,3
84,399,20,14,5
84,336,18,9,9
84,408,27,14,11
84,97,3,1,1
84,297,3,2,1
84,429,19,11,2
84,294,17,10,6
84,143,11,4,7
84,347,21,10,11
84,471,21,16,3
84,584,15,5,7
84,230,13,8,2
84,296,13,5,4
84,170,50,24,13
84,439,14,6,2
84,299,11,6,2
84,260,4,4,0
84,361,13,5,5
84,380,5,3,0
84,619,6,5,0
84,541,1,0,1
84,414,12,3,9
84,198,12,7,1
84,32,12,5,4
84,496,14,8,4
84,673,6,4,2
84,675,4,4,0
84,653,2,1,0
84,542,6,3,2
84,319,8,4,1
84,462,4,1,0
84,81,20,15,4
84,87,55,30,21
84,26,7,4,3
84,159,58,36,15
84,7,24,14,9
84,105,24,11,8
84,310,14,7,2
84,278,9,5,2
84,379,16,10,5
84,395,10,4,4
84,197,31,14,10
84,167,27,14,9
84,59,3,3,0
84,146,9,4,2
84,0,17,9,2
84,426,18,10,5
84,240,41,22,18
84,667,14,5,7
84,246,11,4,4
84,513,2,2,0
84,147,14,6,7
84,200,31,20,3
84,109,10,8,0
84,39,19,8,7
84,295,4,1,3
84,467,10,5,3
84,25,34,22,8
84,139,12,6,5
84,324,1,0,1
84,508,9,3,3
84,207,13,8,3
84,734,3,2,0
84,273,7,6,0
84,157,6,4,1
84,415,22,10,7
84,321,20,6,8
84,713,6,4,0
84,579,13,8,3
84,359,12,7,2
84,837,2,0,0
84,996,1,0,1
84,998,1,0,1
84,104,48,32,13
84,84,368,189,141
84,55,22,11,8
84,56,16,11,3
84,30,34,19,8
84,85,5,2,0
84,176,16,10,2
84,196,13,8,3
84,238,20,13,6
84,21,22,21,1
84,88,27,20,5
84,156,9,6,0
84,199,16,7,7
84,179,10,5,1
84,259,17,7,5
84,659,18,10,5
84,678,3,1,2
84,1062,1,1,0
84,23,28,18,8
84,218,4,2,0
84,304,4,1,3
84,300,31,21,7
84,360,9,2,6
84,80,3,2,1
84,77,54,32,19
84,53,4,2,2
84,282,10,3,2
84,19,22,14,7
84,396,4,1,0
84,492,9,4,2
84,40,13,6,6
84,145,15,6,9
84,327,23,12,7
84,638,4,1,2
84,106,4,2,2
84,31,5,2,3
84,534,11,8,2
84,608,8,5,1
84,470,2,1,1
84,258,6,4,2
84,511,4,2,1
84,20,3,0,3
84,311,7,2,3
84,115,10,4,4
84,372,2,2,0
84,314,5,3,1
84,1108,4,2,2
84,1135,2,0,1
84,1102,3,3,0
84,1031,3,1,2
84,1090,1,1,0
84,1126,1,1,0
84,1,4,2,1
84,349,3,3,0
84,362,9,5,2
84,28,17,8,8
84,168,3,2,0
84,57,14,8,3
84,24,18,14,2
84,339,5,2,1
84,413,25,10,11
84,122,12,6,4
84,554,5,2,3
84,1276,2,1,0
84,279,10,4,6
84,334,15,4,5
84,445,3,2,1
84,461,9,4,4
84,707,3,1,1
84,397,6,4,2
84,22,2,1,1
84,123,5,3,2
84,171,11,5,3
84,9,29,15,9
84,8,6,5,1
84,36,9,7,1
84,16,14,10,2
84,148,15,11,3
84,431,12,7,5
84,312,5,1,2
84,674,3,2,0
84,684,1,0,0
84,498,6,2,2
84,75,6,3,1
84,402,32,17,7
84,652,2,0,0
84,280,4,4,0
84,499,1,0,0
84,700,1,0,1
84,483,5,3,2
84,376,4,1,1
84,1149,1,1,0
84,18,6,4,1
84,33,1,1,0
84,158,22,11,8
84,854,3,1,2
84,609,3,2,1
84,850,1,1,0
84,2,4,2,2
84,341,2,0,1
84,663,3,1,0
84,1717,1,1,0
84,317,9,5,2
84,410,1,1,0
84,318,4,2,2
84,624,3,3,0
84,83,3,3,0
84,76,4,2,1
84,78,7,4,3
84,374,10,6,2
84,1811,1,0,1
84,281,7,3,1
84,222,16,10,1
84,52,10,5,3
84,37,1,0,0
84,17,4,2,0
84,1865,2,0,1
84,390,4,1,1
84,118,2,1,1
84,625,1,0,0
84,1032,1,0,0
84,772,2,2,0
84,741,1,0,0
84,770,2,2,0
84,831,1,1,0
84,1109,1,0,0
84,560,2,1,1
84,581,3,2,0
84,1166,1,1,0
84,363,2,2,0
84,779,1,0,0
84,706,4,1,1
84,692,2,2,0
84,1267,1,0,1
84,61,6,4,0
84,301,6,5,1
84,912,2,0,1
84,918,1,0,0
84,864,2,0,2
84,688,1,0,1
84,699,2,1,0
84,816,4,4,0
84,184,1,0,1
84,169,2,0,1
84,621,1,0,1
84,815,4,2,0
84,2534,1,0,1
84,58,1,1,0
84,501,2,2,0
84,862,1,0,1
84,248,2,1,1
84,386,2,1,0
84,86,4,1,3
84,99,2,1,1
84,890,1,1,0
84,1046,1,0,1
84,1272,3,1,0
84,695,1,0,1
84,476,1,0,0
84,637,1,1,0
84,598,1,0,1
84,293,1,1,0
84,878,2,2,0
84,781,1,1,0
84,2861,1,0,0
84,1119,1,1,0
84,2296,2,0,1
84,1171,1,1,0
84,2946,1,1,0
84,646,1,1,0
84,777,1,0,1
84,1082,1,0,1
84,2301,2,0,2
84,654,1,1,0
84,933,1,1,0
84,661,1,1,0
84,1341,1,1,0
84,945,1,1,0
84,518,1,0,0
84,685,1,1,0
84,14,1,1,0
85,137,7,6,1
85,169,2,1,1
85,312,4,3,1
85,294,2,1,1
85,461,6,1,5
85,349,3,0,1
85,296,5,2,1
85,299,1,1,0
85,386,5,5,0
85,311,3,3,0
85,157,1,1,0
85,542,1,1,0
85,2,6,3,3
85,81,2,1,1
85,34,1,0,0
85,196,3,3,0
85,339,2,1,1
85,360,4,3,1
85,36,7,2,2
85,513,5,3,0
85,167,5,2,1
85,282,8,2,5
85,216,4,4,0
85,121,5,3,1
85,494,3,1,2
85,498,2,1,0
85,512,3,1,0
85,199,3,3,0
85,426,5,3,2
85,336,2,2,0
85,158,4,2,1
85,106,2,1,0
85,200,2,0,2
85,318,3,2,0
85,85,28,16,7
85,598,1,0,0
85,584,3,2,1
85,207,2,1,0
85,654,2,1,1
85,621,2,1,1
85,415,6,4,1
85,462,1,1,0
85,28,8,4,4
85,320,6,3,3
85,361,3,2,1
85,103,3,3,0
85,379,6,3,2
85,19,5,1,4
85,75,12,6,6
85,523,2,1,0
85,240,2,2,0
85,638,1,0,1
85,246,3,1,0
85,431,1,0,1
85,230,2,1,1
85,170,2,1,1
85,439,4,2,0
85,625,2,0,2
85,248,3,1,1
85,23,2,2,0
85,147,3,2,0
85,429,2,0,0
85,358,3,3,0
85,734,3,1,1
85,24,1,1,0
85,413,5,1,2
85,419,1,1,0
85,333,2,1,1
85,256,5,3,2
85,122,1,0,1
85,374,3,3,0
85,279,2,1,0
85,359,1,1,0
85,87,4,2,0
85,105,13,11,1
85,175,5,3,1
85,57,3,2,0
85,432,1,1,0
85,215,2,1,1
85,168,2,0,0
85,699,1,0,0
85,84,6,4,0
85,277,1,0,0
85,78,3,1,1
85,52,3,1,1
85,554,2,0,0
85,501,1,0,1
85,184,3,2,1
85,198,1,1,0
85,300,2,1,1
85,93,1,1,0
85,176,4,4,0
85,410,1,1,0
85,74,2,2,0
85,145,1,1,0
85,678,1,1,0
85,21,5,5,0
85,86,2,2,0
85,1102,1,1,0
85,1,3,2,1
85,104,5,4,0
85,310,6,3,3
85,159,10,7,3
85,492,1,1,0
85,640,1,1,0
85,143,2,1,0
85,652,1,1,0
85,273,7,5,2
85,396,1,0,0
85,40,3,1,1
85,399,2,0,1
85,314,1,0,0
85,0,1,1,0
85,179,3,2,1
85,101,12,7,4
85,107,1,0,0
85,395,1,0,0
85,83,2,1,1
85,272,2,1,0
85,259,2,2,0
85,1021,1,0,1
85,327,2,2,0
85,30,3,1,1
85,816,3,1,2
85,467,2,1,0
85,692,1,0,0
85,25,7,2,4
85,238,4,4,0
85,278,1,0,1
85,61,2,1,1
85,20,1,1,0
85,541,1,1,0
85,8,2,1,0
85,156,2,1,1
85,208,7,3,4
85,304,1,1,0
85,334,6,5,1
85,918,1,1,0
85,362,2,0,2
85,1143,1,1,0
85,26,5,3,2
85,13,2,1,1
85,31,2,2,0
85,297,1,0,1
85,77,5,3,1
85,55,2,0,1
85,88,6,5,1
85,218,1,1,0
85,430,2,1,1
85,149,5,3,2
85,109,2,2,0
85,661,1,1,0
85,1276,1,0,1
85,674,1,1,0
85,7,3,3,0
85,82,3,2,1
85,9,7,5,1
85,471,2,2,0
85,1113,1,0,0
85,16,1,1,0
85,59,5,2,2
85,39,5,3,2
85,445,1,1,0
85,53,1,0,1
85,295,2,2,0
85,32,2,2,0
85,321,1,1,0
85,58,1,0,0
85,22,3,1,1
85,1357,1,1,0
85,341,1,1,0
85,933,5,2,3
85,408,4,1,1
85,772,1,1,0
85,144,4,3,1
85,60,1,1,0
85,560,1,1,0
85,301,1,0,0
85,258,1,0,1
85,222,1,1,0
85,148,2,0,2
85,1171,1,1,0
85,281,1,1,0
85,347,1,0,1
85,685,1,1,0
85,707,1,1,0
86,93,5,3,1
86,13,2,2,0
86,36,1,1,0
86,492,14,5,7
86,20,1,1,0
86,8,4,1,3
86,21,3,1,2
86,53,3,2,0
86,295,3,1,2
86,259,5,1,2
86,118,1,1,0
86,86,42,19,16
86,310,5,1,4
86,9,2,0,2
86,61,3,1,2
86,281,4,2,1
86,103,2,1,1
86,167,1,1,0
86,56,4,0,4
86,146,2,0,1
86,467,7,4,1
86,390,18,4,8
86,359,6,2,2
86,376,4,0,4
86,1032,2,0,2
86,445,4,2,2
86,81,2,1,0
86,277,2,2,0
86,169,1,1,0
86,33,2,1,1
86,430,3,1,0
86,75,3,0,3
86,508,5,2,2
86,77,2,1,1
86,246,4,1,1
86,374,2,1,1
86,248,1,0,0
86,12,1,0,1
86,87,5,3,1
86,17,3,2,1
86,26,2,0,1
86,107,7,2,3
86,272,3,2,1
86,76,13,5,4
86,19,2,2,0
86,78,1,0,0
86,106,1,1,0
86,170,6,2,2
86,207,4,2,1
86,11,1,1,0
86,240,3,1,1
86,483,10,4,4
86,7,3,1,1
86,105,4,3,1
86,137,2,2,0
86,304,1,0,1
86,339,3,2,0
86,74,3,0,1
86,85,1,0,0
86,60,4,1,3
86,0,1,0,0
86,145,1,1,0
86,30,6,4,1
86,347,3,3,0
86,230,1,1,0
86,361,1,1,0
86,168,2,2,0
86,196,2,0,1
86,123,1,1,0
86,104,1,1,0
86,144,2,2,0
86,333,1,0,1
86,80,1,0,1
86,282,4,2,1
86,149,5,1,3
86,52,1,0,1
86,554,2,2,0
86,311,4,3,1
86,415,2,0,2
86,625,1,0,1
86,542,3,3,0
86,699,9,2,6
86,419,2,0,1
86,471,1,0,1
86,584,2,0,2
86,608,1,0,0
86,32,2,1,0
86,23,2,2,0
86,2537,1,0,1
86,199,2,1,1
86,336,2,0,2
86,179,1,1,0
86,279,1,0,1
86,25,1,1,0
86,198,6,3,2
86,1276,1,1,0
86,358,1,1,0
86,2,1,0,1
86,18,1,1,0
86,280,3,2,1
86,24,3,1,2
86,84,3,2,1
86,429,5,3,1
86,1143,3,3,0
86,101,1,0,1
86,109,2,1,1
86,234,1,1,0
86,501,1,1,0
86,31,1,1,0
86,534,1,1,0
86,503,3,2,1
86,700,8,6,2
86,684,2,1,1
86,156,8,2,4
86,57,2,0,2
86,215,2,1,0
86,386,1,0,1
86,115,2,0,2
86,157,1,0,1
86,461,3,1,2
86,321,1,1,0
86,362,1,1,0
86,147,1,0,1
86,294,2,1,0
86,1046,1,1,0
86,579,1,1,0
86,176,1,0,0
86,143,2,1,1
86,258,2,0,2
86,1121,1,0,0
86,317,1,0,1
86,327,1,1,0
86,299,3,2,1
86,181,1,1,0
86,278,1,0,1
86,55,2,0,1
86,197,1,1,0
86,598,1,0,0
86,2732,1,1,0
86,659,2,0,0
86,231,1,0,1
86,1279,8,0,7
86,15,1,1,0
86,413,2,2,0
86,58,1,1,0
86,380,1,0,1
86,2526,6,2,3
86,734,1,0,1
86,218,3,1,2
86,300,1,0,1
86,216,1,0,1
86,439,2,1,1
86,512,1,0,1
86,171,3,1,2
86,301,1,0,1
86,318,1,0,1
86,312,1,0,1
86,2639,1,0,1
86,222,1,0,1
86,770,1,0,1
86,408,1,0,1
86,2328,1,0,1
86,2586,1,0,0
86,121,1,1,0
86,646,1,0,1
86,148,1,1,0
86,208,1,0,1
86,40,1,0,1
86,1102,1,0,0
87,51,5,3,2
87,87,348,189,126
87,176,19,12,3
87,34,3,1,1
87,196,10,8,1
87,123,16,10,3
87,82,23,16,4
87,105,46,28,13
87,238,36,20,9
87,137,46,20,19
87,84,36,16,15
87,310,26,12,8
87,159,56,36,15
87,144,38,18,14
87,107,13,11,1
87,277,22,11,6
87,80,4,1,2
87,358,25,14,6
87,395,13,7,5
87,77,46,27,11
87,230,14,12,0
87,156,12,8,2
87,272,13,11,1
87,56,22,8,11
87,146,23,12,6
87,149,31,17,8
87,341,5,2,0
87,234,20,13,4
87,16,14,10,2
87,75,10,4,4
87,512,11,2,2
87,523,5,2,2
87,399,27,12,6
87,40,11,7,3
87,240,15,6,1
87,327,41,26,8
87,246,24,14,7
87,513,6,4,1
87,179,31,16,10
87,85,11,4,3
87,294,13,12,1
87,534,10,5,5
87,374,20,10,5
87,279,15,6,8
87,334,22,11,5
87,347,16,7,6
87,584,8,3,2
87,296,10,3,3
87,170,39,25,7
87,259,10,6,2
87,508,8,4,3
87,207,18,10,3
87,511,11,5,3
87,99,3,2,1
87,273,12,4,6
87,157,6,5,1
87,260,5,2,2
87,415,16,8,5
87,222,20,8,4
87,361,20,12,5
87,198,19,7,5
87,483,7,3,4
87,579,11,5,2
87,362,20,11,6
87,542,17,8,7
87,2,4,2,1
87,17,10,4,5
87,24,24,13,9
87,18,13,8,1
87,320,5,2,2
87,278,8,4,3
87,360,14,6,6
87,281,24,12,9
87,103,33,20,9
87,379,32,23,7
87,36,10,6,4
87,93,11,8,1
87,396,4,1,0
87,37,8,7,1
87,426,25,15,4
87,336,16,10,5
87,171,8,4,4
87,147,24,14,8
87,467,14,5,7
87,39,21,11,8
87,912,3,1,2
87,445,5,3,2
87,324,5,2,2
87,280,3,2,1
87,654,1,1,0
87,115,7,3,3
87,940,1,1,0
87,713,2,2,0
87,625,2,2,0
87,32,26,20,4
87,700,9,4,5
87,666,2,1,0
87,667,6,4,1
87,314,5,3,1
87,675,6,3,2
87,319,2,1,1
87,248,3,2,0
87,462,6,4,1
87,883,3,2,1
87,906,4,3,0
87,300,32,18,6
87,208,29,16,11
87,74,25,16,7
87,413,21,11,4
87,197,27,12,6
87,60,34,17,9
87,200,12,4,4
87,461,9,2,0
87,402,23,15,4
87,101,35,23,8
87,21,22,14,6
87,167,12,5,5
87,430,27,14,6
87,76,10,3,6
87,282,6,3,1
87,215,5,2,1
87,638,6,4,0
87,30,32,15,8
87,295,9,5,3
87,471,23,8,6
87,674,2,1,0
87,13,5,1,3
87,23,13,5,5
87,7,30,18,9
87,218,5,1,3
87,175,20,7,9
87,8,15,7,8
87,148,20,12,7
87,55,22,16,5
87,408,18,7,7
87,57,17,11,4
87,78,7,4,3
87,494,9,5,3
87,52,5,4,1
87,0,13,10,1
87,199,33,22,8
87,560,3,2,0
87,1119,1,1,0
87,318,13,6,6
87,501,2,0,1
87,297,10,3,3
87,143,6,3,3
87,598,2,1,1
87,258,6,3,3
87,1032,2,0,1
87,621,3,2,1
87,933,2,2,0
87,311,16,11,3
87,118,1,0,1
87,390,6,2,1
87,414,8,4,4
87,340,1,0,1
87,1091,1,0,1
87,1102,1,1,0
87,376,3,2,0
87,972,2,0,2
87,1126,1,1,0
87,1088,1,0,1
87,1148,1,0,1
87,121,19,13,3
87,158,17,7,8
87,15,1,1,0
87,304,14,11,2
87,256,22,13,5
87,58,10,6,1
87,25,24,12,8
87,139,8,4,0
87,299,11,7,0
87,359,20,13,4
87,439,16,8,5
87,81,15,10,3
87,104,34,22,9
87,419,11,6,2
87,216,20,17,1
87,432,13,7,1
87,19,30,17,10
87,695,1,0,1
87,492,8,2,1
87,659,19,12,4
87,145,17,8,8
87,429,8,5,2
87,918,2,0,1
87,734,2,1,0
87,854,5,2,2
87,372,2,2,0
87,1276,2,0,2
87,716,2,1,1
87,28,25,13,10
87,22,2,0,2
87,9,18,12,3
87,554,3,2,0
87,431,7,5,1
87,349,4,0,2
87,380,4,1,3
87,619,4,1,2
87,88,27,10,11
87,59,7,5,1
87,97,13,5,6
87,652,12,8,0
87,890,1,1,0
87,673,4,1,0
87,815,2,2,0
87,772,2,1,1
87,816,4,3,1
87,293,3,3,0
87,1,12,8,3
87,339,12,5,2
87,98,5,4,0
87,106,14,6,2
87,109,8,5,2
87,31,5,3,1
87,470,3,1,0
87,653,5,2,1
87,353,1,1,0
87,317,12,5,5
87,410,1,1,0
87,541,4,4,0
87,498,7,5,0
87,312,7,3,0
87,678,7,5,1
87,321,15,5,1
87,12,3,1,1
87,122,9,4,3
87,499,1,0,0
87,333,7,4,1
87,26,8,4,4
87,53,5,1,2
87,11,4,4,0
87,301,13,5,6
87,184,4,1,1
87,169,3,3,0
87,1717,1,0,0
87,1195,1,1,0
87,168,2,0,1
87,608,10,2,6
87,86,7,2,4
87,20,2,2,0
87,1127,1,1,0
87,476,1,0,0
87,1203,5,4,1
87,61,3,2,0
87,779,1,0,1
87,707,1,1,0
87,777,1,1,0
87,699,2,2,0
87,637,2,1,1
87,397,1,1,0
87,864,6,4,1
87,518,2,1,1
87,706,3,3,0
87,381,3,1,2
87,688,2,0,0
87,792,1,0,1
87,850,1,1,0
87,692,1,0,1
87,1267,1,0,0
87,2534,1,0,1
87,503,1,1,0
87,1031,1,0,0
87,1142,4,1,3
87,33,3,2,1
87,646,3,1,0
87,2656,1,0,1
87,515,1,0,0
87,231,1,0,1
87,878,1,1,0
87,83,1,1,0
87,741,1,1,0
87,609,2,1,1
87,831,1,0,1
87,862,1,0,1
87,717,1,0,1
87,945,1,0,1
87,580,1,0,0
88,51,22,8,12
88,81,11,6,5
88,87,19,14,5
88,23,9,5,4
88,34,5,5,0
88,196,6,2,3
88,104,11,5,4
88,82,12,6,4
88,105,12,9,2
88,277,10,5,3
88,137,19,8,8
88,301,8,5,1
88,304,15,10,4
88,84,9,7,2
88,310,13,5,3
88,320,3,2,0
88,159,19,14,3
88,74,28,16,10
88,347,10,4,5
88,144,13,9,2
88,107,13,8,5
88,9,10,5,3
88,281,19,4,12
88,8,17,9,7
88,98,21,12,4
88,36,8,6,2
88,77,20,10,7
88,55,11,8,2
88,88,134,73,44
88,93,7,4,3
88,59,9,8,0
88,31,10,8,1
88,121,8,5,1
88,256,16,8,4
88,19,19,10,7
88,146,10,4,3
88,149,13,7,5
88,75,7,4,2
88,37,6,5,1
88,199,10,6,4
88,145,8,4,4
88,408,6,4,2
88,179,19,5,8
88,147,12,6,5
88,200,5,4,0
88,85,6,3,0
88,294,12,8,3
88,402,1,0,0
88,295,7,5,0
88,598,2,0,1
88,279,5,3,2
88,230,11,6,3
88,25,11,3,5
88,170,10,4,5
88,439,12,7,2
88,15,6,4,2
88,176,6,3,2
88,259,4,2,2
88,470,5,3,0
88,324,3,2,0
88,508,4,3,1
88,461,3,1,1
88,22,3,0,2
88,311,10,5,4
88,260,4,1,2
88,667,1,1,0
88,542,7,4,2
88,248,12,3,4
88,1,6,3,2
88,101,5,3,1
88,24,8,3,5
88,339,4,2,1
88,358,6,5,0
88,197,10,7,1
88,167,12,7,2
88,83,39,18,15
88,755,3,2,0
88,60,7,4,2
88,52,5,3,1
88,234,7,6,1
88,512,2,2,0
88,40,5,1,2
88,336,7,2,5
88,246,7,3,3
88,158,7,3,4
88,890,7,2,5
88,39,6,1,4
88,431,1,0,1
88,334,6,2,2
88,584,2,1,0
88,207,11,7,3
88,390,8,3,2
88,940,1,1,0
88,692,5,3,2
88,414,3,2,1
88,198,3,2,0
88,496,3,2,1
88,666,9,4,3
88,483,17,8,7
88,674,3,0,1
88,319,1,0,1
88,972,5,3,2
88,181,6,3,2
88,996,1,0,1
88,18,5,3,1
88,300,14,6,5
88,7,16,9,6
88,21,18,13,4
88,659,7,4,1
88,13,8,2,4
88,238,17,9,8
88,61,4,3,1
88,379,12,8,2
88,156,9,6,3
88,56,9,4,5
88,432,6,5,1
88,523,5,2,2
88,106,5,4,1
88,312,3,1,1
88,429,2,1,0
88,280,6,2,3
88,273,3,0,2
88,86,5,3,2
88,663,2,1,1
88,314,4,0,3
88,579,2,2,0
88,359,7,3,2
88,1102,1,0,1
88,948,4,3,1
88,684,1,1,0
88,1082,1,0,1
88,498,2,1,0
88,58,18,10,6
88,341,8,5,2
88,171,4,3,1
88,462,1,1,0
88,361,10,5,1
88,222,5,4,1
88,419,2,1,1
88,26,10,6,3
88,11,1,1,0
88,184,5,4,1
88,115,10,4,5
88,17,8,7,1
88,706,1,0,0
88,76,13,9,3
88,554,2,1,1
88,30,15,12,1
88,240,14,6,5
88,349,1,1,0
88,157,5,1,3
88,883,1,0,1
88,837,2,0,1
88,208,5,4,1
88,16,4,3,0
88,399,11,6,2
88,327,9,5,3
88,97,2,1,0
88,296,4,3,1
88,258,3,0,2
88,293,1,0,1
88,792,3,1,1
88,925,1,1,0
88,168,4,3,0
88,169,7,1,4
88,492,4,2,1
88,148,3,1,2
88,143,11,7,4
88,511,3,1,1
88,118,2,1,1
88,415,3,1,2
88,362,2,1,0
88,28,14,7,5
88,12,4,3,1
88,299,3,3,0
88,2,4,2,2
88,471,6,4,0
88,513,3,1,2
88,318,8,4,4
88,395,4,2,0
88,426,4,3,1
88,534,4,3,1
88,912,3,2,0
88,1021,4,3,1
88,638,1,1,0
88,103,7,3,0
88,430,8,1,3
88,333,2,2,0
88,215,6,3,1
88,0,5,1,1
88,1135,3,0,0
88,218,2,1,1
88,734,3,1,0
88,501,2,1,0
88,297,6,4,2
88,123,5,3,1
88,396,1,1,0
88,413,5,3,1
88,608,4,1,2
88,282,6,2,2
88,1865,2,1,1
88,376,2,0,1
88,467,5,1,3
88,139,4,3,1
88,652,1,0,1
88,741,1,0,0
88,850,5,1,2
88,770,1,1,0
88,772,1,0,1
88,918,2,1,1
88,1166,1,1,0
88,360,3,1,1
88,278,4,3,1
88,122,5,2,3
88,321,6,2,3
88,816,3,2,0
88,646,7,5,1
88,381,3,1,2
88,688,3,1,1
88,699,1,1,0
88,80,3,1,2
88,216,6,2,3
88,57,4,1,3
88,619,4,3,1
88,864,3,1,2
88,386,1,0,1
88,32,4,3,0
88,20,1,0,1
88,854,2,2,0
88,836,1,0,0
88,53,4,2,2
88,609,5,0,3
88,78,1,1,0
88,374,2,0,2
88,445,3,2,1
88,621,1,1,0
88,380,1,0,1
88,815,2,2,0
88,675,2,1,1
88,1149,3,2,1
88,109,2,0,2
88,99,1,1,0
88,637,3,2,1
88,1142,3,1,1
88,33,3,3,0
88,560,1,1,0
88,2717,1,1,0
88,175,2,2,0
88,340,1,0,1
88,695,1,0,1
88,901,1,1,0
88,2861,1,1,0
88,503,1,0,1
88,700,1,0,1
88,1171,1,1,0
88,831,1,0,1
88,673,1,0,1
88,494,1,1,0
88,231,1,1,0
88,2089,1,1,0
88,685,1,0,1
89,51,2,2,0
89,9,1,1,0
89,103,2,1,1
89,76,1,1,0
89,419,1,1,0
89,52,1,0,0
89,199,1,0,1
89,179,2,2,0
89,85,1,1,0
89,248,1,0,0
89,1,1,0,1
89,78,1,1,0
89,311,1,0,1
89,390,1,0,0
89,80,2,1,1
89,81,1,1,0
89,101,1,1,0
89,104,1,1,0
89,137,1,0,1
89,144,1,1,0
89,107,1,1,0
89,358,1,1,0
89,36,1,0,1
89,511,1,1,0
89,312,1,0,0
89,184,2,2,0
89,334,1,1,0
89,25,2,2,0
89,22,1,1,0
89,280,1,1,0
89,310,1,1,0
89,20,1,0,1
89,16,1,1,0
89,168,1,1,0
89,215,1,0,0
89,2,1,1,0
89,439,1,1,0
89,8,1,0,1
89,646,1,0,0
89,692,1,1,0
89,333,1,1,0
90,51,1,1,0
90,156,3,3,0
90,21,3,1,0
90,333,1,1,0
90,216,1,1,0
90,16,1,1,0
90,107,2,0,1
90,379,1,0,1
90,734,1,0,1
90,137,2,0,0
90,218,2,1,1
90,77,2,2,0
90,158,1,0,1
90,146,2,1,1
90,115,1,0,1
90,36,1,0,1
90,143,1,0,1
90,311,2,2,0
90,28,3,0,3
90,84,1,1,0
90,144,3,2,1
90,635,1,1,0
90,248,1,1,0
90,399,2,1,1
90,196,2,2,0
90,470,1,1,0
90,358,1,0,1
90,258,2,2,0
90,413,1,0,0
90,106,2,0,0
90,410,1,0,0
90,334,1,1,0
90,511,1,0,0
90,0,1,0,0
90,234,1,0,0
90,179,3,1,1
90,39,2,2,0
90,238,1,1,0
90,82,3,1,2
90,199,2,0,1
90,184,1,1,0
90,716,1,1,0
90,256,2,1,1
90,170,1,0,1
90,222,1,1,0
90,175,1,1,0
90,8,1,0,1
90,55,2,0,2
90,30,1,0,1
90,402,1,0,1
90,23,1,1,0
90,930,1,0,1
90,159,5,2,2
90,281,1,0,1
90,523,1,0,0
90,483,1,0,1
90,359,1,1,0
90,59,1,1,0
90,18,1,1,0
90,259,2,0,2
90,104,1,0,0
90,310,1,0,1
90,659,1,1,0
90,2,1,0,1
90,7,1,0,1
90,168,1,1,0
90,81,2,1,1
90,17,1,1,0
90,57,1,0,1
90,145,1,0,1
90,31,1,1,0
90,56,1,0,1
90,75,1,1,0
90,103,1,0,1
90,646,2,1,1
90,948,1,0,1
90,883,2,1,1
90,347,1,0,0
90,426,1,0,0
90,26,1,0,0
91,51,1,1,0
91,317,1,1,0
91,107,1,0,1
91,358,1,1,0
91,37,3,3,0
91,57,1,1,0
91,148,2,1,1
91,246,1,1,0
91,106,2,2,0
91,109,1,1,0
91,470,1,0,0
91,324,3,2,1
91,280,1,1,0
91,320,1,1,0
91,121,1,1,0
91,77,1,0,0
91,359,1,1,0
91,137,2,1,1
91,584,1,0,0
91,56,2,2,0
91,118,1,0,1
91,196,1,1,0
91,278,1,0,0
91,59,1,1,0
91,200,1,1,0
91,415,1,1,0
91,82,1,0,0
91,216,2,2,0
91,28,2,2,0
91,318,1,1,0
91,360,2,2,0
91,80,1,1,0
91,197,1,0,0
91,199,1,1,0
91,74,1,1,0
91,11,1,1,0
91,379,1,1,0
91,60,1,1,0
91,513,1,1,0
91,511,2,2,0
91,19,1,1,0
91,238,1,1,0
91,36,3,2,0
91,1021,1,1,0
91,652,1,1,0
91,157,1,0,1
91,175,1,1,0
91,408,1,1,0
91,1,1,1,0
91,9,1,1,0
91,87,1,1,0
91,21,2,2,0
91,207,1,0,1
91,81,1,1,0
91,101,1,1,0
91,675,1,0,0
91,461,1,0,0
92,51,1,1,0
92,17,3,2,1
92,426,2,2,0
92,320,1,1,0
92,82,3,1,2
92,59,2,2,0
92,147,1,0,1
92,755,1,0,0
92,314,1,1,0
92,84,1,1,0
92,347,1,0,0
92,362,1,0,0
92,104,1,1,0
92,75,1,0,1
92,18,1,1,0
92,300,1,1,0
92,93,1,1,0
92,139,1,1,0
92,415,1,0,1
92,11,1,1,0
92,25,1,1,0
92,246,1,1,0
92,706,1,1,0
92,692,2,2,0
92,176,1,1,0
92,501,1,0,1
92,175,2,1,1
92,170,1,1,0
92,97,1,0,1
92,218,1,1,0
92,76,1,0,0
92,106,2,2,0
92,23,1,0,1
92,55,1,0,1
92,240,1,0,1
92,81,1,1,0
92,259,1,1,0
92,8,1,0,0
92,609,1,0,1
92,20,1,0,1
92,781,1,0,0
92,318,1,1,0
92,15,1,1,0
93,87,8,3,4
93,34,5,4,1
93,196,2,1,0
93,7,7,3,3
93,208,5,3,2
93,84,7,5,2
93,317,3,2,1
93,144,5,5,0
93,175,5,4,0
93,77,15,9,4
93,21,2,2,0
93,93,70,46,15
93,60,12,4,5
93,432,2,2,0
93,58,3,2,1
93,523,3,2,0
93,426,4,4,0
93,246,3,1,0
93,147,3,3,0
93,429,13,7,6
93,467,10,9,1
93,471,4,3,1
93,170,6,3,1
93,299,8,4,3
93,207,2,1,0
93,22,2,2,0
93,157,1,0,1
93,86,15,13,1
93,499,2,1,0
93,168,4,2,2
93,362,3,1,2
93,684,2,1,0
93,101,7,6,1
93,358,7,4,1
93,103,7,4,1
93,272,7,4,3
93,76,4,2,1
93,121,6,2,2
93,234,3,1,2
93,396,1,0,0
93,240,5,4,1
93,145,3,2,1
93,158,7,6,1
93,39,2,1,0
93,534,12,11,1
93,295,1,1,0
93,374,3,3,0
93,334,2,1,1
93,508,13,9,4
93,321,3,1,2
93,414,1,0,0
93,713,2,1,1
93,661,2,0,2
93,496,2,0,1
93,319,1,1,0
93,906,1,1,0
93,200,6,2,4
93,26,3,2,0
93,238,9,3,4
93,137,7,1,4
93,310,3,2,1
93,159,8,5,1
93,360,1,1,0
93,56,4,2,1
93,97,1,0,1
93,179,4,3,1
93,318,3,1,2
93,501,15,11,3
93,584,5,3,0
93,115,1,0,1
93,198,3,2,1
93,518,1,0,1
93,359,3,2,0
93,862,2,2,0
93,340,6,4,1
93,1126,2,1,1
93,123,4,2,2
93,104,1,1,0
93,74,4,2,2
93,82,7,6,0
93,107,1,0,1
93,256,5,3,1
93,148,7,4,3
93,297,2,2,0
93,143,4,4,0
93,431,7,3,2
93,461,4,3,1
93,511,2,2,0
93,61,4,2,1
93,281,1,1,0
93,169,1,1,0
93,379,6,4,1
93,419,2,1,0
93,197,8,5,2
93,333,5,4,0
93,149,3,1,2
93,494,5,4,1
93,122,2,2,0
93,301,2,0,1
93,31,5,5,0
93,402,6,3,1
93,230,3,1,2
93,222,2,1,0
93,619,3,0,0
93,277,4,4,0
93,16,2,1,1
93,278,2,1,1
93,19,3,2,1
93,146,2,1,0
93,492,1,1,0
93,512,1,1,0
93,439,2,1,1
93,324,2,1,1
93,483,12,12,0
93,654,1,0,0
93,98,1,1,0
93,57,3,3,0
93,280,1,1,0
93,105,5,5,0
93,395,3,2,1
93,413,4,2,1
93,216,3,2,0
93,25,1,1,0
93,296,1,0,0
93,282,3,1,1
93,327,3,3,0
93,410,1,1,0
93,498,1,0,0
93,462,2,2,0
93,13,4,3,0
93,156,4,1,3
93,215,4,2,2
93,8,1,1,0
93,36,1,0,1
93,300,3,2,0
93,40,5,2,1
93,85,3,3,0
93,294,2,1,1
93,415,2,1,1
93,361,2,2,0
93,579,2,2,0
93,1091,2,2,0
93,659,2,2,0
93,37,1,1,0
93,399,4,4,0
93,513,3,2,1
93,304,2,2,0
93,336,3,1,2
93,109,5,1,3
93,30,7,5,1
93,777,1,0,1
93,560,4,2,2
93,779,1,0,0
93,688,1,0,1
93,81,1,0,1
93,167,2,1,1
93,430,3,1,1
93,75,1,0,1
93,408,2,0,2
93,312,2,0,2
93,580,1,1,0
93,918,2,1,1
93,259,2,1,0
93,311,1,0,1
93,390,2,1,1
93,32,2,1,1
93,700,4,1,3
93,674,2,0,1
93,1143,5,5,0
93,11,1,1,0
93,707,1,1,0
93,1267,1,1,0
93,28,3,3,0
93,78,1,0,1
93,0,3,2,1
93,258,2,1,1
93,20,1,1,0
93,2203,2,2,0
93,88,1,1,0
93,55,4,2,1
93,1,2,1,1
93,24,1,1,0
93,320,1,1,0
93,23,3,3,0
93,59,1,1,0
93,347,1,0,1
93,503,2,2,0
93,181,1,1,0
93,171,1,1,0
93,279,1,0,1
93,476,1,1,0
93,184,1,1,0
93,260,1,0,1
93,113,1,1,0
93,176,1,1,0
93,624,1,1,0
93,51,1,0,1
93,199,1,0,1
93,118,1,1,0
93,2526,3,2,1
93,2855,3,3,0
93,2820,1,1,0
93,2296,1,1,0
93,218,1,1,0
93,53,2,1,0
93,1119,1,1,0
93,1062,1,1,0
93,1357,3,2,1
93,1171,1,0,1
93,2956,2,2,0
93,17,1,0,0
93,831,2,1,1
93,99,1,1,0
93,1236,1,0,1
93,386,1,0,1
94,51,2,1,0
94,26,1,1,0
94,137,1,0,1
94,280,2,1,1
94,157,1,1,0
94,542,1,0,1
94,310,1,0,1
94,57,1,1,0
94,426,1,1,0
94,83,1,1,0
94,238,1,1,0
94,76,1,0,0
94,341,1,0,1
94,9,1,1,0
94,77,1,1,0
94,28,1,1,0
94,297,1,1,0
94,258,1,0,0
94,13,1,1,0
94,176,1,0,0
94,240,1,1,0
94,2526,1,1,0
94,149,1,1,0
95,51,1,0,0
95,304,1,1,0
95,16,1,0,1
95,61,1,0,1
96,30,1,1,0
96,58,1,1,0
96,312,1,0,0
96,462,1,1,0
96,121,1,1,0
97,98,2,2,0
97,13,14,8,3
97,34,16,12,2
97,24,14,12,2
97,238,8,7,1
97,304,5,3,0
97,175,9,4,4
97,77,18,11,6
97,419,3,1,0
97,93,10,6,3
97,60,15,10,5
97,426,3,1,0
97,240,9,8,0
97,513,2,1,0
97,147,25,12,11
97,109,6,5,0
97,294,8,3,2
97,39,3,3,0
97,295,6,3,0
97,598,1,1,0
97,157,11,8,2
97,222,6,5,1
97,659,5,1,1
97,667,3,1,0
97,1,8,5,1
97,105,15,9,4
97,137,11,7,3
97,208,4,2,1
97,360,1,1,0
97,197,9,7,2
97,76,4,2,2
97,56,17,8,6
97,121,10,8,2
97,256,15,9,6
97,146,13,9,3
97,494,4,1,3
97,336,3,2,1
97,145,9,7,2
97,97,126,63,48
97,200,6,3,3
97,31,16,12,3
97,347,4,3,0
97,471,3,2,1
97,461,4,3,0
97,511,3,3,0
97,734,3,2,1
97,361,2,1,0
97,663,1,1,0
97,700,1,1,0
97,340,6,6,0
97,248,3,3,0
97,17,20,14,4
97,103,12,10,1
97,118,4,3,0
97,2,3,1,2
97,87,19,13,4
97,23,18,7,6
97,84,15,8,4
97,300,4,2,2
97,74,16,7,6
97,277,7,0,4
97,61,15,8,4
97,281,7,5,1
97,8,11,11,0
97,379,10,3,3
97,55,8,6,2
97,430,4,3,1
97,88,10,8,2
97,156,17,11,5
97,57,16,13,3
97,149,7,5,2
97,396,2,1,1
97,75,7,5,1
97,40,8,6,2
97,327,9,5,2
97,638,6,3,3
97,408,7,4,2
97,246,8,4,2
97,158,6,3,3
97,106,4,3,0
97,85,7,3,3
97,143,10,8,2
97,439,2,2,0
97,207,5,3,1
97,22,4,2,2
97,625,1,0,1
97,32,12,9,0
97,483,4,2,0
97,1031,2,2,0
97,1088,1,1,0
97,28,7,5,2
97,12,8,7,1
97,168,9,5,0
97,59,9,7,2
97,81,11,8,2
97,101,8,4,1
97,104,5,5,0
97,218,10,8,2
97,779,2,2,0
97,278,1,0,1
97,413,4,2,0
97,318,6,5,1
97,19,21,11,8
97,341,3,2,0
97,16,15,10,2
97,512,3,2,0
97,0,6,2,3
97,199,21,11,7
97,297,5,4,1
97,184,2,0,2
97,374,3,2,0
97,467,2,1,1
97,410,2,1,1
97,280,7,5,2
97,772,5,2,2
97,18,12,4,7
97,358,3,1,1
97,33,3,2,1
97,523,11,6,3
97,399,14,8,3
97,741,5,4,0
97,179,10,5,2
97,30,9,7,2
97,296,3,1,1
97,293,4,4,0
97,850,1,1,0
97,14,4,3,0
97,310,7,4,2
97,82,6,5,1
97,9,3,2,0
97,80,9,6,1
97,395,4,4,0
97,216,5,4,1
97,58,11,8,2
97,215,4,2,0
97,402,5,2,1
97,534,5,3,0
97,25,9,7,2
97,445,3,1,2
97,652,1,1,0
97,324,1,1,0
97,20,8,6,2
97,311,9,6,1
97,273,1,1,0
97,415,2,2,0
97,376,1,0,0
97,678,1,1,0
97,353,1,0,0
97,113,1,1,0
97,11,4,2,2
97,695,6,5,1
97,584,2,1,0
97,170,6,3,1
97,470,1,1,0
97,198,8,3,4
97,359,4,1,3
97,234,11,6,3
97,78,7,4,3
97,312,5,1,3
97,86,9,4,3
97,333,6,5,0
97,53,18,14,3
97,301,11,8,2
97,279,4,4,0
97,386,5,3,1
97,1021,1,0,1
97,51,11,9,2
97,7,11,8,1
97,123,5,3,2
97,107,9,9,0
97,36,17,14,1
97,1195,7,6,0
97,431,2,1,0
97,115,7,6,0
97,159,9,8,1
97,653,1,1,0
97,1717,1,1,0
97,144,5,4,0
97,169,1,1,0
97,37,5,5,0
97,685,1,1,0
97,390,2,0,1
97,321,3,3,0
97,258,6,3,1
97,429,4,2,1
97,26,10,4,4
97,196,4,0,4
97,21,3,3,0
97,282,5,3,1
97,148,6,5,0
97,579,1,1,0
97,181,1,1,0
97,816,2,0,2
97,554,2,1,1
97,706,10,4,3
97,831,1,0,0
97,560,2,1,1
97,349,2,2,0
97,646,7,5,0
97,707,2,1,0
97,854,2,1,1
97,1267,1,1,0
97,317,3,1,2
97,272,4,0,3
97,508,2,1,1
97,675,2,0,1
97,319,1,0,1
97,619,2,1,0
97,339,1,0,0
97,167,6,3,3
97,432,1,1,0
97,122,3,2,1
97,230,3,2,1
97,176,2,1,0
97,259,3,1,1
97,666,2,2,0
97,314,1,1,0
97,362,3,2,0
97,781,1,0,1
97,925,1,1,0
97,699,3,2,0
97,496,1,0,1
97,15,2,2,0
97,171,3,3,0
97,380,1,1,0
97,890,1,1,0
97,1272,1,0,0
97,792,1,1,0
97,609,2,2,0
97,1121,1,0,0
97,542,3,2,1
97,878,2,1,0
97,901,1,1,0
97,2861,1,1,0
97,688,1,0,1
97,231,1,0,1
97,674,1,0,1
97,2089,1,0,1
97,83,1,0,1
97,692,2,2,0
97,770,1,1,0
97,515,1,1,0
97,334,1,0,1
97,2308,1,1,0
97,684,1,1,0
98,149,1,1,0
98,259,1,1,0
98,621,2,1,0
98,273,1,0,1
98,58,1,1,0
98,157,1,1,0
98,98,14,10,0
98,170,1,0,1
98,399,1,1,0
98,103,1,0,0
98,492,1,0,0
98,372,1,0,0
98,248,2,2,0
98,281,2,1,0
98,179,2,1,0
98,40,1,0,0
98,171,1,1,0
98,106,2,2,0
98,297,1,0,1
98,347,1,1,0
98,176,1,0,0
98,321,1,0,0
98,314,1,1,0
98,432,1,1,0
98,667,1,1,0
98,300,1,1,0
98,88,1,1,0
98,395,1,1,0
98,608,1,0,0
98,619,1,0,1
98,362,1,0,0
98,512,1,1,0
98,146,1,1,0
98,87,1,0,0
98,310,1,0,0
98,83,2,0,2
98,74,1,1,0
98,197,1,0,1
98,105,1,1,0
98,200,1,0,0
99,470,1,0,0
99,99,18,5,12
99,579,2,1,1
99,31,1,1,0
99,149,1,0,1
99,1102,1,0,1
99,51,4,1,3
99,24,2,2,0
99,7,3,1,1
99,148,2,1,1
99,179,3,0,3
99,147,1,0,0
99,259,3,1,1
99,399,1,1,0
99,59,1,0,1
99,864,1,1,0
99,74,3,1,2
99,294,1,0,1
99,52,3,1,2
99,321,4,0,4
99,1113,1,0,1
99,207,1,0,0
99,2,1,0,0
99,123,1,0,0
99,310,3,2,1
99,77,1,1,0
99,430,1,0,0
99,57,1,0,1
99,56,1,0,1
99,431,1,1,0
99,439,2,0,2
99,508,1,1,0
99,28,1,0,1
99,86,1,0,0
99,104,1,1,0
99,84,3,1,2
99,107,4,0,2
99,145,1,1,0
99,143,1,0,1
99,534,1,0,0
99,483,2,0,2
99,277,1,1,0
99,379,2,0,1
99,30,1,0,1
99,60,1,0,1
99,492,1,0,1
99,1121,4,1,3
99,300,1,0,1
99,83,1,0,0
99,181,1,0,0
99,58,1,0,1
99,498,1,0,1
99,854,2,0,2
99,699,1,0,1
99,674,1,0,1
99,716,1,0,0
99,831,1,0,1
99,2554,1,0,0
99,19,1,0,1
99,311,1,0,1
99,106,1,0,1
99,408,1,0,0
99,208,1,1,0
99,146,1,1,0
99,673,1,0,1
99,1341,1,0,1
99,55,1,0,1
99,581,1,0,1
100,13,2,0,1
100,93,1,0,1
100,637,1,1,0
100,8,1,1,0
100,139,1,1,0
100,84,2,0,2
100,159,2,1,1
100,24,1,1,0
100,32,1,1,0
100,541,1,0,0
100,11,2,0,1
100,81,1,1,0
100,149,1,1,0
100,659,1,0,0
100,336,1,1,0
100,258,2,1,0
100,87,1,0,0
100,199,1,1,0
100,26,1,0,1
100,61,1,0,0
100,59,1,1,0
100,318,2,1,1
101,13,10,5,2
101,87,47,28,12
101,101,341,193,92
101,23,16,9,5
101,196,12,3,4
101,24,34,22,6
101,7,49,37,6
101,105,42,24,8
101,218,7,3,3
101,137,45,25,9
101,208,32,23,4
101,121,19,10,6
101,159,45,24,11
101,300,26,16,4
101,278,3,2,1
101,74,18,13,2
101,144,49,34,9
101,82,23,14,5
101,360,16,11,2
101,9,18,8,5
101,175,29,15,7
101,358,14,4,4
101,103,15,8,4
101,36,10,8,2
101,77,51,32,15
101,55,21,11,6
101,197,17,10,3
101,21,8,6,1
101,167,18,8,6
101,430,21,12,3
101,88,12,6,2
101,333,13,2,2
101,93,18,15,1
101,216,35,20,9
101,272,22,13,8
101,432,20,10,1
101,256,22,12,5
101,19,18,8,6
101,146,21,6,9
101,149,20,12,6
101,78,9,5,3
101,494,54,27,21
101,341,4,1,3
101,16,16,7,3
101,399,28,15,5
101,199,14,9,3
101,40,16,10,5
101,426,26,14,4
101,148,25,15,9
101,145,27,21,4
101,327,25,20,3
101,122,13,7,3
101,301,19,11,5
101,513,11,7,3
101,109,8,4,3
101,297,5,2,3
101,429,15,5,8
101,85,9,5,1
101,294,12,5,6
101,39,19,10,6
101,402,32,19,6
101,143,14,10,2
101,295,10,9,0
101,349,5,2,0
101,374,16,11,2
101,467,9,6,1
101,347,14,10,4
101,324,12,9,1
101,471,17,12,1
101,584,20,10,2
101,25,36,20,9
101,170,55,39,4
101,299,13,9,1
101,508,8,5,3
101,258,5,3,1
101,461,22,14,7
101,511,10,7,3
101,99,3,2,0
101,311,7,5,2
101,415,15,6,6
101,222,13,7,4
101,361,10,5,2
101,321,19,6,6
101,414,9,5,4
101,659,9,5,2
101,32,33,28,2
101,661,3,1,1
101,496,4,1,2
101,667,5,4,1
101,314,6,4,1
101,579,7,3,1
101,359,9,6,1
101,362,20,12,5
101,462,3,2,0
101,81,19,11,8
101,107,8,4,2
101,277,15,8,2
101,80,6,4,0
101,334,10,4,3
101,419,10,8,0
101,60,13,8,5
101,11,4,2,1
101,56,10,6,2
101,215,40,20,11
101,498,7,5,0
101,396,8,5,2
101,523,6,3,3
101,171,16,8,7
101,246,9,5,2
101,147,29,20,6
101,31,12,10,1
101,890,2,1,0
101,912,5,3,2
101,470,6,3,2
101,139,18,12,5
101,476,1,0,1
101,86,3,1,2
101,541,1,1,0
101,713,1,1,0
101,198,8,4,2
101,372,4,1,3
101,168,2,0,1
101,542,10,4,5
101,319,4,2,0
101,353,1,0,0
101,30,29,12,7
101,238,53,28,12
101,84,65,41,17
101,158,31,17,4
101,431,19,9,2
101,207,7,4,2
101,674,3,1,2
101,637,3,1,2
101,53,4,1,2
101,156,8,6,1
101,554,3,1,0
101,179,10,7,2
101,534,10,8,2
101,259,13,5,4
101,445,2,0,0
101,28,35,18,12
101,104,46,33,6
101,115,9,4,4
101,310,16,11,5
101,339,18,8,4
101,413,16,5,6
101,282,18,12,4
101,1126,1,0,1
101,240,13,8,3
101,336,24,14,8
101,408,17,5,7
101,560,5,2,1
101,106,9,4,2
101,200,43,26,8
101,279,10,6,3
101,918,2,0,2
101,176,23,12,5
101,22,6,2,3
101,621,14,7,1
101,273,15,11,2
101,1108,2,1,1
101,340,5,2,1
101,1102,4,0,3
101,1031,2,1,1
101,640,1,1,0
101,1171,1,1,0
101,1,21,18,1
101,26,6,4,0
101,123,13,5,4
101,317,7,7,0
101,281,9,5,0
101,169,3,0,2
101,379,22,14,5
101,395,15,7,6
101,98,8,3,0
101,0,28,18,4
101,318,10,7,2
101,501,3,1,1
101,376,4,2,1
101,439,10,5,2
101,652,2,1,1
101,410,4,2,0
101,397,8,5,1
101,18,3,1,1
101,512,8,4,2
101,230,8,3,2
101,608,6,1,1
101,700,3,3,0
101,673,3,2,0
101,304,2,1,1
101,58,6,4,0
101,52,4,3,0
101,37,2,2,0
101,492,3,2,0
101,638,2,2,0
101,97,6,5,1
101,390,3,2,0
101,625,2,0,1
101,483,3,2,1
101,518,1,1,0
101,815,2,2,0
101,1149,1,1,0
101,75,5,4,0
101,706,2,1,0
101,816,1,1,0
101,296,8,3,0
101,293,2,2,0
101,688,3,2,0
101,854,2,2,0
101,792,3,0,2
101,925,1,0,0
101,609,2,1,0
101,850,2,1,1
101,716,1,1,0
101,34,3,3,0
101,234,6,3,1
101,312,6,4,1
101,654,3,2,1
101,678,3,1,1
101,17,5,4,0
101,695,2,1,1
101,76,10,7,3
101,1236,3,3,0
101,57,7,3,1
101,499,4,2,0
101,624,8,8,0
101,1091,1,1,0
101,1423,2,0,2
101,598,2,2,0
101,1811,3,1,1
101,83,2,2,0
101,675,3,1,1
101,2,2,2,0
101,61,5,1,1
101,184,1,1,0
101,1362,1,1,0
101,1195,1,0,0
101,685,1,0,0
101,380,2,0,1
101,51,5,4,0
101,8,2,2,0
101,663,3,2,0
101,20,4,4,0
101,772,1,0,0
101,781,1,1,0
101,280,7,5,2
101,1127,1,1,0
101,581,2,0,0
101,779,1,1,0
101,734,2,1,1
101,157,2,1,1
101,692,2,1,0
101,1276,1,1,0
101,864,1,0,1
101,12,1,0,1
101,381,3,2,0
101,707,2,1,1
101,1109,1,0,1
101,1267,2,2,0
101,2537,1,0,1
101,248,4,2,1
101,503,1,0,1
101,363,3,2,0
101,1046,1,1,0
101,1147,1,0,1
101,646,3,2,0
101,933,1,0,1
101,770,2,1,0
101,14,1,1,0
101,619,1,0,1
101,878,2,1,1
101,59,3,1,0
101,2296,1,1,0
101,2308,1,1,0
101,1272,1,0,0
101,771,1,0,1
101,862,2,2,0
101,1357,1,1,0
101,2534,1,1,0
101,1894,3,3,0
101,1413,1,1,0
102,13,1,0,1
102,17,6,3,2
102,84,8,3,2
102,85,8,6,2
102,300,2,0,1
102,175,2,2,0
102,77,4,2,2
102,197,3,1,1
102,12,8,7,1
102,59,2,0,1
102,19,7,4,3
102,78,4,2,1
102,148,3,2,0
102,147,4,4,0
102,374,5,2,2
102,439,1,1,0
102,260,1,1,0
102,1,2,1,1
102,81,5,3,1
102,87,9,5,3
102,376,1,1,0
102,105,4,1,2
102,137,13,8,4
102,103,5,2,1
102,167,3,3,0
102,146,6,3,3
102,0,1,0,1
102,426,4,1,3
102,554,1,1,0
102,158,3,1,1
102,513,4,0,1
102,431,2,1,1
102,349,1,1,0
102,467,6,4,0
102,334,4,2,1
102,25,11,5,6
102,654,3,1,2
102,755,1,1,0
102,273,3,1,0
102,390,1,0,0
102,940,1,0,1
102,380,1,0,1
102,713,1,0,1
102,198,2,2,0
102,359,3,2,0
102,673,6,4,2
102,7,6,5,0
102,55,3,1,1
102,93,3,2,1
102,53,5,2,1
102,207,2,1,0
102,184,5,4,1
102,321,3,1,0
102,18,1,1,0
102,297,1,1,0
102,675,1,0,1
102,36,7,5,1
102,28,6,2,4
102,26,7,5,2
102,24,4,3,1
102,320,3,1,2
102,360,5,2,3
102,9,9,4,3
102,1113,1,0,1
102,75,7,3,2
102,40,6,4,2
102,598,1,0,1
102,170,4,2,0
102,258,2,1,0
102,415,10,6,2
102,168,2,0,0
102,1102,1,0,1
102,1021,1,1,0
102,317,8,4,3
102,296,2,1,0
102,542,3,2,1
102,399,5,1,2
102,259,5,3,2
102,101,8,4,3
102,23,10,7,2
102,143,2,2,0
102,107,3,0,2
102,51,4,3,0
102,196,5,3,1
102,304,1,0,0
102,779,3,3,0
102,74,4,2,2
102,281,2,1,0
102,83,2,2,0
102,256,2,2,0
102,58,5,4,1
102,37,3,3,0
102,176,15,10,5
102,22,3,2,1
102,653,2,2,0
102,8,2,0,1
102,318,3,1,2
102,402,2,2,0
102,381,2,1,0
102,688,2,2,0
102,985,1,0,0
102,21,5,1,4
102,88,7,2,2
102,11,3,2,0
102,295,1,1,0
102,15,3,3,0
102,280,3,1,1
102,462,1,1,0
102,113,1,1,0
102,498,1,1,0
102,199,8,5,3
102,358,2,0,0
102,169,2,0,1
102,57,16,9,5
102,106,3,2,0
102,584,2,1,0
102,379,5,2,2
102,430,4,2,1
102,52,1,0,0
102,512,1,1,0
102,32,3,3,0
102,579,1,0,0
102,159,4,2,1
102,33,5,3,1
102,123,6,2,3
102,144,2,1,1
102,333,1,0,1
102,121,5,3,0
102,341,1,0,0
102,145,1,0,0
102,115,4,1,2
102,511,2,1,0
102,179,2,0,1
102,222,1,0,0
102,234,1,0,0
102,361,1,1,0
102,86,2,0,1
102,104,3,0,1
102,60,2,1,0
102,246,6,4,2
102,156,2,2,0
102,31,1,0,1
102,56,5,4,1
102,523,2,2,0
102,706,2,2,0
102,652,2,1,0
102,30,6,4,1
102,157,1,1,0
102,678,1,1,0
102,238,3,3,0
102,339,3,0,2
102,80,1,1,0
102,347,3,1,2
102,215,4,2,1
102,16,3,2,1
102,97,3,2,0
102,854,2,1,0
102,534,1,0,1
102,461,1,1,0
102,279,1,1,0
102,483,1,0,0
102,646,4,2,1
102,61,3,2,1
102,20,2,1,0
102,362,1,0,1
102,122,1,0,0
102,413,2,0,0
102,2,2,2,0
102,395,2,1,1
102,301,1,1,0
102,508,2,2,0
102,734,1,1,0
102,216,2,0,1
102,386,1,1,0
102,82,2,2,0
102,494,1,0,1
102,278,3,2,1
102,294,1,0,1
102,230,1,1,0
102,327,2,2,0
102,1272,1,1,0
102,277,1,1,0
102,311,1,0,1
102,98,1,1,0
102,2732,1,0,1
102,171,1,1,0
102,781,1,1,0
102,2861,1,1,0
102,692,1,1,0
102,771,1,0,1
102,609,1,1,0
102,408,1,0,1
102,815,1,0,0
102,272,2,0,1
102,231,1,1,0
102,1149,1,0,1
102,240,1,0,0
102,432,2,1,0
102,772,1,0,1
103,13,2,0,2
103,101,12,10,2
103,196,18,8,6
103,104,6,3,3
103,137,15,8,6
103,300,25,18,5
103,339,9,4,3
103,107,3,1,2
103,360,9,4,3
103,358,14,10,2
103,103,94,46,38
103,98,1,1,0
103,167,8,7,1
103,333,6,4,2
103,272,10,7,3
103,256,14,11,2
103,215,9,3,2
103,498,92,23,40
103,512,7,5,1
103,0,46,21,20
103,523,10,6,3
103,426,18,7,8
103,145,9,4,4
103,246,9,3,3
103,301,5,4,0
103,580,1,1,0
103,347,20,13,7
103,511,3,1,1
103,280,1,0,0
103,99,1,0,1
103,621,7,6,0
103,637,4,1,1
103,273,6,4,1
103,361,16,5,5
103,321,8,3,2
103,579,5,3,1
103,624,3,3,0
103,684,10,2,7
103,159,32,18,11
103,144,20,14,3
103,82,24,14,8
103,296,5,4,1
103,175,8,4,3
103,379,43,23,11
103,197,20,7,7
103,432,11,5,5
103,19,13,7,5
103,396,1,1,0
103,492,4,3,1
103,199,2,2,0
103,318,3,2,1
103,294,19,10,8
103,349,12,10,2
103,334,18,10,3
103,170,17,5,9
103,541,1,1,0
103,508,2,0,1
103,654,2,1,1
103,115,2,2,0
103,940,2,1,1
103,692,1,1,0
103,659,35,23,7
103,314,1,1,0
103,674,2,2,0
103,462,2,0,1
103,17,3,3,0
103,105,12,5,3
103,77,14,7,3
103,158,10,3,4
103,179,9,6,3
103,402,11,8,3
103,84,12,9,3
103,277,14,8,4
103,21,3,2,1
103,76,5,4,1
103,554,4,3,0
103,259,6,1,2
103,81,15,9,6
103,23,5,3,1
103,7,9,3,4
103,238,7,3,3
103,413,6,3,3
103,55,1,1,0
103,419,7,4,1
103,430,52,32,12
103,88,8,5,2
103,216,31,13,16
103,149,10,3,4
103,40,8,5,1
103,408,16,8,4
103,106,12,6,3
103,513,8,5,2
103,147,9,6,3
103,31,6,4,1
103,30,22,11,8
103,143,5,4,1
103,431,4,3,1
103,279,16,6,6
103,471,6,3,2
103,25,7,2,4
103,619,27,7,15
103,499,1,1,0
103,32,9,8,0
103,362,6,3,2
103,1108,1,1,0
103,1135,3,1,2
103,862,1,1,0
103,1133,2,0,2
103,1127,1,0,1
103,1126,1,1,0
103,93,4,3,1
103,439,23,11,9
103,60,5,3,1
103,146,9,5,2
103,494,15,7,3
103,685,4,2,2
103,240,4,0,2
103,148,17,11,5
103,109,15,10,1
103,312,8,6,2
103,534,10,6,2
103,1272,2,1,1
103,918,8,3,4
103,299,4,2,0
103,461,8,4,2
103,476,3,1,1
103,372,2,1,0
103,1276,10,7,3
103,28,9,5,2
103,281,2,2,0
103,56,7,4,2
103,336,16,9,6
103,171,12,10,2
103,22,2,1,0
103,415,5,2,2
103,1,4,4,0
103,310,6,1,3
103,74,8,3,3
103,9,10,5,3
103,53,1,1,0
103,59,1,1,0
103,121,6,4,2
103,230,7,4,1
103,652,1,1,0
103,359,4,1,1
103,675,4,3,1
103,87,9,2,4
103,218,2,1,0
103,258,2,1,0
103,925,1,1,0
103,699,1,1,0
103,716,1,1,0
103,831,3,2,1
103,8,1,0,0
103,36,2,2,0
103,39,10,3,5
103,608,8,3,3
103,397,2,1,0
103,496,1,1,0
103,11,1,1,0
103,410,2,0,1
103,26,4,3,0
103,320,3,2,0
103,327,10,8,2
103,97,2,0,0
103,912,2,0,2
103,222,12,7,5
103,198,6,4,1
103,295,3,1,1
103,1236,1,1,0
103,667,1,0,0
103,18,2,1,0
103,374,7,5,2
103,584,8,4,3
103,297,10,5,4
103,380,3,2,0
103,200,13,8,3
103,317,1,0,1
103,122,2,1,1
103,663,1,1,0
103,304,1,1,0
103,52,2,1,1
103,661,6,2,4
103,429,2,2,0
103,483,1,1,0
103,467,1,1,0
103,157,1,1,0
103,2171,3,0,2
103,208,9,8,1
103,311,2,2,0
103,80,1,1,0
103,123,1,1,0
103,278,5,3,1
103,12,2,1,0
103,399,6,3,2
103,390,2,2,0
103,24,10,5,5
103,156,4,2,0
103,78,4,2,1
103,176,4,3,1
103,139,1,1,0
103,340,1,1,0
103,51,2,2,0
103,688,1,0,1
103,75,2,0,2
103,381,2,0,1
103,234,6,5,1
103,83,2,1,0
103,207,5,1,1
103,2534,2,2,0
103,638,3,3,0
103,560,1,0,0
103,34,1,0,1
103,501,1,1,0
103,542,4,1,2
103,1062,1,1,0
103,319,1,0,1
103,1147,3,0,3
103,58,2,0,0
103,168,1,1,0
103,707,2,1,1
103,1171,1,1,0
103,2732,1,0,1
103,878,1,1,0
103,282,3,0,1
103,2,1,1,0
103,57,1,1,0
103,864,2,2,0
103,2932,1,1,0
103,2308,1,1,0
103,717,5,3,2
103,678,1,0,0
103,445,1,1,0
103,1149,1,0,0
103,1341,1,0,1
103,816,1,1,0
103,673,1,1,0
103,1894,1,0,1
103,734,1,1,0
104,13,1,1,0
104,105,22,16,3
104,143,6,2,1
104,317,11,6,4
104,358,11,2,5
104,379,2,1,0
104,197,5,1,3
104,149,7,2,3
104,494,7,6,1
104,498,6,2,1
104,240,3,1,0
104,554,16,8,5
104,429,2,2,0
104,580,3,3,0
104,294,9,8,1
104,39,9,1,2
104,349,4,2,1
104,374,8,4,4
104,584,5,3,0
104,608,7,3,0
104,139,33,18,6
104,415,20,10,2
104,361,5,3,0
104,499,5,3,0
104,496,4,2,0
104,667,4,2,0
104,314,4,2,2
104,624,1,1,0
104,339,3,2,0
104,144,21,14,4
104,80,2,0,0
104,216,16,5,4
104,56,3,3,0
104,432,17,11,3
104,19,5,2,0
104,396,1,1,0
104,40,5,3,1
104,336,3,1,1
104,327,11,8,2
104,158,21,14,4
104,147,6,4,2
104,312,3,1,0
104,431,40,22,12
104,918,4,1,3
104,207,4,2,2
104,273,5,3,0
104,692,1,0,1
104,414,1,1,0
104,713,1,0,0
104,663,2,1,0
104,862,3,1,2
104,998,1,0,1
104,17,1,1,0
104,104,192,122,50
104,238,19,9,2
104,208,49,31,13
104,84,22,14,4
104,310,3,2,0
104,300,15,11,1
104,176,11,8,0
104,82,18,13,3
104,175,14,7,6
104,413,7,3,2
104,55,16,12,3
104,430,5,1,0
104,145,12,5,6
104,179,2,2,0
104,200,41,23,11
104,85,4,1,0
104,321,14,7,4
104,87,23,18,4
104,101,28,19,6
104,246,4,2,0
104,402,28,17,7
104,25,35,21,10
104,259,7,4,1
104,461,10,7,3
104,674,5,3,1
104,492,3,0,0
104,109,1,1,0
104,347,8,3,4
104,296,6,2,0
104,170,15,8,4
104,380,4,2,2
104,319,4,3,1
104,1126,1,0,1
104,1179,2,1,1
104,304,1,1,0
104,511,9,5,0
104,278,1,1,0
104,107,3,2,1
104,77,26,17,6
104,256,7,5,1
104,341,2,2,0
104,0,6,5,0
104,171,5,2,1
104,462,2,2,0
104,122,9,6,1
104,408,5,4,0
104,301,5,3,1
104,501,1,0,1
104,297,4,2,2
104,410,2,2,0
104,21,5,2,2
104,362,10,5,2
104,334,5,4,1
104,32,9,5,0
104,196,4,3,1
104,121,3,1,1
104,659,11,3,6
104,22,4,2,2
104,137,10,7,2
104,2,1,0,1
104,28,9,5,3
104,26,3,1,2
104,24,3,3,0
104,123,2,2,0
104,88,5,1,2
104,8,3,2,0
104,103,6,3,1
104,419,9,6,3
104,167,4,3,0
104,83,1,1,0
104,93,3,2,0
104,282,1,1,0
104,57,6,5,0
104,146,1,1,0
104,52,3,2,0
104,234,3,2,1
104,16,3,2,1
104,148,10,6,2
104,890,1,1,0
104,295,1,1,0
104,467,5,1,2
104,471,11,5,2
104,652,2,2,0
104,157,2,1,1
104,372,2,2,0
104,579,4,1,1
104,159,17,11,2
104,318,4,3,0
104,31,1,1,0
104,381,4,1,2
104,34,1,0,0
104,59,1,1,0
104,58,1,1,0
104,426,14,4,6
104,598,1,1,0
104,1718,1,1,0
104,7,22,18,3
104,541,3,3,0
104,324,2,2,0
104,23,1,0,0
104,9,10,6,2
104,169,1,1,0
104,60,3,1,2
104,272,7,5,1
104,299,3,3,0
104,98,1,1,0
104,619,1,1,0
104,1,3,2,1
104,395,4,2,2
104,215,6,3,1
104,512,4,2,0
104,534,4,2,2
104,222,2,0,0
104,673,3,1,0
104,470,1,1,0
104,1135,1,1,0
104,74,4,4,0
104,281,2,0,2
104,76,1,0,1
104,513,1,0,0
104,280,5,3,1
104,399,4,1,1
104,30,18,9,6
104,115,6,4,1
104,168,1,1,0
104,678,1,0,0
104,1147,1,1,0
104,333,1,1,0
104,523,3,2,0
104,638,1,1,0
104,542,5,3,2
104,770,1,1,0
104,933,1,1,0
104,581,1,1,0
104,707,2,2,0
104,901,2,2,0
104,699,1,0,0
104,716,1,0,1
104,376,1,0,1
104,51,2,0,2
104,560,1,1,0
104,706,2,1,1
104,688,3,0,1
104,359,1,1,0
104,61,1,1,0
104,815,4,3,0
104,397,3,0,3
104,637,4,1,1
104,1423,1,0,0
104,260,1,0,1
104,1149,1,1,0
104,2534,1,0,0
104,81,2,1,1
104,439,2,1,1
104,1272,1,0,0
104,508,2,1,0
104,199,1,0,1
104,218,1,0,0
104,97,2,0,0
104,293,1,1,0
104,279,2,1,1
104,230,4,1,3
104,258,1,1,0
104,311,1,0,1
104,878,1,0,0
104,36,1,1,0
104,646,1,0,1
104,771,1,1,0
104,1109,1,0,1
104,779,1,1,0
104,86,1,0,1
104,945,1,0,0
104,816,1,1,0
105,13,4,2,1
105,24,16,9,2
105,7,17,12,4
105,105,305,187,64
105,137,17,12,1
105,208,34,26,7
105,300,24,13,4
105,339,37,20,9
105,360,20,5,8
105,358,21,11,5
105,103,16,10,2
105,379,12,9,3
105,419,5,2,2
105,430,18,15,1
105,282,6,3,1
105,216,48,28,14
105,256,25,12,9
105,149,9,6,2
105,498,7,3,1
105,16,2,1,1
105,512,42,24,6
105,399,17,8,2
105,426,51,24,19
105,534,49,26,17
105,122,9,7,1
105,408,12,10,2
105,246,28,13,6
105,513,23,16,2
105,200,31,20,4
105,318,3,3,0
105,312,30,15,7
105,429,4,2,0
105,30,31,20,7
105,402,54,31,14
105,431,9,5,3
105,467,4,3,0
105,598,2,2,0
105,347,15,9,4
105,176,13,5,5
105,621,40,21,11
105,273,12,8,1
105,260,5,3,0
105,222,11,7,0
105,380,37,18,11
105,414,3,0,1
105,663,32,18,8
105,496,2,0,0
105,673,6,3,2
105,542,7,4,1
105,624,7,7,0
105,81,19,10,4
105,196,6,2,2
105,700,2,2,0
105,175,32,20,10
105,146,5,3,0
105,494,9,7,1
105,234,6,3,1
105,171,15,8,5
105,145,5,4,1
105,554,7,3,3
105,147,4,3,1
105,883,2,2,0
105,39,10,6,1
105,415,21,10,7
105,334,32,20,9
105,230,51,21,23
105,918,17,3,10
105,170,26,21,3
105,476,4,3,0
105,32,14,10,1
105,372,3,1,1
105,661,7,6,0
105,314,3,1,0
105,675,7,1,4
105,376,2,1,0
105,248,2,0,1
105,462,4,3,1
105,837,1,1,0
105,906,1,0,1
105,998,3,3,0
105,101,26,18,6
105,85,4,2,0
105,238,29,19,6
105,652,4,3,0
105,144,29,18,5
105,80,4,2,2
105,77,17,8,6
105,413,4,2,1
105,197,10,6,0
105,93,6,5,0
105,207,7,1,1
105,158,30,21,5
105,179,8,3,2
105,184,3,2,1
105,461,17,12,4
105,321,6,1,1
105,340,8,4,2
105,333,13,7,5
105,88,9,3,5
105,107,4,3,1
105,82,35,23,4
105,336,16,8,4
105,327,9,5,2
105,259,5,2,2
105,471,29,17,5
105,25,12,6,4
105,674,19,11,5
105,9,7,4,2
105,278,6,3,3
105,36,2,1,1
105,0,24,14,7
105,560,3,2,1
105,301,4,1,0
105,580,1,0,0
105,374,23,16,5
105,584,8,5,1
105,139,9,4,2
105,511,5,1,1
105,311,6,0,4
105,361,8,4,3
105,619,12,7,4
105,862,1,0,1
105,1133,11,4,6
105,1102,1,0,1
105,1021,1,0,1
105,1031,1,0,1
105,640,2,0,0
105,104,14,8,5
105,84,29,15,8
105,310,12,7,2
105,98,5,0,2
105,55,8,4,2
105,60,8,2,3
105,57,4,2,0
105,432,35,22,6
105,492,4,2,0
105,148,14,9,5
105,294,9,7,1
105,297,1,1,0
105,296,9,4,0
105,470,3,2,0
105,324,2,0,0
105,410,2,2,0
105,397,8,3,1
105,579,3,1,1
105,21,11,3,5
105,87,18,9,2
105,395,5,3,0
105,659,18,11,3
105,121,8,4,4
105,695,2,1,1
105,523,6,5,1
105,40,10,2,6
105,240,7,3,0
105,106,9,6,0
105,706,6,4,1
105,295,3,2,1
105,349,9,5,2
105,1276,3,2,0
105,123,4,2,2
105,215,6,4,0
105,23,8,1,4
105,779,1,1,0
105,74,10,7,2
105,169,3,1,0
105,8,5,3,2
105,76,4,3,1
105,58,2,1,1
105,75,2,2,0
105,638,3,2,1
105,31,7,2,4
105,143,6,2,4
105,625,1,1,0
105,518,4,1,1
105,51,2,2,0
105,688,3,3,0
105,816,3,2,1
105,734,4,1,2
105,707,2,1,0
105,362,7,4,1
105,716,6,5,1
105,28,13,8,2
105,53,2,2,0
105,156,3,1,1
105,258,4,3,0
105,159,38,26,9
105,396,4,2,1
105,272,8,5,1
105,653,6,3,0
105,499,2,0,0
105,1,6,2,1
105,317,7,4,1
105,341,2,1,0
105,304,3,1,1
105,277,12,6,2
105,541,2,0,1
105,167,10,6,0
105,445,5,2,1
105,86,3,0,1
105,198,6,3,1
105,181,1,0,0
105,52,2,2,0
105,1135,10,6,3
105,667,1,0,0
105,218,4,2,0
105,34,1,1,0
105,439,8,4,1
105,299,2,0,1
105,78,1,1,0
105,320,2,2,0
105,281,3,2,1
105,1865,2,1,1
105,109,8,4,4
105,279,2,2,0
105,168,2,2,0
105,508,2,1,1
105,56,4,2,1
105,770,2,1,0
105,381,1,0,0
105,692,1,1,0
105,854,4,2,2
105,319,1,0,1
105,19,7,4,1
105,280,2,0,2
105,359,2,2,0
105,293,1,0,0
105,930,2,1,1
105,1272,4,1,2
105,815,2,0,1
105,1423,1,1,0
105,2534,2,2,0
105,1149,2,0,1
105,684,2,0,2
105,2169,2,1,1
105,22,1,0,0
105,1046,1,0,1
105,157,1,1,0
105,61,2,1,1
105,515,4,1,2
105,2656,1,0,0
105,33,1,1,0
105,17,1,1,0
105,878,1,1,0
105,831,1,0,1
105,864,1,1,0
105,2639,1,1,0
105,2308,1,0,1
105,2945,1,1,0
105,777,1,1,0
105,609,1,1,0
105,20,1,1,0
105,717,2,1,1
105,945,1,1,0
106,137,6,2,4
106,159,10,3,5
106,281,3,3,0
106,103,9,5,3
106,234,1,1,0
106,334,4,3,1
106,230,2,1,1
106,198,3,1,2
106,684,30,11,15
106,87,7,2,4
106,105,6,5,1
106,277,4,4,0
106,36,4,2,2
106,156,6,3,2
106,216,3,3,0
106,56,4,3,1
106,19,2,1,1
106,149,4,3,0
106,145,2,1,1
106,638,2,1,0
106,246,4,4,0
106,106,115,55,36
106,580,2,0,1
106,294,55,23,29
106,471,2,1,1
106,170,4,0,4
106,470,4,4,0
106,933,1,1,0
106,415,2,1,0
106,940,1,1,0
106,361,2,1,0
106,713,1,1,0
106,496,1,0,1
106,483,2,0,0
106,542,1,0,0
106,197,3,1,0
106,24,4,2,1
106,123,2,1,1
106,310,4,3,0
106,74,5,5,0
106,75,4,4,0
106,57,3,1,1
106,301,2,1,1
106,429,1,0,1
106,374,2,2,0
106,32,1,1,0
106,181,1,1,0
106,518,1,1,0
106,862,1,0,1
106,340,1,1,0
106,1091,1,1,0
106,1102,2,1,1
106,1148,1,1,0
106,360,4,2,1
106,439,33,8,23
106,175,1,1,0
106,16,3,0,2
106,199,4,3,1
106,336,1,1,0
106,171,3,0,2
106,179,4,3,1
106,279,3,0,1
106,685,18,5,13
106,77,2,1,1
106,430,6,1,3
106,312,2,2,0
106,30,7,5,1
106,208,2,2,0
106,272,2,2,0
106,815,1,1,0
106,215,5,2,1
106,930,1,1,0
106,925,1,0,1
106,850,1,0,0
106,675,2,1,1
106,678,2,2,0
106,358,1,0,0
106,304,2,0,0
106,0,1,1,0
106,104,1,0,0
106,81,5,2,3
106,912,1,0,1
106,492,2,1,0
106,93,1,1,0
106,359,1,1,0
106,395,1,1,0
106,498,3,2,0
106,408,5,4,1
106,379,16,11,1
106,399,2,2,0
106,432,1,1,0
106,158,4,1,2
106,608,2,0,1
106,33,2,1,1
106,55,2,1,0
106,554,1,1,0
106,508,2,2,0
106,293,1,0,1
106,168,2,1,1
106,1,1,0,0
106,144,5,1,2
106,58,2,2,0
106,23,2,2,0
106,80,1,1,0
106,402,2,1,0
106,78,1,0,1
106,147,1,0,0
106,184,3,3,0
106,779,2,2,0
106,258,2,1,1
106,659,3,2,1
106,39,1,0,1
106,139,1,1,0
106,673,2,1,0
106,494,4,3,1
106,28,3,3,0
106,26,2,2,0
106,238,5,4,1
106,278,1,0,0
106,413,1,1,0
106,256,2,1,0
106,146,1,1,0
106,512,2,0,1
106,148,2,2,0
106,327,2,1,1
106,85,1,0,1
106,347,4,1,3
106,25,2,1,1
106,259,1,0,0
106,621,2,1,1
106,380,1,0,1
106,619,3,1,1
106,663,1,1,0
106,13,5,2,2
106,61,1,1,0
106,381,4,0,2
106,692,2,0,1
106,792,1,1,0
106,12,1,1,0
106,646,2,0,1
106,20,3,1,1
106,1267,1,0,1
106,320,1,0,1
106,467,1,0,1
106,101,1,0,1
106,34,2,1,1
106,84,3,1,2
106,107,1,0,1
106,60,2,1,1
106,734,2,1,1
106,321,2,1,0
106,18,2,1,1
106,9,1,1,0
106,31,3,1,2
106,1135,1,1,0
106,17,2,1,1
106,115,2,0,2
106,523,2,0,2
106,426,1,0,1
106,51,4,1,3
106,282,2,1,1
106,59,2,1,1
106,695,1,0,1
106,97,2,1,1
106,609,3,2,1
106,53,3,2,0
106,741,2,1,1
106,541,1,1,0
106,419,1,0,1
106,218,3,2,1
106,231,1,1,0
106,143,2,1,1
106,666,1,1,0
106,534,3,1,2
106,52,1,0,1
106,513,1,1,0
106,688,2,0,2
106,390,1,0,1
106,83,1,0,0
106,121,1,0,1
106,318,1,0,0
106,86,1,0,1
106,99,1,0,1
106,240,1,1,0
106,82,1,1,0
106,295,1,1,0
106,273,1,0,0
106,1341,1,1,0
106,176,1,0,1
106,376,1,0,1
107,17,7,3,2
107,7,12,7,4
107,105,6,6,0
107,77,13,9,4
107,341,2,2,0
107,148,11,8,2
107,336,6,4,2
107,145,6,2,3
107,179,5,2,2
107,200,4,1,0
107,580,2,1,1
107,349,3,2,1
107,15,1,1,0
107,207,12,9,2
107,635,1,1,0
107,273,4,2,1
107,115,10,5,5
107,353,2,1,1
107,123,17,10,7
107,218,2,0,1
107,107,117,62,42
107,360,6,3,3
107,8,4,1,3
107,98,2,1,1
107,419,7,3,3
107,197,7,4,0
107,59,4,3,0
107,57,10,4,5
107,78,5,1,2
107,327,6,2,3
107,109,7,3,2
107,31,3,1,1
107,39,11,4,5
107,296,5,4,1
107,324,10,8,1
107,508,5,2,2
107,280,10,3,5
107,390,26,16,8
107,940,1,1,0
107,86,11,4,6
107,321,3,1,2
107,414,2,0,1
107,713,2,1,1
107,198,23,15,5
107,625,6,3,3
107,673,6,5,1
107,542,12,6,4
107,998,1,1,0
107,534,3,1,2
107,215,7,3,3
107,84,15,10,5
107,430,5,1,1
107,76,24,15,5
107,246,3,2,1
107,295,5,4,1
107,13,1,1,0
107,101,13,6,7
107,23,12,7,3
107,26,6,3,3
107,24,11,8,3
107,238,14,8,4
107,208,6,6,0
107,300,6,3,3
107,278,2,0,1
107,9,8,2,5
107,281,1,0,1
107,103,5,4,0
107,379,8,5,3
107,36,7,5,1
107,55,9,3,6
107,167,5,4,1
107,83,3,3,0
107,282,8,5,3
107,19,8,5,3
107,1113,3,1,1
107,199,10,6,4
107,240,5,3,2
107,97,8,6,2
107,294,5,3,2
107,402,7,4,2
107,170,7,4,2
107,258,4,2,1
107,22,3,1,2
107,496,1,0,1
107,1102,1,1,0
107,1021,6,3,2
107,972,1,0,1
107,181,1,0,1
107,1142,1,1,0
107,159,14,10,3
107,74,24,12,11
107,21,17,11,6
107,256,8,2,4
107,492,26,9,8
107,147,6,4,2
107,318,8,5,3
107,176,8,3,3
107,470,2,1,0
107,139,3,1,0
107,359,14,9,3
107,358,6,4,1
107,2,4,1,2
107,81,8,5,2
107,88,10,9,1
107,11,4,2,2
107,53,5,5,0
107,56,3,2,1
107,58,8,5,3
107,149,16,10,5
107,312,6,4,1
107,184,6,3,2
107,25,16,10,5
107,259,4,2,2
107,168,4,3,0
107,104,6,4,2
107,82,4,0,1
107,413,7,1,3
107,156,8,6,1
107,121,11,5,3
107,408,3,2,1
107,158,7,4,2
107,30,8,5,3
107,143,3,3,0
107,279,5,3,1
107,99,1,1,0
107,659,3,2,0
107,32,2,2,0
107,700,3,2,0
107,146,8,6,2
107,0,5,3,1
107,106,3,2,0
107,374,4,1,2
107,222,2,1,1
107,361,5,4,1
107,1,9,8,1
107,14,2,1,1
107,175,11,5,5
107,60,10,5,2
107,347,5,2,3
107,584,5,4,0
107,439,10,4,3
107,376,10,5,2
107,837,1,1,0
107,144,4,2,2
107,277,8,6,2
107,61,3,3,0
107,33,4,4,0
107,695,1,1,0
107,933,1,1,0
107,707,3,2,1
107,699,15,6,6
107,310,8,4,3
107,333,1,1,0
107,501,1,1,0
107,598,3,2,1
107,654,1,1,0
107,945,1,0,0
107,87,13,11,1
107,415,10,4,4
107,51,6,6,0
107,498,2,1,0
107,395,3,1,1
107,432,3,1,1
107,314,6,3,2
107,80,1,1,0
107,399,9,5,2
107,429,1,1,0
107,320,1,1,0
107,234,8,4,4
107,396,2,1,0
107,75,4,2,2
107,171,1,0,0
107,299,3,1,1
107,28,1,0,0
107,137,9,5,3
107,40,5,4,1
107,297,3,2,0
107,260,4,4,0
107,499,2,2,0
107,362,7,2,4
107,678,1,1,0
107,216,5,3,1
107,471,5,3,1
107,20,1,1,0
107,619,4,1,1
107,37,4,1,2
107,118,4,4,0
107,483,6,3,2
107,653,1,1,0
107,1091,1,1,0
107,52,4,0,1
107,1865,1,1,0
107,554,2,1,1
107,196,6,2,3
107,304,2,1,0
107,380,3,2,1
107,301,4,1,1
107,85,4,4,0
107,445,4,1,3
107,652,1,0,1
107,666,2,1,1
107,1032,2,1,1
107,541,1,1,0
107,12,3,1,2
107,734,1,0,1
107,688,1,1,0
107,850,1,1,0
107,426,2,1,0
107,513,1,0,0
107,334,2,0,1
107,230,4,2,1
107,461,5,3,1
107,637,1,0,1
107,864,2,0,1
107,579,1,0,1
107,675,1,0,0
107,293,1,0,0
107,816,1,0,0
107,646,4,0,1
107,854,1,0,1
107,18,2,1,1
107,2537,1,1,0
107,339,1,0,1
107,93,4,3,1
107,494,1,1,0
107,467,2,2,0
107,912,2,1,1
107,397,1,0,0
107,317,4,2,1
107,311,3,2,1
107,512,1,1,0
107,157,1,0,1
107,248,2,2,0
107,523,2,1,0
107,674,1,1,0
107,1062,1,0,0
107,34,1,1,0
107,16,1,0,0
107,1046,1,1,0
107,684,1,1,0
107,560,1,0,1
107,272,2,2,0
107,122,2,1,0
107,609,3,0,1
107,431,2,0,1
107,624,1,1,0
107,515,1,1,0
107,231,1,0,1
107,685,2,0,2
107,770,2,1,1
107,608,1,0,1
107,2089,1,0,0
107,1341,5,1,4
107,386,1,0,1
107,1894,4,1,3
107,815,1,0,0
108,13,3,2,1
108,56,3,2,0
108,28,1,1,0
108,105,2,1,1
108,80,1,1,0
108,61,5,3,2
108,88,2,2,0
108,16,5,4,1
108,37,2,1,1
108,200,1,1,0
108,85,2,2,0
108,39,1,1,0
108,25,4,2,2
108,324,2,2,0
108,314,2,2,0
108,81,1,1,0
108,196,1,0,1
108,395,4,2,1
108,419,1,1,0
108,156,3,3,0
108,282,2,2,0
108,396,1,1,0
108,97,2,1,1
108,158,1,0,1
108,755,1,0,0
108,181,2,1,1
108,20,4,3,0
108,21,3,3,0
108,12,3,1,1
108,240,2,1,1
108,15,3,2,0
108,26,1,1,0
108,358,2,1,1
108,36,6,3,3
108,59,4,4,0
108,19,2,1,1
108,429,1,1,0
108,470,1,1,0
108,207,1,1,0
108,410,2,1,1
108,22,1,1,0
108,815,1,1,0
108,23,1,1,0
108,277,2,0,2
108,171,1,1,0
108,327,1,1,0
108,179,1,1,0
108,318,2,2,0
108,143,4,1,2
108,74,2,2,0
108,107,1,1,0
108,430,1,1,0
108,53,5,4,1
108,60,1,0,1
108,76,3,2,0
108,58,2,0,1
108,199,6,5,1
108,145,1,1,0
108,170,1,1,0
108,17,3,3,0
108,93,1,1,0
108,57,3,1,2
108,2,2,2,0
108,98,2,2,0
108,147,2,2,0
108,84,1,1,0
108,24,1,0,1
108,55,1,1,0
108,234,1,1,0
108,75,2,1,1
108,168,1,0,0
108,678,1,1,0
108,248,1,1,0
108,33,1,0,1
108,379,1,1,0
108,157,1,1,0
108,8,3,1,1
108,106,1,1,0
108,699,2,2,0
108,104,1,1,0
108,34,1,1,0
108,51,2,2,0
108,18,1,1,0
108,293,1,0,0
108,772,1,1,0
108,402,1,1,0
108,137,1,1,0
108,706,1,1,0
108,30,1,1,0
108,692,1,0,1
108,646,3,2,1
108,609,1,1,0
108,779,1,1,0
108,14,1,1,0
109,13,2,1,1
109,109,103,42,38
109,349,7,4,1
109,105,3,2,1
109,580,1,1,0
109,334,5,1,1
109,673,1,1,0
109,998,1,1,0
109,101,1,1,0
109,216,5,2,1
109,638,1,1,0
109,30,3,3,0
109,584,3,0,1
109,208,1,1,0
109,277,2,1,1
109,240,2,2,0
109,327,2,0,1
109,122,3,3,0
109,106,2,1,1
109,22,1,1,0
109,222,10,2,7
109,674,1,0,1
109,619,13,5,7
109,362,3,2,1
109,1133,1,1,0
109,1090,1,0,1
109,1032,1,0,1
109,28,2,1,1
109,358,4,3,0
109,341,1,1,0
109,432,23,12,7
109,380,3,2,1
109,256,3,1,1
109,426,1,0,1
109,171,2,1,0
109,554,3,1,2
109,513,3,2,1
109,170,4,3,0
109,321,2,0,1
109,659,4,3,0
109,511,1,1,0
109,156,2,1,0
109,361,4,2,2
109,1147,3,0,2
109,320,1,1,0
109,831,52,8,39
109,471,3,2,0
109,238,1,0,1
109,419,3,0,0
109,494,2,2,0
109,103,1,0,0
109,25,1,1,0
109,912,1,0,0
109,299,1,1,0
109,663,6,4,1
109,7,1,1,0
109,652,2,0,0
109,395,1,1,0
109,376,1,0,0
109,685,3,2,0
109,137,2,1,1
109,534,4,2,2
109,294,1,1,0
109,461,1,0,0
109,339,1,1,0
109,336,1,1,0
109,1865,1,1,0
109,429,1,1,0
109,439,2,0,1
109,661,5,4,1
109,272,2,2,0
109,200,1,0,0
109,402,2,2,0
109,374,2,2,0
109,230,2,1,1
109,397,4,2,1
109,379,1,0,0
109,467,1,1,0
109,258,1,1,0
109,777,2,1,0
109,310,1,1,0
109,197,2,0,2
109,60,2,1,0
109,145,1,0,1
109,1276,1,1,0
109,158,2,0,0
109,816,1,0,0
109,381,1,1,0
109,196,1,1,0
109,684,1,1,0
109,360,1,1,0
109,542,1,1,0
109,159,1,0,1
109,523,1,0,0
109,199,2,1,1
109,39,2,0,2
109,792,1,1,0
109,741,1,1,0
109,878,1,1,0
109,56,2,0,1
109,770,1,0,1
109,301,1,0,0
109,609,1,0,1
109,498,1,1,0
109,52,1,0,0
109,297,1,1,0
109,948,2,2,0
109,207,1,0,0
109,372,1,0,1
109,1236,1,1,0
109,1413,1,0,0
109,295,1,1,0
109,930,1,0,1
109,231,2,2,0
109,246,1,1,0
110,13,13,6,4
110,101,7,3,2
110,234,4,2,1
110,105,14,10,3
110,246,7,3,1
110,159,16,8,6
110,80,5,2,3
110,8,10,7,3
110,98,1,1,0
110,21,17,13,2
110,19,9,5,3
110,78,9,3,5
110,199,9,7,1
110,122,4,1,1
110,200,5,3,2
110,30,4,2,1
110,39,7,2,4
110,431,4,2,1
110,349,6,2,2
110,374,4,2,1
110,230,1,0,1
110,25,16,7,4
110,20,9,5,4
110,415,3,1,1
110,361,2,0,0
110,659,3,2,1
110,496,3,3,0
110,579,4,2,1
110,542,4,2,0
110,208,5,4,1
110,144,9,3,5
110,277,5,4,1
110,419,7,4,2
110,156,10,7,3
110,60,8,5,3
110,272,6,2,2
110,12,4,3,1
110,57,11,8,3
110,56,11,7,3
110,146,10,1,7
110,215,3,1,1
110,494,4,3,1
110,37,13,11,2
110,492,2,1,0
110,327,5,3,2
110,347,4,0,4
110,445,1,0,0
110,508,8,5,3
110,755,1,1,0
110,157,7,3,4
110,940,1,0,1
110,619,4,2,0
110,198,2,2,0
110,663,1,1,0
110,667,3,2,0
110,675,3,2,1
110,862,1,1,0
110,319,1,1,0
110,17,20,11,8
110,9,15,9,4
110,75,9,5,4
110,82,5,3,0
110,51,11,4,4
110,81,7,3,2
110,23,18,11,4
110,28,19,11,6
110,26,13,11,0
110,7,19,8,6
110,218,12,6,5
110,304,4,3,0
110,84,15,6,6
110,74,8,5,2
110,36,13,9,2
110,53,14,11,3
110,121,4,2,2
110,58,6,4,1
110,0,10,4,5
110,40,6,4,2
110,240,14,5,5
110,97,13,7,1
110,147,14,8,4
110,501,7,5,2
110,297,4,2,2
110,534,6,3,3
110,295,3,1,2
110,279,3,2,1
110,471,4,2,1
110,439,7,5,2
110,280,2,1,1
110,621,1,0,1
110,311,5,2,3
110,118,3,2,1
110,625,1,0,1
110,362,3,2,0
110,2,11,5,4
110,24,13,8,4
110,18,6,1,4
110,281,7,5,2
110,430,5,3,1
110,52,3,1,0
110,143,10,7,2
110,1236,1,1,0
110,34,4,3,0
110,256,7,5,1
110,149,7,3,3
110,513,3,2,1
110,390,5,2,2
110,32,2,1,1
110,107,6,4,2
110,695,4,3,0
110,137,12,7,4
110,76,9,7,2
110,196,8,4,3
110,358,2,0,0
110,395,2,2,0
110,88,13,7,5
110,83,2,0,1
110,333,5,3,0
110,399,8,3,3
110,429,10,7,2
110,85,4,3,0
110,184,4,3,1
110,584,2,2,0
110,22,5,3,2
110,359,1,1,0
110,340,4,2,1
110,741,1,1,0
110,318,5,3,0
110,31,10,6,4
110,170,7,4,3
110,259,9,6,1
110,930,1,1,0
110,707,1,1,0
110,168,7,3,1
110,716,3,1,0
110,104,8,5,2
110,317,1,1,0
110,360,6,4,1
110,294,8,4,3
110,103,6,3,2
110,33,4,3,1
110,167,5,2,2
110,11,5,4,1
110,554,1,1,0
110,312,7,4,2
110,334,3,2,1
110,258,6,1,3
110,86,8,5,2
110,59,13,5,5
110,426,2,0,1
110,1,4,3,1
110,169,2,2,0
110,299,2,1,1
110,410,1,1,0
110,238,7,6,1
110,55,12,8,3
110,16,10,4,3
110,175,2,1,0
110,115,5,3,1
110,541,1,0,0
110,376,2,1,0
110,87,14,9,4
110,413,1,1,0
110,282,4,1,2
110,432,2,1,0
110,15,4,3,1
110,207,7,5,1
110,273,1,0,0
110,222,4,3,1
110,674,1,1,0
110,301,1,1,0
110,772,1,1,0
110,61,7,3,1
110,396,1,1,0
110,176,2,2,0
110,380,3,3,0
110,402,3,0,3
110,93,6,2,2
110,158,8,5,1
110,106,4,2,1
110,179,9,4,4
110,523,1,1,0
110,293,2,2,0
110,850,1,1,0
110,145,1,1,0
110,408,2,1,1
110,381,4,3,0
110,300,3,0,3
110,278,2,1,1
110,379,2,1,1
110,77,7,5,2
110,197,7,3,3
110,296,1,0,1
110,700,4,2,1
110,483,9,4,4
110,673,2,1,1
110,320,1,0,1
110,339,1,1,0
110,216,2,1,1
110,139,2,2,0
110,1267,1,0,1
110,1272,2,2,0
110,699,2,0,1
110,652,2,2,0
110,336,6,4,2
110,511,1,0,1
110,906,1,0,1
110,123,3,2,1
110,598,1,1,0
110,678,1,1,0
110,321,4,2,1
110,109,1,0,0
110,467,2,2,0
110,503,2,1,1
110,1031,1,0,1
110,397,1,0,1
110,1046,1,0,1
110,148,3,2,1
110,1171,2,2,0
110,512,1,1,0
110,171,2,2,0
110,2732,1,1,0
110,260,1,0,1
110,310,2,1,0
110,113,1,0,1
110,781,1,1,0
110,706,1,1,0
110,386,1,0,1
110,2861,1,0,1
110,1119,1,0,0
110,2328,1,1,0
110,1062,1,1,0
110,2308,1,1,0
110,2956,5,4,1
110,831,1,1,0
110,609,3,1,1
110,646,3,2,1
110,1142,2,2,0
110,815,1,1,0
110,734,1,1,0
110,638,1,1,0
110,608,1,0,1
110,248,1,0,1
110,560,1,0,1
111,13,2,2,0
111,17,4,2,1
111,196,1,0,1
111,123,2,2,0
111,104,3,2,1
111,105,3,2,0
111,238,1,1,0
111,74,2,2,0
111,82,2,2,0
111,61,2,2,0
111,103,1,1,0
111,77,2,1,0
111,216,1,1,0
111,327,1,1,0
111,31,2,2,0
111,143,2,1,0
111,347,1,1,0
111,198,1,0,1
111,496,1,1,0
111,83,2,2,0
111,53,1,0,1
111,637,1,0,1
111,22,1,0,1
111,24,2,0,1
111,137,1,1,0
111,11,1,0,0
111,492,1,1,0
111,179,2,2,0
111,147,2,2,0
111,56,2,1,1
111,26,2,2,0
111,145,1,1,0
111,579,1,0,1
111,772,1,0,0
111,156,3,1,2
111,2,1,1,0
111,60,1,1,0
111,121,1,1,0
111,200,1,0,0
111,598,1,1,0
111,410,1,1,0
111,86,1,1,0
111,462,1,1,0
111,18,2,1,1
111,318,3,2,1
111,299,1,1,0
111,430,1,1,0
111,169,2,2,0
111,282,1,1,0
111,272,2,1,1
111,399,2,1,1
111,374,1,0,0
111,511,1,1,0
111,1,3,3,0
111,51,6,3,2
111,23,4,3,0
111,278,1,1,0
111,281,1,1,0
111,37,1,1,0
111,199,2,0,0
111,439,1,1,0
111,21,2,1,1
111,12,2,2,0
111,101,1,0,1
111,310,2,2,0
111,159,2,1,0
111,107,3,2,1
111,88,1,1,0
111,59,2,2,0
111,19,1,1,0
111,171,1,1,0
111,97,1,1,0
111,324,2,2,0
111,314,1,0,0
111,624,1,1,0
111,34,1,1,0
111,1717,1,1,0
111,523,1,0,0
111,501,1,1,0
111,175,1,1,0
111,396,1,0,0
111,118,1,0,1
111,340,1,0,0
111,301,1,1,0
111,692,3,2,1
111,706,1,1,0
111,609,2,2,0
111,16,1,1,0
111,148,1,1,0
111,9,2,1,0
111,2861,1,1,0
111,379,1,1,0
111,36,1,1,0
112,13,1,1,0
112,34,1,1,0
112,24,6,5,0
112,84,2,1,0
112,144,1,0,0
112,333,2,2,0
112,93,1,1,0
112,143,3,2,1
112,20,5,5,0
112,512,1,0,0
112,80,2,2,0
112,36,5,4,1
112,59,2,1,1
112,246,3,1,2
112,374,1,1,0
112,390,2,1,1
112,184,2,2,0
112,25,2,1,1
112,26,2,0,1
112,87,3,2,0
112,281,1,0,0
112,105,3,1,0
112,238,2,1,1
112,197,2,1,1
112,76,1,1,0
112,336,2,2,0
112,176,3,3,0
112,511,1,1,0
112,462,2,2,0
112,55,1,1,0
112,196,1,1,0
112,123,1,0,1
112,14,1,1,0
112,74,1,1,0
112,33,2,2,0
112,149,2,1,1
112,498,2,2,0
112,341,1,0,0
112,179,1,1,0
112,85,1,1,0
112,230,1,1,0
112,258,1,1,0
112,168,1,1,0
112,2,2,1,0
112,88,1,1,0
112,11,4,4,0
112,37,2,1,0
112,122,2,1,1
112,470,1,0,0
112,21,3,2,1
112,430,2,1,0
112,57,1,0,0
112,399,2,2,0
112,106,1,1,0
112,361,1,1,0
112,23,5,3,2
112,7,2,2,0
112,208,4,2,2
112,18,1,0,1
112,103,3,2,0
112,156,4,2,1
112,492,1,1,0
112,426,1,1,0
112,415,2,1,0
112,200,1,1,0
112,396,2,1,0
112,304,2,1,1
112,121,1,1,0
112,58,1,1,0
112,327,1,1,0
112,408,2,2,0
112,379,3,2,0
112,652,3,2,0
112,301,2,1,0
112,310,1,1,0
112,685,1,0,0
112,158,1,0,0
112,16,1,1,0
112,199,1,1,0
112,1109,1,1,0
112,30,1,0,0
112,1203,1,1,0
112,259,1,1,0
112,296,1,1,0
112,175,1,0,1
112,781,1,1,0
112,609,2,1,1
112,53,3,1,1
112,51,2,2,0
112,75,1,0,0
112,646,2,1,1
112,148,1,1,0
112,15,1,0,1
112,147,2,1,1
112,9,1,1,0
112,81,1,0,1
112,61,1,0,1
112,311,1,1,0
112,2656,1,0,0
112,171,2,1,1
112,218,1,1,0
112,2861,2,1,1
112,318,1,1,0
112,256,1,0,0
112,231,1,1,0
112,554,1,0,0
112,347,1,1,0
112,28,1,0,1
113,13,1,0,1
113,492,2,0,1
113,300,3,0,3
113,318,3,0,3
113,972,1,0,1
113,281,6,2,3
113,80,2,1,1
113,159,3,1,2
113,666,1,1,0
113,105,2,1,1
113,93,1,0,1
113,147,1,0,1
113,273,1,0,1
113,179,7,1,5
113,87,2,0,2
113,176,1,1,0
113,16,1,0,1
113,168,1,1,0
113,415,1,0,0
113,55,3,1,2
113,75,1,0,0
113,39,1,0,1
113,374,1,0,1
113,279,1,0,0
113,222,2,2,0
113,83,1,1,0
113,85,1,0,1
113,390,1,0,1
113,2203,1,1,0
113,81,3,1,2
113,23,2,0,2
113,238,1,0,1
113,84,1,0,1
113,175,1,0,1
113,77,1,1,0
113,21,1,1,0
113,199,1,0,0
113,158,1,0,1
113,106,1,0,1
113,31,2,0,2
113,30,1,0,1
113,86,2,1,1
113,359,2,0,1
113,107,1,0,1
113,379,2,0,0
113,149,2,0,2
113,430,1,1,0
113,278,1,0,0
113,118,1,0,1
113,32,1,1,0
113,361,1,1,0
113,311,1,1,0
113,28,1,1,0
113,57,3,1,2
113,215,2,0,2
113,51,1,0,1
113,310,1,0,1
113,1279,1,0,1
113,144,1,0,1
113,8,1,0,1
113,231,2,1,1
113,88,2,0,2
113,156,1,0,1
113,272,2,1,1
113,52,1,0,1
113,483,2,1,1
113,113,4,1,2
113,878,1,1,0
113,22,1,0,1
113,17,1,0,1
113,103,1,0,1
113,148,1,0,1
113,109,1,0,0
113,61,1,1,0
113,25,1,1,0
113,314,1,0,1
113,792,1,0,1
113,282,1,0,0
113,56,1,0,1
114,13,1,1,0
114,105,3,0,0
114,159,1,0,1
114,16,1,0,0
114,512,1,0,0
114,148,2,1,1
114,327,1,0,0
114,170,1,0,0
114,324,1,1,0
114,87,1,0,0
114,179,1,0,0
114,347,1,1,0
114,222,1,0,0
114,619,2,1,0
114,312,1,0,0
114,300,1,0,0
114,395,1,0,0
114,167,1,0,0
114,492,1,0,0
114,39,1,1,0
114,218,1,0,0
114,208,1,1,0
114,156,3,0,1
114,240,2,0,0
114,706,2,0,0
114,144,1,1,0
114,471,1,0,0
114,198,1,0,0
114,51,1,0,0
114,216,1,0,0
114,439,1,0,0
114,339,1,0,0
114,293,2,0,0
114,831,1,1,0
114,145,1,1,0
114,199,2,2,0
114,19,1,0,0
114,402,1,0,0
114,88,1,0,1
114,854,2,0,0
114,1267,1,0,0
114,8,2,0,0
114,419,1,0,0
114,25,1,1,0
114,930,2,0,0
114,646,2,0,0
114,30,1,0,1
114,311,1,0,0
114,379,1,0,0
114,147,1,0,1
114,878,1,0,0
114,28,1,1,0
114,741,1,0,0
114,246,2,0,0
114,55,1,0,0
114,143,1,0,0
114,74,1,1,0
114,430,1,0,0
114,359,1,0,0
114,515,1,0,0
114,31,1,0,0
114,17,1,0,0
114,36,2,0,0
114,399,1,0,0
114,97,1,0,0
114,318,4,0,2
114,258,1,0,0
114,20,1,0,0
114,699,1,1,0
114,734,1,1,0
114,231,1,0,0
114,297,1,1,0
114,59,1,0,0
114,9,1,1,0
115,115,96,41,48
115,390,1,0,1
115,87,10,9,1
115,137,4,2,1
115,107,3,2,1
115,419,1,1,0
115,492,2,2,0
115,554,2,2,0
115,280,2,1,1
115,32,1,1,0
115,667,2,2,0
115,196,1,0,1
115,18,3,0,3
115,379,2,0,2
115,88,2,1,1
115,156,4,2,1
115,282,1,0,1
115,57,4,1,3
115,1090,1,0,1
115,399,1,0,1
115,148,2,1,1
115,246,1,0,1
115,200,2,1,1
115,501,1,1,0
115,294,1,1,0
115,39,1,0,1
115,143,1,0,1
115,471,2,1,1
115,157,4,4,0
115,1031,1,0,1
115,1,1,1,0
115,74,5,3,2
115,198,2,1,1
115,145,2,2,0
115,673,1,1,0
115,175,1,1,0
115,77,6,3,1
115,53,6,4,2
115,30,1,1,0
115,59,1,0,0
115,347,1,0,1
115,652,1,1,0
115,410,2,2,0
115,376,1,1,0
115,208,2,1,1
115,55,2,2,0
115,327,2,1,1
115,207,1,0,0
115,854,2,1,1
115,324,1,1,0
115,176,1,1,0
115,37,1,0,1
115,281,1,1,0
115,296,2,2,0
115,19,1,1,0
115,8,1,1,0
115,97,3,3,0
115,31,3,2,1
115,542,4,0,3
115,301,3,1,1
115,51,3,1,2
115,218,2,2,0
115,61,3,2,1
115,240,1,1,0
115,147,1,1,0
115,402,1,1,0
115,259,1,1,0
115,692,2,2,0
115,699,2,1,1
115,56,2,2,0
115,121,1,0,1
115,144,2,1,1
115,215,2,2,0
115,84,1,0,1
115,279,1,0,1
115,260,1,0,0
115,238,3,1,2
115,33,1,1,0
115,60,2,1,1
115,75,1,1,0
115,34,1,1,0
115,381,2,2,0
115,772,1,0,1
115,359,1,0,1
115,139,1,1,0
115,360,1,0,1
115,167,1,0,0
115,9,1,1,0
115,36,1,0,1
115,695,2,2,0
115,171,1,0,0
115,318,2,1,1
115,659,1,0,0
115,609,1,1,0
115,716,1,0,1
115,23,1,0,0
115,646,1,0,1
115,688,1,0,1
115,231,1,1,0
115,358,1,1,0
115,101,1,0,1
115,300,1,1,0
115,21,1,0,1
115,170,1,1,0
115,199,1,1,0
115,28,1,0,1
116,81,1,0,1
116,84,1,1,0
116,402,1,0,1
116,59,2,1,1
116,396,1,1,0
116,713,2,1,1
116,358,2,2,0
116,37,2,1,1
116,324,1,1,0
116,361,1,0,1
116,19,1,1,0
116,137,1,0,1
116,60,1,1,0
116,33,1,1,0
116,792,1,1,0
116,413,1,1,0
116,706,1,1,0
116,16,1,0,1
116,143,2,2,0
116,75,1,1,0
116,171,2,1,1
116,7,1,0,1
116,258,1,0,1
116,147,1,1,0
117,81,2,1,1
117,28,2,1,1
117,105,2,1,1
117,77,2,1,1
117,21,4,2,1
117,88,4,2,2
117,216,1,0,0
117,56,1,1,0
117,19,1,1,0
117,199,1,1,0
117,148,1,1,0
117,246,2,1,0
117,158,1,0,1
117,513,1,1,0
117,318,1,0,1
117,85,2,1,1
117,143,1,1,0
117,390,1,1,0
117,197,1,0,1
117,396,1,1,0
117,171,2,1,1
117,906,1,0,1
117,20,4,4,0
117,18,1,0,0
117,57,3,3,0
117,22,1,1,0
117,2,1,0,1
117,31,1,0,1
117,258,2,1,0
117,17,2,2,0
117,26,2,2,0
117,51,4,1,2
117,82,1,0,1
117,103,1,0,1
117,16,1,0,1
117,207,1,0,1
117,772,1,1,0
117,106,1,0,1
117,692,1,1,0
117,168,2,0,1
117,24,1,0,1
117,310,1,0,1
117,11,2,2,0
117,512,1,1,0
117,39,1,0,1
117,118,1,1,0
117,277,1,1,0
117,15,1,1,0
117,144,1,0,0
117,12,1,1,0
117,240,1,0,0
117,87,1,0,1
117,184,1,1,0
117,7,2,2,0
117,156,1,1,0
117,101,1,0,1
117,511,1,1,0
117,673,1,1,0
117,272,1,1,0
117,779,1,0,1
117,930,1,0,1
117,107,2,0,1
117,415,2,0,0
117,23,1,1,0
117,609,1,1,0
117,281,1,1,0
117,60,1,0,0
117,699,1,1,0
117,215,1,0,1
117,147,1,1,0
117,36,1,1,0
117,419,1,1,0
117,430,1,1,0
117,159,1,0,1
117,30,1,1,0
117,8,1,1,0
117,399,1,1,0
117,40,1,1,0
117,508,1,0,1
117,53,1,1,0
117,314,1,0,0
117,13,1,1,0
118,81,7,4,2
118,24,4,2,2
118,7,5,4,1
118,310,6,3,3
118,74,8,5,3
118,82,3,2,0
118,77,3,0,2
118,419,2,2,0
118,21,5,4,1
118,83,3,2,0
118,76,9,8,1
118,256,2,2,0
118,146,7,5,2
118,494,2,2,0
118,75,3,2,0
118,426,1,1,0
118,240,4,3,1
118,148,4,2,1
118,97,2,2,0
118,158,3,2,1
118,598,2,2,0
118,25,3,1,1
118,15,6,4,1
118,259,6,3,2
118,280,9,2,6
118,118,25,13,10
118,115,2,1,1
118,113,1,1,0
118,51,8,6,2
118,311,2,2,0
118,167,5,3,1
118,156,21,11,8
118,492,10,2,6
118,60,5,4,0
118,12,2,2,0
118,59,4,3,0
118,11,5,4,1
118,78,4,1,2
118,396,1,1,0
118,31,4,2,2
118,755,1,0,0
118,734,1,0,1
118,222,1,1,0
118,28,3,2,0
118,123,4,2,2
118,149,5,3,2
118,279,3,1,1
118,157,8,5,3
118,579,1,1,0
118,376,6,3,1
118,61,6,4,2
118,36,3,1,2
118,179,5,2,2
118,80,3,2,1
118,169,4,3,0
118,272,2,2,0
118,16,2,1,1
118,260,2,1,1
118,625,2,2,0
118,666,1,1,0
118,314,1,1,0
118,359,2,1,1
118,542,2,2,0
118,13,5,3,1
118,23,4,3,1
118,300,3,2,0
118,281,1,1,0
118,8,4,2,2
118,55,6,3,3
118,53,11,6,4
118,58,3,2,1
118,399,3,3,0
118,143,3,1,2
118,170,2,2,0
118,688,3,2,1
118,659,2,2,0
118,699,7,5,2
118,985,1,1,0
118,238,2,1,1
118,159,5,4,1
118,33,8,4,4
118,312,3,2,1
118,429,1,1,0
118,85,1,1,0
118,295,6,3,2
118,22,5,3,2
118,321,3,1,2
118,175,5,5,0
118,87,4,3,1
118,98,2,1,1
118,1021,3,2,1
118,105,2,0,1
118,147,3,1,2
118,40,2,2,0
118,17,14,8,6
118,19,5,3,2
118,678,1,1,0
118,390,11,1,9
118,86,7,3,3
118,1032,1,0,1
118,145,1,0,1
118,122,2,1,1
118,609,3,2,1
118,779,2,0,0
118,88,6,4,2
118,336,3,1,2
118,171,2,1,1
118,508,3,3,0
118,2,5,3,1
118,101,2,2,0
118,34,4,2,2
118,218,6,4,2
118,18,3,2,1
118,107,6,2,4
118,103,3,1,2
118,197,3,2,1
118,333,1,1,0
118,121,2,0,1
118,52,1,1,0
118,523,3,1,2
118,408,3,2,1
118,176,1,0,1
118,299,1,0,1
118,32,3,0,3
118,483,1,1,0
118,9,2,1,1
118,56,2,1,1
118,30,5,3,2
118,258,5,5,0
118,198,9,3,4
118,301,1,1,0
118,293,1,1,0
118,770,1,0,1
118,318,4,3,0
118,317,1,1,0
118,246,1,0,1
118,430,2,2,0
118,608,1,0,1
118,207,6,3,3
118,2537,3,2,1
118,320,1,1,0
118,379,1,1,0
118,93,1,1,0
118,347,1,1,0
118,20,2,2,0
118,361,2,0,2
118,168,2,0,1
118,673,1,1,0
118,1113,1,1,0
118,109,2,1,1
118,304,2,2,0
118,84,1,1,0
118,349,1,1,0
118,230,1,1,0
118,439,1,1,0
118,196,1,1,0
118,234,3,2,1
118,414,1,1,0
118,358,1,0,0
118,362,3,2,1
118,248,1,0,1
118,26,3,2,1
118,278,1,0,1
118,215,1,0,0
118,231,3,0,2
118,2732,5,0,5
118,1279,4,1,3
118,837,1,1,0
118,181,5,5,0
118,137,1,1,0
118,57,1,1,0
118,199,1,1,0
118,1251,3,3,0
118,413,2,1,0
118,184,1,0,1
118,2526,1,1,0
118,415,1,0,1
118,2945,1,1,0
118,692,2,0,0
118,1109,1,0,1
118,106,1,0,1
118,2301,1,1,0
118,282,1,1,0
118,646,1,1,0
118,386,1,0,1
119,81,1,1,0
119,23,2,2,0
119,28,1,1,0
119,34,3,3,0
119,56,2,1,1
119,85,1,0,0
119,20,1,1,0
119,179,3,1,1
119,93,2,1,1
119,781,1,1,0
119,77,2,1,1
119,88,2,1,1
119,408,1,0,0
119,259,2,1,1
119,84,1,1,0
119,148,1,1,0
119,498,1,1,0
119,281,2,1,0
119,816,1,0,1
119,170,1,1,0
119,854,2,1,0
119,8,2,1,0
119,51,1,0,1
119,16,1,1,0
119,75,1,0,1
119,1272,1,1,0
119,87,1,0,0
119,1267,1,1,0
119,61,2,0,1
119,159,1,0,0
119,294,1,1,0
119,215,1,1,0
119,240,1,1,0
119,59,1,1,0
119,661,1,1,0
119,149,1,1,0
120,81,1,1,0
120,653,1,0,0
120,31,1,1,0
120,461,1,0,0
120,143,1,0,0
120,25,1,0,0
120,831,1,0,0
120,121,1,0,0
120,281,1,0,0
120,379,1,1,0
120,707,2,0,0
120,36,1,0,0
120,318,1,1,0
121,7,7,4,3
121,123,8,5,2
121,84,3,3,0
121,317,12,8,2
121,278,15,9,3
121,107,8,4,2
121,9,8,8,0
121,175,11,5,5
121,61,4,3,1
121,358,5,4,0
121,169,2,2,0
121,103,4,3,0
121,216,5,4,0
121,59,7,4,3
121,57,13,7,5
121,121,204,115,65
121,16,6,1,4
121,0,12,6,4
121,426,9,8,1
121,158,2,2,0
121,106,6,3,0
121,200,5,5,0
121,30,8,4,4
121,39,7,3,2
121,349,5,3,2
121,374,46,27,14
121,598,3,3,0
121,347,4,2,1
121,471,4,2,1
121,230,11,6,4
121,25,8,6,1
121,259,3,1,1
121,470,2,2,0
121,410,1,0,0
121,511,1,0,0
121,273,16,12,3
121,415,8,5,2
121,541,5,4,0
121,414,3,1,1
121,32,107,71,29
121,496,3,2,0
121,314,3,3,0
121,653,1,0,0
121,113,1,0,1
121,2,4,3,1
121,320,8,3,3
121,159,6,5,1
121,339,7,2,5
121,360,11,5,3
121,8,3,1,2
121,60,7,2,4
121,272,4,3,1
121,146,3,2,0
121,215,8,4,3
121,234,2,1,1
121,199,8,6,2
121,40,12,6,6
121,97,1,1,0
121,312,3,3,0
121,580,1,0,0
121,467,2,1,0
121,296,17,8,5
121,654,2,0,1
121,321,4,1,2
121,906,1,0,1
121,652,4,1,1
121,197,10,7,2
121,21,4,3,1
121,222,4,3,1
121,1,1,1,0
121,28,12,6,3
121,34,2,2,0
121,137,12,7,3
121,1091,1,0,1
121,300,4,2,2
121,80,1,1,0
121,282,12,5,5
121,396,2,0,1
121,523,4,3,1
121,659,3,1,1
121,327,7,3,4
121,560,3,2,0
121,147,5,2,2
121,31,11,9,2
121,85,2,0,2
121,115,1,0,1
121,299,1,1,0
121,280,1,1,0
121,260,3,2,1
121,518,1,1,0
121,673,2,2,0
121,542,4,2,2
121,640,1,1,0
121,122,7,5,1
121,176,12,7,3
121,362,11,5,3
121,1236,2,1,1
121,18,3,0,2
121,87,6,5,0
121,395,5,4,1
121,149,5,3,1
121,148,5,2,1
121,1272,1,1,0
121,170,7,5,2
121,361,2,2,0
121,854,2,1,1
121,198,4,3,0
121,372,1,1,0
121,663,3,1,2
121,1276,2,1,1
121,340,4,1,1
121,101,4,3,1
121,310,1,0,1
121,74,4,3,1
121,144,4,1,3
121,56,8,5,2
121,336,3,2,1
121,513,7,4,1
121,431,2,1,1
121,439,2,1,0
121,508,2,0,0
121,1062,1,1,0
121,81,5,4,1
121,17,3,3,0
121,24,2,1,1
121,14,1,1,0
121,277,8,4,2
121,36,5,4,1
121,77,15,8,5
121,419,2,2,0
121,167,4,1,1
121,430,9,5,1
121,93,3,2,1
121,75,2,1,1
121,240,4,1,1
121,554,7,3,1
121,297,2,2,0
121,295,1,1,0
121,279,1,1,0
121,207,4,2,1
121,461,9,4,3
121,883,1,0,0
121,772,5,3,2
121,55,8,5,3
121,145,4,2,1
121,781,2,1,1
121,143,2,2,0
121,777,1,1,0
121,196,3,2,1
121,304,3,2,0
121,379,6,2,1
121,1423,2,1,0
121,19,3,1,2
121,105,8,5,1
121,208,6,4,0
121,334,3,1,2
121,397,1,1,0
121,88,4,2,1
121,83,2,1,0
121,258,4,3,0
121,608,2,1,0
121,637,1,0,0
121,86,1,0,1
121,324,1,1,0
121,11,1,1,0
121,318,4,3,1
121,238,2,0,1
121,171,4,3,1
121,20,1,1,0
121,399,8,6,2
121,301,5,4,1
121,402,2,0,2
121,638,1,0,0
121,534,1,0,1
121,483,1,1,0
121,104,7,6,1
121,139,2,1,0
121,619,3,1,1
121,359,3,2,1
121,156,2,2,0
121,706,3,3,0
121,293,1,1,0
121,678,1,1,0
121,26,3,3,0
121,462,1,1,0
121,23,5,3,2
121,294,2,1,1
121,1362,3,3,0
121,363,1,0,1
121,688,4,0,2
121,933,3,2,0
121,707,3,2,1
121,792,1,1,0
121,413,1,0,1
121,256,4,3,1
121,390,2,0,2
121,862,1,0,0
121,494,1,1,0
121,179,2,2,0
121,674,1,0,0
121,13,3,1,1
121,333,1,0,1
121,53,3,1,1
121,22,2,2,0
121,381,3,3,0
121,692,3,2,1
121,168,1,0,0
121,184,1,0,1
121,492,1,0,0
121,734,3,2,1
121,675,1,0,0
121,109,2,1,0
121,311,1,0,1
121,2169,1,0,0
121,408,4,2,1
121,1046,2,0,2
121,476,1,1,0
121,912,1,0,0
121,82,1,1,0
121,52,1,0,0
121,512,1,0,0
121,621,1,1,0
121,181,1,0,1
121,15,1,1,0
121,878,2,1,1
121,901,2,2,0
121,218,1,0,1
121,246,2,0,1
121,2639,1,0,1
121,231,1,0,1
121,2089,1,0,0
121,831,1,1,0
121,699,1,1,0
121,76,1,1,0
121,771,3,2,1
121,51,2,1,0
121,2308,1,1,0
121,432,1,0,1
121,930,3,1,1
121,1341,1,0,1
122,87,3,1,2
122,238,3,0,2
122,317,10,9,1
122,395,5,3,2
122,197,2,1,0
122,426,3,3,0
122,200,3,3,0
122,312,1,1,0
122,349,1,1,0
122,374,7,4,3
122,296,7,5,1
122,511,1,1,0
122,273,11,5,3
122,415,5,5,0
122,541,3,2,1
122,372,5,1,3
122,663,1,0,1
122,359,2,0,0
122,542,1,0,1
122,320,4,3,1
122,277,1,1,0
122,80,1,0,1
122,175,12,7,5
122,358,2,1,0
122,146,1,1,0
122,40,4,1,3
122,171,1,1,0
122,534,1,1,0
122,467,1,1,0
122,471,4,2,1
122,230,2,1,1
122,654,1,1,0
122,933,2,1,0
122,361,2,1,0
122,998,1,0,1
122,461,6,5,0
122,51,1,1,0
122,419,2,1,1
122,282,3,2,1
122,554,4,3,0
122,109,3,1,2
122,85,5,3,2
122,321,2,0,2
122,1127,1,1,0
122,77,8,4,3
122,145,1,1,0
122,2,2,2,0
122,31,2,1,0
122,659,1,0,0
122,772,1,1,0
122,278,4,1,2
122,39,2,0,0
122,402,4,4,0
122,0,1,1,0
122,246,1,1,0
122,621,1,0,0
122,299,2,2,0
122,431,9,4,4
122,122,45,28,12
122,413,1,1,0
122,560,1,0,1
122,234,1,1,0
122,139,3,1,1
122,667,1,1,0
122,673,2,2,0
122,216,1,0,0
122,208,5,3,1
122,360,1,1,0
122,513,1,1,0
122,36,1,1,0
122,1,2,2,0
122,300,2,2,0
122,339,1,1,0
122,430,1,1,0
122,333,1,1,0
122,20,1,1,0
122,198,1,0,1
122,28,2,1,1
122,60,2,2,0
122,215,1,1,0
122,123,3,2,1
122,144,2,2,0
122,105,7,6,1
122,304,1,1,0
122,55,3,2,1
122,408,2,2,0
122,148,2,2,0
122,222,1,1,0
122,619,1,1,0
122,675,1,1,0
122,340,1,1,0
122,379,2,1,0
122,706,1,0,0
122,381,2,2,0
122,159,2,0,1
122,137,1,1,0
122,101,4,2,2
122,310,1,0,0
122,61,1,0,1
122,167,1,1,0
122,380,3,1,1
122,523,1,0,1
122,196,2,1,1
122,104,1,1,0
122,97,1,0,1
122,661,1,0,0
122,608,1,0,1
122,432,1,0,0
122,362,3,1,2
122,121,1,1,0
122,176,2,2,0
122,854,2,0,1
122,318,1,0,0
122,57,1,0,1
122,301,2,1,1
122,21,2,2,0
122,30,1,1,0
122,259,1,0,0
122,81,1,0,1
122,32,2,1,1
122,84,1,0,1
122,17,1,1,0
123,87,20,17,3
123,101,14,10,4
123,7,14,8,5
123,123,95,57,34
123,104,10,6,4
123,238,13,10,2
123,218,6,4,0
123,137,24,17,7
123,310,7,4,3
123,317,19,7,7
123,320,13,6,4
123,278,12,7,4
123,175,55,26,20
123,395,4,1,2
123,430,8,3,3
123,216,6,5,1
123,256,5,4,1
123,512,3,1,1
123,147,7,6,1
123,31,9,8,1
123,139,8,6,1
123,410,3,3,0
123,461,10,7,3
123,280,4,3,1
123,476,2,2,0
123,321,6,4,2
123,372,11,8,3
123,624,1,1,0
123,340,2,1,1
123,13,3,2,1
123,81,9,7,2
123,339,7,4,2
123,360,13,4,5
123,349,3,3,0
123,167,7,5,2
123,156,4,2,1
123,282,16,8,5
123,272,9,7,2
123,12,6,4,2
123,57,19,9,7
123,121,27,12,10
123,19,12,5,6
123,0,12,9,2
123,199,6,4,2
123,40,25,8,16
123,426,8,5,3
123,301,58,24,25
123,106,5,3,2
123,513,9,5,4
123,200,13,5,7
123,429,6,4,2
123,294,3,3,0
123,598,12,7,4
123,471,11,9,1
123,608,6,4,1
123,296,18,8,9
123,918,2,0,2
123,511,5,3,0
123,273,17,10,6
123,260,3,3,0
123,415,7,5,2
123,692,1,0,1
123,619,2,1,1
123,713,1,0,1
123,659,4,1,1
123,32,10,9,1
123,496,1,1,0
123,667,2,1,1
123,673,4,3,1
123,675,3,2,0
123,862,2,2,0
123,837,1,0,1
123,998,1,0,1
123,2,9,2,5
123,652,19,9,7
123,24,16,9,5
123,107,19,10,7
123,146,6,4,1
123,297,2,1,1
123,295,3,1,2
123,23,5,2,3
123,34,3,2,1
123,17,3,2,1
123,26,5,3,2
123,84,9,6,3
123,159,10,7,3
123,33,4,2,2
123,36,7,2,4
123,77,12,7,4
123,55,16,11,5
123,88,9,7,0
123,59,5,5,0
123,56,8,6,2
123,432,4,3,1
123,1113,1,1,0
123,149,4,1,2
123,240,6,1,4
123,336,6,3,3
123,158,11,9,2
123,318,3,2,1
123,501,1,0,1
123,312,3,2,0
123,39,6,4,1
123,143,5,3,2
123,534,4,4,0
123,374,15,10,4
123,467,5,4,0
123,347,7,2,5
123,25,12,7,5
123,176,17,10,7
123,299,3,3,0
123,654,1,1,0
123,118,3,1,2
123,115,10,7,3
123,198,6,6,0
123,319,2,1,1
123,1091,2,1,1
123,1102,1,0,1
123,1090,3,1,1
123,105,12,10,1
123,300,9,6,2
123,144,7,5,1
123,9,6,4,2
123,419,4,1,3
123,197,7,3,2
123,21,3,2,1
123,52,4,4,0
123,396,1,1,0
123,75,10,7,3
123,148,14,10,4
123,145,9,6,3
123,402,7,3,1
123,584,4,1,2
123,170,11,5,6
123,15,1,1,0
123,28,17,10,4
123,18,3,3,0
123,61,2,2,0
123,314,2,1,0
123,439,3,2,1
123,22,9,3,5
123,215,6,3,3
123,122,12,5,6
123,246,3,2,1
123,279,4,2,2
123,334,7,5,2
123,179,5,3,1
123,230,11,7,1
123,508,6,4,2
123,207,5,3,2
123,86,5,1,4
123,168,1,0,1
123,579,3,1,0
123,74,13,5,7
123,82,5,4,1
123,58,5,3,1
123,16,5,4,0
123,327,10,7,0
123,580,2,2,0
123,30,10,5,2
123,222,5,2,3
123,362,5,3,1
123,695,3,2,1
123,258,6,3,2
123,777,2,1,1
123,1,5,3,0
123,196,4,2,2
123,304,4,3,1
123,103,3,2,1
123,98,1,1,0
123,78,7,6,0
123,341,1,1,0
123,492,4,4,0
123,399,6,0,4
123,408,4,3,0
123,470,4,3,0
123,324,3,2,1
123,663,4,2,1
123,80,2,1,1
123,8,4,3,1
123,60,10,6,2
123,109,3,2,1
123,93,5,2,2
123,678,2,1,1
123,208,6,5,1
123,171,3,2,1
123,259,11,6,3
123,542,4,2,2
123,494,6,5,0
123,413,6,5,1
123,311,5,4,1
123,333,2,2,0
123,76,1,0,0
123,37,2,2,0
123,554,2,2,0
123,431,1,1,0
123,1811,1,1,0
123,184,9,9,0
123,97,1,0,1
123,277,5,3,2
123,281,3,3,0
123,358,4,2,2
123,380,1,0,1
123,674,1,0,0
123,376,2,0,1
123,361,4,2,2
123,359,4,3,0
123,462,1,1,0
123,1362,1,1,0
123,20,2,2,0
123,653,1,0,1
123,51,1,0,0
123,706,2,2,0
123,381,1,1,0
123,850,1,1,0
123,792,1,1,0
123,1276,1,1,0
123,483,1,0,1
123,397,1,0,0
123,772,5,2,1
123,53,6,4,2
123,85,3,2,1
123,293,3,2,1
123,234,2,1,1
123,637,2,2,0
123,2537,1,0,0
123,83,2,0,2
123,445,1,0,1
123,666,3,2,1
123,248,4,1,1
123,379,2,1,1
123,1088,2,0,1
123,625,1,1,0
123,523,1,0,0
123,157,1,1,0
123,2526,1,1,0
123,854,2,0,2
123,1171,1,1,0
123,646,2,2,0
123,621,2,2,0
123,2301,1,1,0
123,638,1,0,0
123,581,1,1,0
124,87,7,6,1
124,101,6,3,2
124,24,7,4,3
124,358,1,1,0
124,98,3,3,0
124,88,6,6,0
124,93,6,3,3
124,59,2,2,0
124,256,2,2,0
124,19,7,4,3
124,78,2,2,0
124,37,6,5,1
124,512,1,0,0
124,158,2,2,0
124,31,5,3,2
124,25,3,2,1
124,198,1,1,0
124,51,14,10,3
124,17,10,8,1
124,137,7,6,1
124,339,1,1,0
124,144,5,5,0
124,11,3,1,2
124,301,3,3,0
124,890,1,1,0
124,143,4,3,1
124,347,2,2,0
124,912,1,1,0
124,734,2,1,1
124,972,2,1,1
124,998,1,1,0
124,22,4,2,1
124,20,4,4,0
124,53,12,7,5
124,60,4,2,2
124,2,10,5,5
124,13,7,6,1
124,123,4,4,0
124,159,11,9,2
124,278,2,2,0
124,379,3,2,0
124,40,3,1,2
124,85,3,2,1
124,280,9,4,4
124,9,6,5,1
124,103,6,3,3
124,56,4,2,2
124,399,2,2,0
124,36,6,6,0
124,23,11,11,0
124,55,6,3,3
124,105,6,3,2
124,218,4,3,1
124,300,2,1,0
124,107,3,2,0
124,8,7,4,1
124,333,1,1,0
124,341,2,1,0
124,147,2,2,0
124,511,1,1,0
124,222,2,1,1
124,353,2,0,2
124,320,1,0,1
124,772,2,1,1
124,61,9,8,1
124,77,12,9,3
124,419,1,1,0
124,695,5,3,2
124,52,5,3,1
124,75,6,6,0
124,741,2,2,0
124,106,7,6,1
124,297,2,0,2
124,30,3,3,0
124,381,3,3,0
124,688,5,3,1
124,692,2,1,1
124,707,2,2,0
124,925,2,1,1
124,1267,1,1,0
124,196,4,4,0
124,84,4,4,0
124,310,2,2,0
124,80,2,2,0
124,281,3,1,1
124,169,2,2,0
124,272,2,1,1
124,76,3,2,0
124,426,3,1,1
124,145,2,1,1
124,312,1,1,0
124,295,3,1,1
124,334,2,0,2
124,157,8,5,2
124,314,1,1,0
124,1,4,4,0
124,57,3,2,1
124,415,3,1,1
124,299,1,0,0
124,14,1,0,0
124,21,9,3,5
124,396,1,1,0
124,410,2,1,0
124,207,4,4,0
124,361,3,2,0
124,197,2,1,1
124,408,1,1,0
124,431,1,0,0
124,439,3,2,0
124,32,3,2,1
124,121,2,1,0
124,12,6,5,1
124,146,3,2,1
124,16,6,6,0
124,1021,2,2,0
124,175,5,3,1
124,1195,1,1,0
124,58,3,2,0
124,97,3,2,1
124,492,1,1,0
124,0,1,0,0
124,318,3,2,1
124,28,4,2,1
124,523,1,1,0
124,104,1,1,0
124,494,1,1,0
124,445,5,2,2
124,82,1,1,0
124,83,3,1,1
124,39,1,0,0
124,168,5,4,0
124,7,6,4,2
124,179,4,3,0
124,86,3,2,0
124,238,3,2,1
124,156,4,2,1
124,386,1,1,0
124,321,3,2,0
124,26,7,6,1
124,215,2,1,0
124,148,4,3,1
124,781,1,1,0
124,200,1,0,0
124,777,2,0,1
124,770,1,1,0
124,33,3,1,1
124,246,1,1,0
124,176,1,1,0
124,779,2,2,0
124,816,2,2,0
124,699,5,4,1
124,850,1,1,0
124,149,2,1,1
124,598,2,1,1
124,508,4,2,2
124,234,1,1,0
124,199,3,2,1
124,706,2,2,0
124,74,4,1,2
124,184,1,1,0
124,792,1,1,0
124,609,4,4,0
124,836,1,1,0
124,646,5,2,2
124,327,1,1,0
124,340,1,1,0
124,376,1,0,0
124,1109,1,0,0
124,277,1,1,0
124,81,1,1,0
124,216,1,1,0
124,498,3,2,0
124,390,3,0,2
124,1133,1,0,0
124,15,3,2,1
124,258,2,1,1
124,311,4,4,0
124,678,2,1,1
124,413,1,0,1
124,534,2,2,0
124,259,3,2,1
124,139,1,0,0
124,360,1,1,0
124,18,2,1,1
124,293,2,1,1
124,878,1,0,1
124,831,1,1,0
124,170,1,0,0
124,1149,1,1,0
124,430,2,2,0
124,359,1,0,1
124,2861,2,1,1
124,666,1,0,0
124,1119,2,1,0
124,948,1,1,0
124,296,1,1,0
124,673,1,1,0
124,240,1,1,0
124,230,1,0,1
124,273,1,1,0
124,34,1,0,1
124,109,1,0,1
124,429,1,0,1
124,1413,1,1,0
125,87,3,3,0
125,175,1,1,0
125,105,1,1,0
125,8,3,2,1
125,179,1,1,0
125,168,1,1,0
125,51,7,4,2
125,14,2,1,1
125,137,4,3,1
125,304,1,1,0
125,358,1,0,1
125,53,2,2,0
125,97,2,1,0
125,508,1,1,0
125,9,2,2,0
125,16,3,1,2
125,123,1,1,0
125,103,2,2,0
125,652,1,1,0
125,77,2,2,0
125,61,4,1,2
125,419,1,1,0
125,327,1,1,0
125,741,1,1,0
125,101,1,1,0
125,34,1,1,0
125,84,2,1,1
125,300,2,2,0
125,82,1,1,0
125,60,3,3,0
125,12,1,1,0
125,57,2,2,0
125,56,3,2,0
125,19,1,1,0
125,58,2,2,0
125,37,2,1,1
125,0,1,1,0
125,199,2,0,2
125,513,1,1,0
125,312,1,1,0
125,511,2,2,0
125,659,2,1,1
125,11,1,0,1
125,695,3,1,2
125,542,1,0,1
125,23,6,4,2
125,360,1,1,0
125,429,1,1,0
125,36,2,2,0
125,184,1,1,0
125,81,1,1,0
125,144,1,1,0
125,347,1,1,0
125,238,2,1,0
125,156,1,1,0
125,379,1,0,0
125,301,1,0,1
125,707,2,2,0
125,28,1,1,0
125,26,2,1,0
125,772,1,1,0
125,692,2,1,1
125,158,2,0,1
125,13,1,0,1
125,17,2,2,0
125,106,1,0,1
125,198,1,0,1
125,24,1,1,0
125,779,2,2,0
125,208,1,1,0
125,408,2,2,0
125,74,1,1,0
125,78,1,0,1
125,167,1,0,1
125,147,2,2,0
125,1021,1,1,0
125,2,1,1,0
125,246,1,1,0
125,706,2,2,0
125,293,1,1,0
125,277,1,0,0
125,7,1,1,0
125,39,1,1,0
125,22,1,1,0
125,20,1,1,0
125,143,1,1,0
125,170,3,1,1
125,21,1,1,0
125,15,1,1,0
125,2526,1,0,1
125,294,1,1,0
125,2861,1,1,0
125,2203,1,0,1
125,40,1,1,0
125,925,1,1,0
125,646,1,0,1
125,334,1,1,0
125,930,1,0,1
125,159,1,0,1
126,87,1,1,0
126,101,1,1,0
126,7,2,0,2
126,395,1,1,0
126,197,3,3,0
126,297,1,1,0
126,294,1,1,0
126,260,1,1,0
126,483,1,0,0
126,429,1,0,1
126,1,1,1,0
126,498,1,0,1
126,207,1,0,1
126,300,1,1,0
126,358,1,1,0
126,246,1,1,0
126,496,1,1,0
126,144,2,1,1
126,396,1,1,0
126,40,1,1,0
126,208,1,0,1
126,77,1,1,0
126,156,2,1,1
126,240,1,0,1
126,26,2,0,2
126,864,1,0,1
126,17,1,1,0
126,199,2,0,0
126,170,1,0,1
126,792,1,1,0
126,24,1,1,0
126,148,1,0,1
126,878,1,1,0
127,87,1,1,0
127,310,2,1,0
127,77,3,2,1
127,413,2,2,0
127,512,1,0,0
127,26,1,1,0
127,277,1,0,1
127,197,1,0,1
127,199,1,0,1
127,200,1,0,1
127,429,1,1,0
127,334,1,0,1
127,157,1,0,1
127,700,1,0,1
127,673,4,1,0
127,101,1,1,0
127,28,1,1,0
127,272,2,1,0
127,171,2,2,0
127,184,2,0,0
127,295,2,0,2
127,445,1,1,0
127,148,2,2,0
127,12,3,2,1
127,103,1,1,0
127,432,1,1,0
127,25,1,1,0
127,511,1,0,0
127,415,3,2,0
127,33,1,1,0
127,75,3,1,1
127,121,1,1,0
127,471,1,1,0
127,498,1,0,0
127,105,3,2,1
127,296,1,1,0
127,259,2,0,1
127,215,3,2,0
127,542,1,0,1
127,1021,1,1,0
127,692,1,1,0
127,106,1,1,0
127,176,2,2,0
127,361,2,1,1
127,359,2,2,0
127,149,2,1,1
127,198,3,3,0
127,31,1,0,0
127,850,1,0,1
127,22,1,1,0
127,115,1,1,0
127,414,1,0,0
127,301,1,1,0
127,402,1,1,0
127,18,1,1,0
127,175,1,0,0
127,311,2,0,1
127,159,2,2,0
127,318,1,0,1
127,51,1,1,0
127,218,2,1,1
127,216,1,1,0
127,179,1,0,1
127,59,1,1,0
127,57,1,0,1
127,619,1,1,0
127,30,1,1,0
127,854,1,0,0
127,659,1,1,0
127,238,1,1,0
127,9,1,0,0
127,53,1,0,1
127,143,1,0,1
128,87,2,1,1
128,37,1,0,1
128,513,1,1,0
128,84,1,1,0
128,408,1,1,0
128,238,1,1,0
128,20,1,1,0
128,157,1,1,0
128,104,1,0,1
128,359,1,1,0
128,61,1,0,1
128,171,1,1,0
128,258,1,0,0
128,26,1,0,1
128,53,3,2,0
128,179,1,0,1
128,57,1,0,0
128,933,1,0,1
128,695,1,1,0
128,81,1,1,0
128,60,1,1,0
128,256,1,1,0
128,196,1,1,0
128,23,1,1,0
129,87,1,1,0
129,105,2,1,1
129,281,1,1,0
129,492,1,1,0
129,408,1,1,0
129,39,1,1,0
129,273,1,1,0
129,207,1,1,0
129,541,1,1,0
129,379,1,0,0
129,32,1,0,1
129,176,1,0,1
129,88,2,0,2
130,87,1,0,1
130,21,1,1,0
130,296,1,1,0
130,12,1,0,1
130,146,1,1,0
130,494,1,0,0
130,104,1,1,0
130,207,1,1,0
130,390,1,1,0
130,137,1,1,0
130,238,2,1,1
130,17,1,0,1
130,77,1,1,0
130,52,1,1,0
130,692,1,1,0
130,30,1,0,1
130,659,1,0,1
130,9,1,1,0
130,318,2,2,0
130,25,1,0,0
130,159,1,0,0
130,259,1,1,0
130,619,1,1,0
130,608,1,0,0
130,84,1,0,0
131,87,1,0,0
131,358,1,1,0
131,25,2,0,0
131,82,2,1,0
131,534,1,1,0
131,972,1,0,0
131,93,1,0,0
131,415,1,1,0
131,399,1,0,0
131,336,2,0,0
131,144,1,0,0
131,579,1,0,0
131,169,1,0,0
131,314,1,0,0
131,432,1,0,0
131,431,1,0,0
131,279,1,1,0
131,16,1,0,0
131,638,1,1,0
131,426,1,0,0
131,511,2,1,0
131,359,1,0,0
131,238,1,0,0
131,81,1,1,0
131,60,1,0,0
131,137,1,0,0
131,103,1,0,1
131,240,1,0,0
131,77,1,0,0
131,429,1,0,0
131,23,1,1,0
131,26,1,1,0
131,293,1,0,1
131,84,1,0,0
131,779,1,0,0
131,75,1,0,1
131,51,1,0,0
131,706,1,0,0
131,83,1,0,0
131,256,1,0,0
131,143,1,0,0
131,692,1,0,0
131,56,1,0,1
131,28,1,0,0
132,87,1,1,0
132,36,1,1,0
132,58,1,1,0
132,137,1,0,0
132,336,1,1,0
132,296,1,0,1
132,143,1,1,0
132,659,1,1,0
133,87,1,1,0
133,59,1,0,1
133,199,1,0,0
133,137,1,1,0
134,87,1,1,0
134,15,1,0,1
134,321,1,1,0
134,101,1,1,0
135,87,1,1,0
135,17,2,1,0
135,340,1,1,0
135,28,1,1,0
135,77,1,0,1
135,101,1,1,0
135,115,1,1,0
135,23,1,1,0
135,324,1,1,0
135,51,1,1,0
135,168,1,1,0
135,57,1,0,1
135,360,1,1,0
135,706,1,1,0
135,318,1,1,0
135,106,1,1,0
135,554,1,0,0
135,2,1,1,0
136,87,1,1,0
136,282,1,1,0
136,33,1,1,0
136,40,2,2,0
136,85,1,0,0
136,208,1,1,0
136,18,1,1,0
136,777,1,0,0
136,299,1,1,0
136,84,1,1,0
136,156,1,0,1
136,97,1,1,0
136,31,1,1,0
136,461,1,1,0
136,25,1,1,0
136,103,2,1,1
136,176,1,1,0
136,17,1,0,1
137,101,15,8,6
137,137,176,91,59
137,278,44,17,15
137,339,16,8,4
137,144,17,9,7
137,277,12,4,6
137,360,23,15,7
137,379,9,6,2
137,413,10,5,5
137,282,22,11,7
137,216,8,5,3
137,121,16,11,4
137,215,6,3,3
137,52,1,1,0
137,512,4,3,0
137,40,28,20,4
137,426,16,8,5
137,336,4,3,1
137,327,11,4,5
137,560,3,0,2
137,429,10,4,4
137,402,15,7,4
137,349,5,4,1
137,374,16,10,3
137,25,11,4,5
137,380,6,4,1
137,314,3,3,0
137,624,3,2,0
137,208,14,6,7
137,103,14,2,6
137,395,3,3,0
137,59,2,0,2
137,256,14,5,7
137,146,8,3,1
137,0,14,8,6
137,399,14,10,3
137,97,4,1,3
137,580,2,2,0
137,431,3,1,2
137,334,10,8,2
137,296,15,7,3
137,654,3,1,2
137,115,4,2,2
137,260,7,5,2
137,415,21,17,4
137,321,7,4,1
137,414,3,2,1
137,713,1,1,0
137,32,29,19,6
137,663,6,5,1
137,700,3,1,2
137,579,4,2,1
137,673,6,3,2
137,363,3,1,0
137,462,1,1,0
137,998,1,1,0
137,359,5,1,2
137,461,24,13,8
137,1,6,3,2
137,84,10,5,1
137,638,6,3,2
137,430,16,9,3
137,200,9,5,3
137,534,6,5,1
137,584,5,0,3
137,2,4,2,1
137,23,7,4,3
137,34,3,2,0
137,26,9,4,5
137,196,9,3,3
137,24,17,8,9
137,123,9,4,5
137,105,22,10,5
137,310,8,4,3
137,159,12,4,6
137,107,7,2,2
137,175,11,5,2
137,197,12,5,5
137,83,3,1,0
137,57,10,5,3
137,56,4,3,1
137,432,6,2,1
137,198,3,1,2
137,149,7,3,2
137,16,4,1,2
137,75,6,4,1
137,492,1,0,1
137,148,7,4,2
137,145,5,3,2
137,554,6,2,2
137,158,16,8,5
137,301,12,3,5
137,513,17,8,5
137,147,6,5,1
137,312,8,4,3
137,85,5,2,1
137,294,12,8,2
137,279,6,1,2
137,471,15,8,3
137,230,18,8,7
137,170,12,4,4
137,439,5,3,2
137,207,3,2,1
137,511,3,1,2
137,361,4,3,1
137,86,3,1,1
137,659,9,7,2
137,483,2,1,0
137,1102,1,0,1
137,1021,1,0,1
137,238,9,6,2
137,171,3,1,1
137,300,13,5,5
137,74,7,4,2
137,358,13,10,2
137,498,3,0,1
137,93,7,6,1
137,408,7,5,2
137,675,1,1,0
137,674,2,0,0
137,176,12,5,1
137,7,12,6,6
137,104,9,5,1
137,372,3,0,2
137,419,3,3,0
137,167,8,2,4
137,88,4,2,1
137,19,8,2,3
137,523,3,1,2
137,143,8,4,1
137,467,5,4,1
137,445,2,1,1
137,259,11,6,3
137,734,1,1,0
137,397,4,1,1
137,1276,1,1,0
137,87,13,5,6
137,320,7,5,2
137,281,5,3,1
137,55,11,5,6
137,272,8,4,4
137,106,7,2,3
137,598,4,1,3
137,347,9,5,1
137,22,3,1,2
137,362,7,4,2
137,684,1,0,1
137,297,4,3,1
137,621,3,2,1
137,499,1,1,0
137,667,1,1,0
137,518,1,1,0
137,248,3,1,1
137,181,2,1,0
137,381,1,0,0
137,168,3,2,0
137,299,2,2,0
137,199,7,4,2
137,31,8,5,2
137,1423,1,0,0
137,678,5,4,1
137,36,4,1,1
137,234,6,2,3
137,122,8,3,1
137,246,15,2,5
137,541,3,3,0
137,494,10,4,5
137,258,6,4,0
137,61,4,2,1
137,169,1,0,1
137,78,8,4,3
137,109,4,0,0
137,608,3,1,2
137,28,28,11,15
137,9,3,2,0
137,139,2,1,1
137,77,10,6,3
137,333,7,3,3
137,60,5,2,1
137,652,2,1,0
137,410,1,1,0
137,1811,1,0,0
137,8,4,3,1
137,218,1,1,0
137,318,3,2,1
137,273,3,1,1
137,81,5,1,4
137,37,1,0,1
137,179,3,1,2
137,619,2,1,1
137,76,2,1,1
137,240,3,2,0
137,317,6,5,1
137,82,1,0,1
137,390,2,0,1
137,222,3,2,1
137,340,3,1,0
137,781,1,0,0
137,30,7,5,1
137,581,1,0,0
137,12,2,2,0
137,58,2,1,1
137,1362,1,0,1
137,33,2,1,1
137,156,2,1,1
137,39,9,6,1
137,741,1,1,0
137,699,1,1,0
137,17,4,0,3
137,295,1,1,0
137,906,1,0,1
137,13,1,1,0
137,815,1,1,0
137,21,1,1,0
137,2534,1,1,0
137,311,3,2,0
137,1149,1,0,0
137,661,1,0,0
137,304,1,0,0
137,501,2,2,0
137,508,3,0,1
137,2169,1,0,1
137,1046,1,1,0
137,542,1,1,0
137,716,1,0,1
137,2328,1,0,0
137,695,1,0,1
137,646,1,0,1
137,878,1,1,0
137,864,1,1,0
137,386,1,0,0
137,685,2,1,1
137,625,1,1,0
138,139,1,1,0
138,26,3,3,0
138,7,1,0,1
138,51,3,2,0
138,282,1,1,0
138,659,1,1,0
138,137,2,1,1
138,8,2,2,0
138,85,1,1,0
138,24,1,1,0
138,80,1,1,0
138,97,1,1,0
138,312,1,0,1
138,36,1,1,0
138,19,1,0,1
138,508,2,1,0
138,707,1,0,0
138,23,1,1,0
138,18,1,1,0
138,445,1,0,1
138,218,1,1,0
138,86,1,1,0
138,53,1,1,0
138,318,1,1,0
138,258,1,0,0
138,779,1,0,0
138,1413,1,0,0
138,216,1,0,1
139,139,53,24,19
139,554,1,1,0
139,299,1,0,0
139,104,3,2,1
139,430,1,1,0
139,256,1,0,0
139,471,1,0,0
139,659,1,0,0
139,7,2,0,0
139,21,1,0,1
139,170,1,1,0
139,320,1,1,0
139,84,1,1,0
139,431,3,2,1
139,81,1,0,1
139,106,1,0,0
139,608,2,1,0
139,619,1,1,0
139,362,1,1,0
139,301,3,1,2
139,297,1,0,1
139,144,2,1,1
139,661,1,0,1
139,259,1,0,0
139,621,2,1,0
139,87,1,1,0
139,208,1,1,0
139,200,2,1,0
139,105,2,0,1
139,25,1,0,1
139,176,1,1,0
139,461,1,0,0
140,74,1,1,0
140,137,1,1,0
140,18,1,1,0
140,175,1,1,0
140,83,1,1,0
140,107,1,0,1
140,59,1,1,0
140,339,1,1,0
140,831,1,1,0
140,148,1,1,0
140,25,1,0,0
140,60,1,0,0
140,19,1,1,0
140,256,1,0,0
140,781,1,1,0
140,196,1,0,0
140,294,1,0,1
140,240,1,0,1
140,122,1,0,1
140,278,1,0,0
140,17,1,1,0
140,28,1,0,1
141,80,1,1,0
141,238,2,2,0
141,414,1,0,0
141,137,2,1,0
141,57,1,0,1
141,25,3,2,1
141,415,1,0,0
141,28,1,1,0
141,7,1,1,0
141,360,1,1,0
141,379,2,1,0
141,21,2,0,1
141,11,3,3,0
141,97,1,1,0
141,579,1,1,0
141,2,1,1,0
141,12,1,0,1
141,59,1,1,0
141,246,1,1,0
141,87,4,3,1
141,101,1,1,0
141,358,1,1,0
141,197,1,1,0
141,399,1,1,0
141,16,2,2,0
141,408,1,1,0
141,14,1,1,0
141,20,1,1,0
141,104,1,0,1
141,61,1,1,0
141,143,1,1,0
141,258,1,1,0
141,107,1,1,0
141,37,1,0,0
141,324,1,1,0
141,1,2,2,0
141,175,1,1,0
141,149,1,0,0
141,76,1,1,0
141,53,1,1,0
141,23,1,0,0
141,24,1,0,0
141,30,1,1,0
142,101,2,2,0
142,34,3,2,1
142,21,5,1,3
142,390,1,0,1
142,97,1,1,0
142,171,1,0,0
142,256,1,0,1
142,58,4,1,3
142,148,2,1,1
142,184,4,1,2
142,23,1,0,1
142,143,5,1,4
142,379,2,1,1
142,426,2,1,0
142,1021,1,1,0
142,13,4,2,1
142,104,1,0,0
142,33,1,0,0
142,278,2,1,1
142,294,2,2,0
142,85,2,1,1
142,81,2,0,2
142,105,1,1,0
142,159,1,0,1
142,8,1,0,1
142,55,1,0,1
142,199,1,1,0
142,336,1,0,1
142,638,1,1,0
142,230,3,1,2
142,619,1,0,1
142,51,1,0,1
142,310,1,0,1
142,82,3,1,2
142,216,1,0,1
142,56,1,1,0
142,78,3,3,0
142,234,2,2,0
142,0,2,2,0
142,170,2,0,2
142,280,3,1,1
142,925,1,0,1
142,836,1,1,0
142,358,1,0,1
142,419,1,1,0
142,87,1,1,0
142,277,2,2,0
142,40,1,1,0
142,347,1,0,1
142,15,1,1,0
142,260,1,0,1
142,107,1,1,0
142,57,1,0,1
142,2,1,0,1
142,88,1,0,0
142,341,2,0,2
142,248,1,1,0
142,324,1,0,1
142,156,1,0,1
142,432,1,0,1
142,240,1,1,0
142,145,1,1,0
142,115,1,1,0
142,208,1,1,0
142,31,2,1,1
142,494,1,1,0
142,25,1,1,0
142,659,1,0,1
142,32,1,0,0
142,36,1,1,0
142,399,1,1,0
142,334,2,0,2
142,167,1,1,0
142,333,1,0,1
142,492,1,0,1
142,222,1,0,1
142,17,1,0,1
143,101,8,2,5
143,24,1,0,1
143,279,7,1,4
143,137,8,3,5
143,360,7,3,2
143,85,2,1,0
143,379,5,0,3
143,77,14,3,8
143,167,10,3,4
143,93,8,5,2
143,256,7,4,1
143,16,21,11,8
143,399,8,3,2
143,199,8,6,1
143,336,6,3,2
143,171,8,4,3
143,143,190,77,95
143,179,10,6,2
143,147,9,3,5
143,31,8,3,5
143,30,4,2,0
143,184,1,1,0
143,374,2,1,0
143,467,2,0,1
143,598,2,0,2
143,471,3,0,1
143,25,11,9,2
143,445,2,1,1
143,508,50,16,28
143,280,2,1,0
143,86,3,1,1
143,81,8,2,5
143,196,11,4,4
143,216,9,5,4
143,56,11,3,8
143,19,4,0,3
143,215,18,5,9
143,396,14,8,6
143,426,4,3,1
143,501,2,1,0
143,294,5,4,0
143,890,2,0,1
143,912,3,1,2
143,311,3,1,2
143,415,5,3,2
143,692,4,2,2
143,397,1,1,0
143,483,3,0,3
143,883,1,1,0
143,640,2,1,1
143,998,1,1,0
143,300,5,1,2
143,103,5,1,1
143,430,5,1,2
143,7,13,7,6
143,84,8,1,5
143,88,5,1,4
143,333,2,1,0
143,310,4,2,2
143,36,6,3,3
143,413,4,2,2
143,53,4,4,0
143,432,3,2,1
143,58,4,3,1
143,146,5,2,3
143,260,2,1,1
143,149,5,4,1
143,40,5,3,1
143,122,3,2,1
143,429,2,0,1
143,39,4,2,2
143,176,2,2,0
143,259,5,3,2
143,361,3,1,1
143,414,1,1,0
143,666,1,0,0
143,362,4,2,2
143,673,1,0,1
143,1102,2,2,0
143,376,3,0,1
143,948,2,1,1
143,1109,5,2,3
143,972,1,0,1
143,1126,1,1,0
143,1088,2,1,1
143,1082,1,0,0
143,652,1,0,1
143,55,11,4,5
143,60,5,5,0
143,512,2,0,1
143,23,6,2,4
143,104,7,4,2
143,115,2,0,1
143,159,12,6,4
143,277,9,6,2
143,197,5,1,3
143,156,9,4,3
143,240,7,1,5
143,106,5,2,2
143,706,3,1,0
143,321,26,9,13
143,281,2,0,1
143,17,7,5,2
143,238,3,2,0
143,419,3,2,1
143,341,1,0,0
143,37,1,1,0
143,560,1,1,0
143,513,3,0,2
143,139,4,2,2
143,372,2,0,2
143,168,3,2,1
143,26,3,2,1
143,18,4,0,4
143,75,4,3,1
143,816,3,2,1
143,716,2,2,0
143,74,4,2,2
143,395,1,1,0
143,327,4,2,1
143,208,2,0,0
143,273,2,0,0
143,299,3,3,0
143,28,8,5,3
143,9,2,2,0
143,282,5,2,1
143,462,1,1,0
143,105,6,4,0
143,234,3,2,0
143,145,6,2,1
143,312,3,0,2
143,359,1,0,0
143,511,4,3,0
143,123,3,2,1
143,175,1,1,0
143,12,1,1,0
143,554,1,0,0
143,431,2,1,1
143,198,1,1,0
143,169,1,0,0
143,98,1,0,0
143,272,5,1,4
143,207,4,0,4
143,109,2,1,1
143,304,3,2,0
143,340,1,0,0
143,523,3,2,0
143,318,7,2,4
143,246,5,3,1
143,339,3,1,1
143,82,6,4,2
143,324,1,0,0
143,674,1,0,0
143,1,1,0,1
143,584,2,1,1
143,57,7,4,2
143,494,2,0,1
143,52,1,1,0
143,258,3,1,1
143,61,3,0,1
143,148,3,2,1
143,850,2,2,0
143,770,1,0,1
143,772,5,5,0
143,779,1,1,0
143,402,3,2,1
143,381,1,0,0
143,854,1,1,0
143,1267,5,3,1
143,158,3,0,2
143,170,8,5,3
143,637,1,0,1
143,118,2,1,1
143,390,4,3,0
143,864,1,1,0
143,319,6,2,3
143,34,4,1,3
143,51,2,1,1
143,293,2,2,0
143,707,2,0,2
143,59,2,1,1
143,734,1,1,0
143,777,1,0,1
143,144,2,1,1
143,78,1,1,0
143,334,2,1,1
143,278,2,0,2
143,0,4,3,1
143,638,3,0,1
143,408,2,1,1
143,230,3,3,0
143,619,1,1,0
143,659,3,2,1
143,121,4,1,2
143,678,1,0,0
143,317,1,1,0
143,608,1,1,0
143,8,5,2,3
143,295,1,1,0
143,2,1,1,0
143,296,1,1,0
143,386,1,0,1
143,1298,1,0,1
143,99,1,0,1
143,33,3,1,2
143,695,5,1,2
143,97,1,0,1
143,347,2,0,2
143,461,3,2,1
143,646,1,0,1
143,301,5,1,3
143,87,2,2,0
143,20,4,1,3
143,837,1,0,1
143,878,1,0,0
143,107,1,0,1
143,663,1,0,0
143,13,1,0,1
143,218,1,0,1
143,741,2,0,2
143,297,2,1,1
143,654,1,0,1
143,380,2,0,2
143,685,1,0,1
143,222,2,1,0
143,231,2,1,1
143,700,1,0,0
143,1127,1,0,1
143,320,1,1,0
143,2308,1,1,0
143,925,1,1,0
143,498,3,0,2
143,771,1,1,0
143,699,1,0,1
143,579,1,0,1
143,358,1,0,1
144,101,31,21,9
144,196,2,1,0
144,123,2,2,0
144,218,3,1,1
144,278,1,1,0
144,317,5,5,0
144,320,2,2,0
144,144,266,160,74
144,277,17,6,7
144,358,32,21,9
144,430,4,3,1
144,282,3,1,1
144,432,17,10,2
144,146,3,1,1
144,52,4,3,0
144,523,8,3,0
144,426,13,4,4
144,408,4,2,2
144,301,1,0,1
144,347,26,14,10
144,296,4,2,0
144,176,20,13,5
144,299,3,1,2
144,324,2,1,1
144,508,1,1,0
144,258,6,3,1
144,410,2,0,2
144,115,5,4,1
144,415,10,6,2
144,380,1,0,1
144,619,2,2,0
144,659,49,16,21
144,673,3,2,1
144,674,2,0,2
144,624,4,2,2
144,462,4,2,1
144,137,8,5,1
144,256,4,2,2
144,171,2,1,1
144,103,7,5,1
144,36,3,2,1
144,197,11,7,2
144,399,7,2,3
144,230,5,2,2
144,240,4,2,1
144,374,7,5,2
144,279,14,4,4
144,461,6,4,2
144,280,5,1,3
144,755,1,1,0
144,637,6,3,2
144,222,1,1,0
144,32,4,2,1
144,376,2,0,1
144,883,1,0,0
144,996,1,0,0
144,37,4,2,2
144,105,19,12,5
144,238,28,21,5
144,208,14,10,4
144,310,14,6,3
144,82,29,15,5
144,80,1,0,0
144,175,11,5,5
144,75,3,1,0
144,30,36,26,6
144,359,3,2,0
144,7,9,5,2
144,638,4,0,1
144,200,22,8,3
144,334,6,4,1
144,339,1,0,1
144,156,3,2,0
144,498,7,1,1
144,396,1,1,0
144,397,2,1,1
144,625,1,0,1
144,1142,1,0,0
144,24,5,2,2
144,300,31,21,5
144,107,3,3,0
144,379,9,5,2
144,272,7,5,1
144,122,3,2,1
144,0,7,2,3
144,429,1,1,0
144,327,8,3,0
144,246,5,2,2
144,312,4,0,0
144,402,18,12,2
144,470,5,4,1
144,198,6,1,2
144,1236,2,2,0
144,56,27,16,8
144,314,4,1,3
144,121,3,2,1
144,215,2,1,1
144,918,1,0,0
144,294,1,1,0
144,170,21,13,5
144,159,39,23,11
144,55,8,5,3
144,88,7,5,0
144,492,2,1,1
144,158,10,5,3
144,295,7,4,1
144,471,17,10,2
144,361,10,6,3
144,87,15,9,3
144,60,5,2,2
144,147,4,4,0
144,362,5,4,1
144,169,1,1,0
144,216,26,15,5
144,273,8,5,2
144,542,2,2,0
144,26,2,2,0
144,104,11,5,4
144,8,4,0,3
144,77,19,14,4
144,59,2,0,1
144,19,7,5,0
144,511,2,2,0
144,149,13,5,5
144,304,4,2,0
144,76,3,2,1
144,395,5,3,2
144,1423,14,9,2
144,98,1,0,0
144,234,3,1,1
144,336,6,5,0
144,431,1,1,0
144,321,5,3,0
144,318,2,1,1
144,678,2,2,0
144,13,14,4,7
144,58,1,0,0
144,179,2,1,0
144,109,2,1,0
144,349,1,0,0
144,667,1,1,0
144,21,12,10,2
144,40,5,4,0
144,23,4,1,1
144,1195,6,4,0
144,333,3,2,1
144,93,1,1,0
144,512,2,1,0
144,97,3,2,0
144,31,4,2,1
144,1811,1,0,1
144,1,6,5,0
144,207,1,0,1
144,22,1,0,1
144,494,2,2,0
144,199,3,1,2
144,554,1,0,1
144,84,13,6,7
144,106,7,3,2
144,25,16,12,3
144,39,5,1,3
144,9,11,6,4
144,85,4,4,0
144,381,1,0,1
144,716,1,1,0
144,51,1,1,0
144,148,2,2,0
144,15,2,1,1
144,81,2,2,0
144,419,3,1,2
144,143,1,0,1
144,145,3,1,2
144,61,3,2,0
144,259,1,1,0
144,815,1,0,1
144,18,2,1,1
144,1062,1,0,0
144,890,1,0,1
144,675,1,1,0
144,363,1,0,1
144,33,1,0,1
144,467,2,0,1
144,28,5,3,0
144,53,2,1,0
144,57,1,1,0
144,707,1,0,0
144,168,1,1,0
144,608,1,0,1
144,281,1,0,1
144,139,2,1,1
144,661,1,0,0
144,831,1,1,0
144,74,2,2,0
144,706,1,1,0
144,646,1,0,0
144,901,1,0,1
144,515,1,1,0
144,319,1,0,1
144,779,1,1,0
144,231,1,1,0
144,1149,1,1,0
144,293,1,0,0
144,621,1,1,0
144,741,1,1,0
144,541,1,1,0
145,101,24,14,9
145,104,27,16,8
145,137,21,8,6
145,208,26,19,5
145,320,5,4,1
145,159,18,9,6
145,339,12,10,2
145,358,9,3,4
145,36,11,8,1
145,167,18,10,4
145,430,7,5,2
145,282,7,4,3
145,272,16,10,6
145,256,20,10,6
145,512,9,2,2
145,426,18,10,5
145,145,162,102,56
145,122,10,6,1
145,554,10,4,2
145,158,31,19,7
145,312,9,7,2
145,429,10,5,4
145,580,1,1,0
145,39,18,7,10
145,467,13,8,4
145,279,12,5,3
145,230,6,3,3
145,608,12,6,5
145,296,9,5,1
145,170,23,13,6
145,324,2,0,1
145,410,3,1,1
145,273,4,3,0
145,260,3,2,0
145,415,9,4,2
145,397,1,0,0
145,659,8,4,2
145,372,2,2,0
145,496,3,2,1
145,667,2,2,0
145,362,16,8,6
145,319,12,5,7
145,462,2,2,0
145,1,6,3,2
145,2,5,2,3
145,81,24,14,9
145,19,10,6,1
145,144,8,3,3
145,82,11,8,2
145,8,2,2,0
145,59,8,4,4
145,57,12,8,4
145,222,8,5,3
145,146,10,1,7
145,149,12,7,2
145,78,6,3,2
145,0,18,7,8
145,171,15,10,3
145,638,7,5,1
145,513,16,7,4
145,143,14,6,3
145,471,10,8,1
145,299,9,6,3
145,755,1,0,0
145,713,3,2,0
145,675,4,4,0
145,837,1,0,1
145,353,1,0,0
145,238,19,12,2
145,300,17,10,3
145,74,12,6,4
145,16,9,4,3
145,652,1,1,0
145,20,7,6,1
145,321,25,13,10
145,87,25,12,10
145,179,10,5,5
145,55,20,10,7
145,21,6,4,2
145,88,6,4,0
145,402,13,8,2
145,32,8,4,2
145,148,23,15,7
145,196,5,2,2
145,123,7,5,2
145,310,5,3,1
145,278,7,5,2
145,107,11,5,5
145,277,5,3,1
145,61,4,3,1
145,379,10,7,1
145,419,6,4,0
145,83,4,2,1
145,93,12,11,1
145,396,2,0,1
145,408,9,3,2
145,246,13,11,0
145,200,14,10,2
145,147,10,6,3
145,31,13,8,4
145,85,4,1,2
145,294,11,8,3
145,534,14,10,3
145,431,8,6,0
145,25,31,15,12
145,918,6,2,2
145,176,4,3,0
145,139,12,3,6
145,508,10,4,4
145,207,8,4,2
145,511,4,1,2
145,654,2,0,1
145,118,2,1,1
145,579,6,5,1
145,340,3,3,0
145,1119,1,1,0
145,640,1,0,1
145,281,8,3,1
145,51,4,2,1
145,26,5,4,1
145,105,13,6,2
145,76,7,5,1
145,395,5,5,0
145,37,1,1,0
145,336,17,12,3
145,327,12,8,2
145,297,11,5,4
145,349,4,2,0
145,374,12,6,1
145,584,7,7,0
145,361,7,5,1
145,1236,4,2,0
145,621,3,1,2
145,439,8,5,2
145,168,3,1,1
145,23,10,3,6
145,34,5,4,1
145,17,8,2,3
145,24,12,11,1
145,7,23,14,8
145,56,16,11,4
145,215,20,13,3
145,399,8,2,4
145,40,9,4,5
145,99,1,0,0
145,854,19,9,6
145,30,21,12,6
145,706,6,5,0
145,295,5,3,0
145,637,2,0,1
145,359,8,4,1
145,121,15,8,5
145,169,2,2,0
145,301,14,8,5
145,12,3,3,0
145,432,3,2,1
145,199,19,8,8
145,334,13,11,1
145,347,11,8,2
145,86,3,1,2
145,380,7,2,3
145,619,8,7,0
145,414,4,3,1
145,673,5,3,1
145,80,4,2,1
145,494,11,8,1
145,109,7,1,4
145,198,3,0,1
145,653,3,2,0
145,175,11,6,3
145,381,5,4,0
145,115,4,2,2
145,84,15,8,6
145,684,2,0,2
145,304,7,3,2
145,470,2,2,0
145,1423,1,1,0
145,461,9,1,5
145,678,2,1,0
145,216,5,4,1
145,240,7,3,2
145,541,1,1,0
145,60,9,5,1
145,333,2,2,0
145,9,5,3,1
145,103,10,4,3
145,413,9,5,3
145,11,1,1,0
145,97,1,1,0
145,912,3,3,0
145,499,1,1,0
145,674,1,1,0
145,1091,1,0,0
145,98,1,0,0
145,501,1,0,0
145,258,9,6,3
145,734,5,2,1
145,360,7,3,3
145,483,8,3,4
145,862,1,1,0
145,77,13,8,4
145,156,4,3,1
145,1865,1,1,0
145,234,3,0,3
145,28,14,8,5
145,197,11,6,4
145,1147,1,1,0
145,33,2,2,0
145,22,2,2,0
145,314,3,2,1
145,376,5,2,1
145,772,2,0,1
145,75,3,3,0
145,707,5,1,3
145,741,1,0,0
145,781,2,1,0
145,1272,3,1,1
145,157,5,2,2
145,925,2,1,1
145,850,3,2,0
145,476,3,3,0
145,13,5,2,3
145,218,8,5,3
145,816,6,4,2
145,293,3,3,0
145,699,3,1,0
145,523,3,0,2
145,598,2,2,0
145,259,3,2,0
145,518,1,0,0
145,1276,2,0,2
145,542,2,0,2
145,181,2,1,1
145,864,2,2,0
145,317,5,2,3
145,280,2,1,0
145,692,1,0,1
145,770,2,2,0
145,716,1,0,0
145,777,1,1,0
145,609,1,0,1
145,1267,1,1,0
145,52,4,3,1
145,1133,1,1,0
145,184,2,1,1
145,18,1,1,0
145,311,4,0,3
145,318,6,3,1
145,248,1,1,0
145,1142,1,1,0
145,2169,1,1,0
145,498,1,0,1
145,390,3,1,0
145,363,2,1,1
145,341,1,0,0
145,695,2,1,1
145,106,1,0,0
145,2656,1,0,0
145,878,3,2,1
145,445,3,1,2
145,386,1,0,1
145,2855,2,2,0
145,901,1,0,0
145,700,5,4,1
145,890,1,0,1
145,53,2,2,0
145,58,1,1,0
145,831,2,1,1
145,515,1,1,0
145,771,2,2,0
145,930,3,1,2
145,2360,1,1,0
145,1341,1,0,1
145,1088,2,0,1
146,101,8,7,1
146,88,10,8,2
146,59,2,2,0
146,234,10,5,4
146,492,6,1,3
146,171,2,1,1
146,327,6,4,2
146,179,8,7,1
146,230,7,3,4
146,324,3,2,1
146,361,6,3,2
146,157,4,2,0
146,86,4,3,1
146,414,2,1,0
146,674,2,1,1
146,34,3,3,0
146,339,1,0,1
146,277,6,3,2
146,281,5,4,1
146,169,2,1,0
146,419,2,1,1
146,282,8,4,2
146,146,71,31,31
146,523,7,3,3
146,399,5,1,4
146,246,7,4,1
146,299,4,4,0
146,311,12,8,4
146,700,1,1,0
146,684,3,3,0
146,998,1,1,0
146,21,1,0,1
146,199,3,2,0
146,402,2,1,0
146,295,3,2,0
146,304,5,2,2
146,144,5,1,2
146,175,5,1,2
146,156,7,4,3
146,216,4,1,2
146,57,10,5,4
146,318,4,2,2
146,121,7,1,4
146,149,9,4,5
146,294,7,3,4
146,279,3,1,1
146,470,1,1,0
146,397,1,1,0
146,168,5,3,2
146,362,3,0,1
146,862,2,1,1
146,1102,4,2,2
146,376,1,0,0
146,1109,1,1,0
146,1090,1,1,0
146,1119,1,0,1
146,1082,2,2,0
146,1148,1,1,0
146,1,6,4,2
146,341,1,1,0
146,87,14,7,5
146,379,12,7,5
146,513,2,1,0
146,143,7,4,2
146,431,5,3,0
146,176,3,3,0
146,198,5,2,1
146,81,11,8,2
146,123,3,1,2
146,107,3,1,2
146,430,2,1,0
146,19,12,7,3
146,52,5,1,2
146,240,3,3,0
146,584,3,1,0
146,508,4,1,3
146,207,10,5,4
146,51,1,1,0
146,17,4,3,1
146,98,2,1,1
146,429,4,2,1
146,511,2,1,0
146,115,15,8,5
146,666,1,0,1
146,170,10,4,2
146,699,1,1,0
146,850,6,5,1
146,28,6,4,1
146,238,9,7,2
146,159,7,6,1
146,82,8,2,3
146,58,4,3,1
146,37,3,1,1
146,426,5,2,0
146,0,9,4,5
146,145,6,3,3
146,97,5,1,4
146,109,4,3,1
146,542,6,5,1
146,24,8,6,2
146,60,4,2,1
146,678,3,2,1
146,8,3,2,1
146,333,6,4,0
146,215,4,2,0
146,534,2,1,0
146,340,2,1,1
146,147,6,5,0
146,415,2,2,0
146,300,5,5,0
146,167,8,2,5
146,75,3,1,0
146,334,5,1,2
146,912,1,1,0
146,659,6,1,2
146,675,1,1,0
146,1021,4,2,1
146,26,3,2,0
146,61,2,2,0
146,85,2,0,0
146,467,4,3,0
146,439,5,2,0
146,1362,1,0,0
146,621,1,0,0
146,273,1,1,0
146,321,9,7,2
146,579,2,2,0
146,1423,1,1,0
146,84,9,4,3
146,301,5,3,1
146,312,5,3,1
146,471,4,3,0
146,713,1,0,0
146,1811,1,1,0
146,137,7,6,1
146,13,1,1,0
146,148,8,2,6
146,1195,1,1,0
146,12,1,1,0
146,336,2,2,0
146,122,1,0,0
146,30,6,3,2
146,685,2,1,1
146,673,3,3,0
146,608,3,1,1
146,76,4,0,1
146,408,4,2,1
146,347,4,2,1
146,310,6,3,1
146,36,3,2,1
146,93,2,2,0
146,1147,1,0,1
146,259,3,2,0
146,390,3,1,0
146,272,3,1,2
146,196,11,4,7
146,74,11,5,4
146,360,3,2,1
146,395,2,1,1
146,256,3,2,1
146,40,3,0,1
146,106,3,1,2
146,39,9,5,3
146,296,2,2,0
146,359,3,1,2
146,16,3,1,1
146,1272,1,0,0
146,688,1,0,0
146,23,2,0,2
146,7,6,3,3
146,772,1,0,1
146,103,6,2,2
146,55,4,2,2
146,197,2,2,0
146,56,9,5,3
146,158,2,1,1
146,317,3,2,1
146,280,2,1,1
146,77,5,4,1
146,381,1,1,0
146,278,3,1,2
146,80,1,0,1
146,319,2,1,1
146,432,1,1,0
146,494,3,1,2
146,598,1,1,0
146,386,1,1,0
146,663,2,1,1
146,518,1,0,0
146,104,4,2,1
146,78,1,0,1
146,445,8,4,4
146,25,5,2,3
146,792,2,1,0
146,609,1,1,0
146,836,1,1,0
146,646,1,1,0
146,105,6,6,0
146,83,5,1,2
146,554,2,0,2
146,248,2,1,0
146,2537,1,0,1
146,625,1,1,0
146,483,2,2,0
146,815,8,5,2
146,53,2,1,1
146,734,1,1,0
146,2534,1,0,0
146,260,3,3,0
146,638,1,0,0
146,32,1,1,0
146,18,2,2,0
146,349,1,0,0
146,1088,2,1,1
146,1142,2,0,2
146,374,1,0,1
146,461,1,1,0
146,99,2,1,1
146,222,1,1,0
146,413,4,2,1
146,1046,1,0,1
146,1135,1,0,1
146,498,2,1,0
146,2,1,1,0
146,33,1,1,0
146,707,1,1,0
146,770,1,1,0
146,20,1,1,0
146,231,1,1,0
146,1717,1,1,0
146,31,2,0,1
146,1171,1,1,0
146,831,1,1,0
146,1236,1,0,1
146,139,1,1,0
146,208,1,1,0
146,1149,1,1,0
146,396,1,1,0
147,101,12,9,3
147,8,6,3,3
147,145,7,2,4
147,419,5,3,0
147,216,6,4,2
147,272,4,1,1
147,199,14,11,2
147,426,8,5,1
147,608,4,2,1
147,311,9,6,1
147,414,3,1,2
147,319,4,2,2
147,2,4,2,1
147,137,11,5,4
147,320,3,1,1
147,82,7,4,2
147,281,6,4,2
147,358,4,3,0
147,156,6,5,1
147,432,5,3,1
147,234,14,6,6
147,158,10,4,3
147,513,6,1,2
147,147,198,91,84
147,109,5,1,3
147,890,3,2,0
147,470,6,3,2
147,637,1,1,0
147,713,1,1,0
147,105,12,9,1
147,149,4,1,1
147,327,3,1,2
147,170,9,4,4
147,1,2,0,2
147,81,9,6,2
147,196,8,4,1
147,76,11,10,1
147,318,8,5,3
147,24,3,2,1
147,208,6,3,3
147,310,9,6,2
147,300,6,3,2
147,359,6,3,1
147,379,20,9,9
147,93,4,3,0
147,256,8,7,0
147,19,8,4,2
147,58,3,2,1
147,37,2,0,2
147,399,14,11,3
147,240,11,6,1
147,148,8,4,4
147,122,4,3,1
147,408,7,3,2
147,246,7,4,1
147,294,8,3,5
147,200,4,2,1
147,30,10,6,3
147,39,8,4,3
147,402,6,2,3
147,143,7,2,2
147,20,3,3,0
147,321,4,1,1
147,314,7,5,1
147,675,2,2,0
147,87,14,6,5
147,9,5,3,1
147,80,3,3,0
147,169,3,2,0
147,395,3,2,0
147,430,11,6,1
147,171,5,4,0
147,57,3,3,0
147,52,4,1,2
147,0,7,5,2
147,431,4,0,1
147,296,4,3,0
147,461,5,4,1
147,511,2,1,0
147,673,3,0,2
147,340,1,1,0
147,23,6,4,1
147,78,2,1,1
147,159,10,4,4
147,360,8,4,2
147,413,4,3,1
147,88,13,6,2
147,53,9,6,2
147,179,5,2,3
147,706,4,4,0
147,930,2,1,0
147,390,6,2,1
147,361,7,4,3
147,198,2,0,0
147,107,6,4,0
147,638,2,0,2
147,584,10,3,5
147,299,11,5,3
147,684,1,0,1
147,144,5,3,0
147,121,3,2,1
147,146,9,6,0
147,492,5,1,0
147,336,6,6,0
147,429,3,2,1
147,445,4,1,2
147,667,5,2,1
147,837,1,1,0
147,84,10,7,1
147,277,8,6,1
147,175,4,1,1
147,36,7,6,1
147,97,10,3,5
147,854,1,0,0
147,168,1,1,0
147,77,11,9,1
147,40,6,4,1
147,471,6,2,2
147,280,3,2,1
147,115,4,3,1
147,579,8,4,3
147,695,2,1,1
147,304,2,1,1
147,197,3,1,1
147,621,3,1,0
147,238,5,5,0
147,21,4,2,1
147,11,2,2,0
147,678,4,2,1
147,462,4,3,0
147,104,6,4,1
147,312,2,1,0
147,176,5,3,0
147,619,3,1,2
147,1423,2,0,0
147,341,1,1,0
147,25,5,3,2
147,324,1,1,0
147,1236,1,1,0
147,542,6,3,3
147,74,10,7,3
147,83,2,2,0
147,279,5,1,1
147,207,11,6,4
147,28,9,5,3
147,98,5,3,0
147,396,1,1,0
147,554,2,1,0
147,106,4,0,2
147,339,3,1,0
147,1195,7,3,1
147,16,5,3,0
147,85,1,1,0
147,334,7,2,4
147,439,6,2,1
147,349,4,4,0
147,1355,1,0,0
147,1811,1,0,0
147,652,1,1,0
147,1717,1,1,0
147,347,4,4,0
147,167,5,3,0
147,494,9,6,3
147,512,5,1,0
147,534,1,0,0
147,380,2,1,1
147,362,3,2,0
147,301,5,4,0
147,397,1,0,0
147,333,1,0,1
147,56,7,2,5
147,707,3,2,0
147,831,1,1,0
147,157,3,1,1
147,1203,1,0,0
147,7,9,1,4
147,646,7,2,2
147,734,1,0,1
147,792,2,1,1
147,925,2,2,0
147,13,2,2,0
147,123,8,5,3
147,218,4,0,4
147,215,4,3,1
147,523,5,2,3
147,295,1,1,0
147,598,3,3,0
147,508,2,0,1
147,258,4,3,1
147,386,3,2,1
147,22,1,1,0
147,415,1,1,0
147,222,2,0,1
147,483,3,1,1
147,864,5,4,0
147,518,1,1,0
147,862,2,2,0
147,376,1,0,1
147,248,3,2,1
147,181,2,0,0
147,1143,2,2,0
147,55,3,2,1
147,34,1,1,0
147,781,2,1,1
147,381,6,3,2
147,688,3,3,0
147,699,1,0,0
147,850,2,1,1
147,716,1,0,0
147,1109,3,0,1
147,59,4,3,1
147,1272,1,1,0
147,609,2,2,0
147,663,1,1,0
147,1133,1,1,0
147,184,1,1,0
147,815,1,1,0
147,1113,1,1,0
147,467,3,2,1
147,503,1,1,0
147,1031,1,0,1
147,26,3,1,1
147,297,3,1,1
147,282,2,1,0
147,230,3,1,0
147,259,2,1,0
147,32,1,1,0
147,659,1,1,0
147,31,3,1,1
147,51,4,3,1
147,17,4,3,1
147,18,4,2,1
147,61,3,2,0
147,33,1,0,1
147,816,1,0,1
147,770,2,2,0
147,2656,1,0,0
147,560,1,0,0
147,933,1,1,0
147,293,1,1,0
147,878,1,1,0
147,60,1,1,0
147,75,2,2,0
147,692,1,1,0
147,317,1,0,1
147,685,1,1,0
147,1046,1,1,0
147,2296,1,1,0
147,2945,1,0,1
147,918,1,0,1
147,771,1,0,1
147,231,1,0,1
147,883,1,1,0
147,2360,1,1,0
148,101,6,4,2
148,196,10,2,4
148,137,19,10,9
148,310,9,6,1
148,317,2,2,0
148,18,2,0,0
148,281,6,4,2
148,379,9,2,6
148,0,8,5,1
148,426,18,14,4
148,240,12,7,4
148,200,29,13,14
148,312,5,4,0
148,431,7,6,1
148,608,11,6,2
148,170,10,6,3
148,445,1,0,1
148,299,3,1,1
148,541,2,0,1
148,499,4,2,2
148,653,1,1,0
148,24,9,5,3
148,123,5,3,2
148,238,10,6,3
148,208,19,12,6
148,278,6,1,2
148,339,6,4,1
148,82,3,1,2
148,395,6,3,1
148,167,8,3,4
148,156,4,2,2
148,60,5,2,2
148,282,10,1,3
148,216,9,3,5
148,12,2,2,0
148,121,7,2,4
148,432,4,1,2
148,256,17,9,5
148,149,6,3,0
148,399,9,3,3
148,40,9,3,6
148,106,8,7,0
148,513,4,2,0
148,295,3,2,1
148,374,9,6,3
148,467,12,4,5
148,347,8,4,3
148,635,1,0,1
148,260,5,2,2
148,222,5,2,1
148,713,1,1,0
148,168,5,2,1
148,667,1,1,0
148,675,3,2,1
148,862,3,3,0
148,319,2,2,0
148,340,5,4,1
148,906,1,1,0
148,998,1,1,0
148,87,8,6,2
148,28,8,7,1
148,105,11,6,4
148,84,15,11,3
148,320,6,3,2
148,159,15,7,5
148,429,9,6,1
148,277,5,2,3
148,360,17,9,7
148,175,10,6,2
148,77,7,5,2
148,93,2,2,0
148,146,3,3,0
148,1113,3,1,2
148,215,13,5,5
148,494,8,4,3
148,512,7,0,3
148,148,202,101,81
148,336,7,6,1
148,171,7,3,2
148,334,10,6,3
148,145,14,8,6
148,554,7,3,2
148,246,7,2,4
148,301,10,5,4
148,109,5,5,0
148,31,7,2,3
148,297,35,16,17
148,580,2,1,1
148,30,9,5,3
148,402,22,12,7
148,534,13,8,4
148,279,6,2,4
148,471,20,8,7
148,918,6,1,5
148,470,1,0,1
148,508,5,3,2
148,258,4,2,1
148,115,4,2,2
148,415,4,2,2
148,361,1,0,0
148,619,8,6,1
148,397,4,2,2
148,659,9,6,2
148,32,10,8,2
148,663,2,2,0
148,674,5,3,1
148,1108,2,2,0
148,1133,1,1,0
148,1091,2,2,0
148,1102,2,1,0
148,376,2,0,0
148,1031,3,1,2
148,1126,1,0,1
148,1147,1,0,1
148,122,7,3,2
148,81,6,1,4
148,7,7,3,2
148,461,9,6,3
148,51,3,2,1
148,23,5,4,1
148,158,19,10,8
148,143,6,3,3
148,176,4,2,2
148,734,2,0,1
148,854,5,2,2
148,198,4,2,1
148,372,1,1,0
148,716,2,1,1
148,300,12,7,4
148,103,8,3,4
148,36,5,4,0
148,430,9,2,3
148,272,7,4,2
148,56,13,7,4
148,16,4,1,1
148,523,6,3,2
148,199,9,4,3
148,39,8,1,5
148,296,7,3,3
148,439,5,1,1
148,511,4,2,2
148,673,2,1,0
148,218,2,1,1
148,83,3,2,0
148,76,2,1,1
148,147,6,3,2
148,390,1,1,0
148,9,4,2,0
148,88,6,4,2
148,333,3,3,0
148,19,1,0,1
148,26,4,2,2
148,104,14,8,4
148,327,9,4,4
148,55,10,4,5
148,341,1,1,0
148,598,2,0,1
148,413,3,1,2
148,197,5,1,2
148,584,3,0,2
148,912,2,1,1
148,144,6,4,1
148,624,2,2,0
148,1423,2,1,1
148,98,1,0,1
148,678,1,1,0
148,294,7,3,4
148,107,2,1,1
148,579,3,1,1
148,358,2,0,2
148,259,6,3,1
148,311,8,6,1
148,321,4,1,2
148,207,3,1,2
148,542,4,2,2
148,17,2,0,2
148,33,2,2,0
148,707,2,0,1
148,11,1,1,0
148,462,1,0,0
148,408,7,3,2
148,476,2,1,0
148,179,5,1,2
148,706,3,0,1
148,850,1,1,0
148,57,10,4,5
148,97,1,1,0
148,349,2,1,0
148,1276,1,0,0
148,362,2,2,0
148,230,4,1,2
148,139,8,3,3
148,273,1,1,0
148,359,3,1,1
148,381,1,0,1
148,8,2,1,0
148,609,1,0,0
148,772,4,2,1
148,816,7,5,2
148,930,1,1,0
148,293,2,1,1
148,58,2,0,0
148,419,3,0,1
148,53,1,1,0
148,2534,1,0,1
148,21,4,4,0
148,318,3,1,2
148,304,2,1,0
148,380,3,2,1
148,78,3,1,2
148,22,2,1,1
148,1088,1,0,1
148,1062,1,0,0
148,638,1,0,0
148,25,11,6,2
148,85,3,3,0
148,234,1,1,0
148,1272,2,0,2
148,560,2,0,1
148,74,3,0,2
148,231,1,0,0
148,113,1,0,1
148,878,4,2,0
148,925,1,0,0
148,501,1,1,0
148,515,1,1,0
148,13,1,0,1
148,1718,1,0,1
148,2296,1,1,0
148,61,1,1,0
148,695,3,2,1
148,20,1,1,0
148,498,2,1,1
148,363,1,0,0
148,314,1,1,0
148,99,2,1,1
148,684,1,1,0
148,581,3,1,2
148,414,1,1,0
148,518,3,2,1
148,1894,1,0,1
149,101,1,1,0
149,28,2,2,0
149,137,6,3,3
149,317,4,4,0
149,300,5,4,1
149,277,11,5,4
149,360,3,3,0
149,358,5,4,1
149,395,5,2,1
149,419,3,3,0
149,197,5,2,2
149,272,3,0,1
149,149,51,28,16
149,336,3,3,0
149,122,5,4,0
149,31,4,4,0
149,349,1,0,0
149,415,4,4,0
149,361,5,3,0
149,619,1,0,1
149,496,1,0,1
149,666,3,0,2
149,667,2,2,0
149,674,1,1,0
149,376,2,0,0
149,1,3,3,0
149,196,2,1,1
149,103,2,2,0
149,0,5,2,2
149,295,2,2,0
149,279,2,1,1
149,445,3,0,3
149,259,5,4,0
149,299,6,4,1
149,20,1,1,0
149,637,1,0,1
149,940,2,1,0
149,692,1,0,0
149,906,1,1,0
149,37,4,3,0
149,199,6,4,1
149,84,8,5,1
149,143,2,2,0
149,74,9,6,3
149,61,2,2,0
149,167,4,3,1
149,56,4,3,1
149,58,3,2,1
149,240,3,2,0
149,246,3,2,1
149,297,2,0,2
149,347,2,1,1
149,314,5,1,3
149,319,1,0,1
149,1102,1,0,1
149,1119,1,1,0
149,105,7,4,1
149,238,5,3,2
149,159,5,2,2
149,21,1,1,0
149,216,5,2,2
149,432,5,2,1
149,19,6,4,1
149,52,1,1,0
149,158,3,1,1
149,294,1,1,0
149,176,4,2,2
149,511,1,0,0
149,399,2,1,0
149,359,5,2,3
149,87,13,7,6
149,88,3,2,1
149,327,5,2,1
149,379,2,1,0
149,24,5,1,2
149,281,9,5,2
149,36,1,0,1
149,156,2,1,0
149,60,8,7,0
149,215,5,3,1
149,171,1,1,0
149,408,1,1,0
149,179,8,3,4
149,312,4,2,0
149,170,8,5,2
149,461,4,2,0
149,115,1,1,0
149,659,5,2,3
149,32,3,2,1
149,304,8,7,0
149,121,1,1,0
149,256,7,3,0
149,145,1,1,0
149,390,2,1,1
149,883,1,0,1
149,144,3,2,1
149,320,4,1,2
149,30,4,3,1
149,207,4,3,1
149,147,5,5,0
149,77,9,2,6
149,498,1,0,0
149,598,1,0,0
149,652,2,2,0
149,542,4,4,0
149,26,2,1,1
149,7,3,2,1
149,123,2,2,0
149,104,3,1,2
149,258,4,2,1
149,18,5,3,1
149,169,1,1,0
149,8,1,1,0
149,93,1,1,0
149,16,1,0,1
149,85,2,1,1
149,51,1,1,0
149,23,3,3,0
149,82,9,1,2
149,107,4,3,1
149,413,2,1,0
149,55,5,3,1
149,25,3,1,2
149,11,3,2,1
149,146,1,1,0
149,492,2,2,0
149,426,3,2,1
149,148,2,2,0
149,200,1,1,0
149,109,1,1,0
149,22,2,1,1
149,282,4,3,1
149,341,1,1,0
149,580,1,1,0
149,334,3,3,0
149,296,1,0,0
149,321,2,0,0
149,1195,2,1,0
149,402,4,2,1
149,324,1,0,0
149,340,2,1,0
149,1423,1,1,0
149,397,1,1,0
149,278,1,0,0
149,523,2,2,0
149,40,2,1,1
149,118,1,1,0
149,208,2,2,0
149,106,4,0,2
149,83,1,1,0
149,12,1,1,0
149,608,4,2,0
149,831,1,1,0
149,430,2,1,0
149,494,1,1,0
149,234,1,1,0
149,912,3,3,0
149,700,1,0,1
149,864,4,0,4
149,1276,2,0,2
149,862,1,0,1
149,181,1,0,1
149,374,1,1,0
149,792,2,1,1
149,772,1,1,0
149,431,1,1,0
149,222,1,1,0
149,310,2,0,2
149,471,2,1,0
149,470,1,1,0
149,380,1,1,0
149,815,1,0,0
149,81,2,1,1
149,318,1,0,1
149,339,1,0,1
149,75,1,1,0
149,2,2,0,1
149,39,1,1,0
149,198,1,0,1
149,933,1,0,1
149,512,1,1,0
149,248,2,1,1
149,273,1,1,0
149,414,1,1,0
149,584,2,2,0
149,86,1,0,0
149,231,3,0,2
149,57,1,1,0
149,717,2,2,0
150,101,1,1,0
150,300,2,2,0
150,281,2,2,0
150,88,2,2,0
150,222,1,0,1
150,216,2,2,0
150,146,1,1,0
150,215,3,2,1
150,16,1,1,0
150,199,1,1,0
150,327,1,1,0
150,408,1,1,0
150,511,2,2,0
150,372,1,1,0
150,81,2,1,1
150,121,1,0,1
150,256,1,0,1
150,168,1,1,0
150,137,1,1,0
150,145,2,1,1
150,31,1,0,1
150,230,1,0,1
150,439,1,1,0
150,123,2,1,1
150,7,1,1,0
150,339,1,1,0
150,175,1,1,0
150,19,2,2,0
150,734,1,1,0
150,716,1,0,1
150,84,1,1,0
150,58,2,0,2
150,149,1,1,0
150,179,1,1,0
150,296,1,1,0
150,176,2,1,1
150,36,2,1,1
150,15,1,1,0
150,13,1,1,0
150,426,1,1,0
150,390,1,1,0
150,98,1,1,0
150,21,1,1,0
150,402,1,1,0
150,85,2,2,0
150,37,1,1,0
150,334,1,1,0
150,51,2,1,0
150,1195,1,1,0
150,347,1,1,0
150,170,3,3,0
150,103,1,1,0
150,60,1,1,0
150,707,1,1,0
150,23,2,2,0
150,30,1,1,0
150,467,1,1,0
150,57,1,0,0
150,258,1,1,0
150,512,1,1,0
150,156,2,1,1
150,850,1,1,0
150,53,1,0,1
151,101,1,0,0
151,23,3,2,0
151,14,1,1,0
151,36,1,1,0
151,59,1,1,0
151,40,1,1,0
151,347,1,1,0
151,246,2,1,1
151,9,1,1,0
151,56,1,0,1
151,327,1,1,0
151,159,1,0,1
151,25,1,1,0
151,77,1,1,0
151,341,1,1,0
151,304,1,1,0
151,199,1,0,0
151,107,1,1,0
151,2,1,0,1
151,87,1,0,0
151,156,1,0,1
151,78,1,1,0
151,310,1,1,0
151,105,1,1,0
151,61,1,1,0
151,84,1,1,0
152,101,1,1,0
152,349,1,1,0
152,273,1,1,0
152,28,1,1,0
152,82,1,1,0
152,88,1,1,0
152,333,1,0,0
152,106,2,2,0
152,293,1,1,0
152,301,1,1,0
152,147,1,1,0
152,336,1,1,0
152,17,1,1,0
152,281,1,0,1
152,148,1,1,0
152,75,1,0,1
153,101,1,0,1
153,207,1,0,0
153,60,2,1,1
153,93,1,0,1
153,16,3,2,1
153,82,3,3,0
153,584,1,0,0
153,28,1,0,0
153,17,1,1,0
153,56,2,1,1
153,171,1,1,0
153,296,1,1,0
153,317,1,1,0
153,25,7,5,2
153,24,1,0,0
154,101,1,1,0
154,197,1,1,0
154,88,1,1,0
154,76,1,1,0
154,56,1,1,0
154,171,1,1,0
154,20,1,0,1
154,414,1,1,0
154,667,1,1,0
154,248,1,0,0
154,396,1,1,0
154,18,2,2,0
154,149,1,0,1
154,494,1,0,1
154,492,1,1,0
154,207,1,1,0
154,168,1,1,0
154,158,1,0,1
154,362,1,0,1
154,123,2,1,1
154,9,1,1,0
154,58,1,1,0
154,16,2,0,1
154,554,1,1,0
154,410,1,1,0
154,39,1,1,0
154,461,1,1,0
154,314,1,1,0
154,304,1,1,0
154,83,1,1,0
154,379,1,1,0
154,21,1,0,1
154,37,1,1,0
154,259,1,1,0
154,82,1,1,0
154,148,1,1,0
154,75,1,1,0
154,13,1,1,0
154,483,1,1,0
154,81,1,1,0
154,2,1,1,0
154,30,1,0,0
154,145,1,1,0
154,646,1,1,0
154,15,1,1,0
154,55,2,0,1
154,40,1,0,1
154,1021,1,0,1
155,101,1,1,0
155,82,1,1,0
155,200,1,0,0
155,430,1,1,0
155,471,1,1,0
155,123,1,1,0
155,24,1,0,1
155,207,1,0,1
155,281,2,1,1
155,362,1,1,0
156,7,12,7,4
156,137,8,3,4
156,310,10,5,3
156,25,8,5,2
156,74,17,10,5
156,374,1,1,0
156,281,8,6,0
156,98,4,3,1
156,156,168,77,75
156,58,8,5,1
156,399,6,4,2
156,301,8,3,4
156,467,5,2,2
156,299,4,3,1
156,324,4,3,0
156,410,1,1,0
156,115,11,3,6
156,86,15,6,8
156,499,1,1,0
156,483,6,3,2
156,542,9,6,3
156,319,1,0,1
156,196,5,4,0
156,123,10,5,4
156,218,5,3,2
156,208,3,2,1
156,304,2,1,1
156,159,5,2,2
156,360,3,2,1
156,83,6,2,2
156,216,3,2,1
156,76,24,11,11
156,19,11,6,3
156,426,3,1,1
156,327,3,3,0
156,85,7,3,1
156,347,5,5,0
156,222,3,1,2
156,414,1,1,0
156,659,1,1,0
156,700,1,1,0
156,359,14,5,6
156,998,1,1,0
156,23,10,5,4
156,175,5,2,3
156,56,8,3,5
156,30,6,1,2
156,652,1,0,1
156,53,26,16,9
156,215,7,3,2
156,1,1,0,0
156,13,11,8,2
156,81,3,2,1
156,101,11,8,3
156,16,5,4,1
156,28,5,2,2
156,104,2,1,1
156,238,6,3,2
156,339,1,0,1
156,61,10,4,5
156,198,11,3,6
156,57,5,2,3
156,121,7,2,4
156,75,9,4,2
156,492,15,4,8
156,97,9,6,1
156,106,3,0,1
156,402,4,2,2
156,184,1,0,1
156,334,5,0,5
156,439,2,0,1
156,654,1,1,0
156,390,20,7,8
156,1032,6,3,3
156,1171,1,0,0
156,26,7,3,1
156,146,6,3,3
156,168,4,1,3
156,918,1,0,1
156,87,9,5,3
156,24,8,5,1
156,277,3,2,1
156,143,5,3,2
156,36,8,5,1
156,280,20,6,13
156,149,4,2,1
156,695,2,0,1
156,179,7,3,3
156,279,5,3,1
156,230,4,3,1
156,685,1,1,0
156,397,1,1,0
156,716,6,3,2
156,103,1,1,0
156,278,1,0,0
156,379,6,3,2
156,419,1,0,0
156,88,4,0,4
156,282,2,0,2
156,234,3,2,1
156,145,3,2,1
156,349,1,1,0
156,311,6,3,2
156,625,2,0,0
156,883,1,1,0
156,34,3,2,1
156,17,6,2,2
156,77,5,3,1
156,706,5,2,1
156,293,1,0,0
156,699,9,2,6
156,9,8,3,4
156,358,1,0,0
156,55,5,4,0
156,93,4,2,1
156,40,1,1,0
156,513,1,1,0
156,471,4,3,1
156,22,3,0,1
156,663,1,1,0
156,314,1,1,0
156,673,2,0,0
156,353,1,1,0
156,80,2,1,1
156,12,4,0,4
156,11,1,1,0
156,148,6,5,0
156,624,1,1,0
156,169,1,0,0
156,8,5,2,1
156,333,1,1,0
156,60,6,2,3
156,312,4,1,1
156,508,1,0,1
156,321,2,1,1
156,1895,2,1,1
156,295,6,4,1
156,105,6,5,0
156,430,6,5,1
156,246,3,2,0
156,554,2,1,0
156,20,2,0,2
156,51,7,3,2
156,18,5,3,2
156,429,3,3,0
156,512,1,0,0
156,207,11,5,4
156,294,6,4,1
156,1865,2,0,2
156,534,2,2,0
156,240,5,2,1
156,584,1,1,0
156,380,1,0,0
156,376,7,5,0
156,461,2,1,1
156,1276,2,1,1
156,33,4,2,1
156,413,2,1,1
156,256,1,1,0
156,78,2,2,0
156,199,4,2,1
156,147,1,1,0
156,31,4,1,3
156,445,4,2,2
156,579,3,1,1
156,52,5,1,4
156,523,6,4,1
156,1272,2,1,1
156,296,5,2,3
156,777,1,0,0
156,560,2,1,1
156,82,2,1,1
156,197,3,3,0
156,431,1,1,0
156,930,2,1,0
156,770,3,2,0
156,646,10,4,3
156,688,1,0,1
156,157,3,1,2
156,171,3,0,3
156,122,3,1,1
156,580,1,0,1
156,386,2,2,0
156,118,8,3,3
156,32,1,1,0
156,340,2,2,0
156,684,2,2,0
156,317,3,1,2
156,21,1,1,0
156,170,1,1,0
156,792,1,1,0
156,779,1,1,0
156,59,3,3,0
156,362,1,0,1
156,2537,3,1,2
156,84,3,2,0
156,496,1,0,1
156,675,2,1,1
156,248,1,0,1
156,906,1,1,0
156,1113,1,0,1
156,2534,1,1,0
156,318,4,2,2
156,259,3,0,1
156,260,2,1,1
156,678,1,1,0
156,408,3,2,1
156,336,3,2,1
156,361,2,1,1
156,1021,1,1,0
156,176,3,1,1
156,1088,1,0,1
156,1046,2,1,1
156,2,2,0,2
156,816,1,1,0
156,933,1,1,0
156,707,1,0,1
156,609,1,1,0
156,1127,1,1,0
156,272,1,0,0
156,109,1,1,0
156,258,1,1,0
156,144,2,1,1
156,501,1,1,0
156,2732,2,0,2
156,1279,2,1,0
156,1251,1,1,0
156,107,1,1,0
156,39,1,1,0
156,2526,3,0,3
156,1119,1,1,0
156,2861,1,0,1
156,2639,1,0,1
156,2554,1,1,0
156,1157,2,2,0
156,2296,3,3,0
156,1062,1,0,0
156,1357,1,0,0
156,2308,1,1,0
156,2946,1,1,0
156,2935,3,1,1
156,692,3,2,0
156,515,1,0,0
156,99,1,0,1
156,717,1,0,1
156,734,1,0,0
156,494,1,0,0
156,2360,1,1,0
156,1341,3,2,0
156,432,1,0,1
157,137,4,3,1
157,320,4,0,3
157,159,3,2,1
157,107,3,2,1
157,76,2,1,0
157,246,2,2,0
157,30,1,1,0
157,299,1,1,0
157,207,2,2,0
157,635,2,1,1
157,157,27,20,4
157,415,3,0,1
157,667,1,0,0
157,674,2,1,0
157,1,1,1,0
157,81,2,1,1
157,87,3,2,1
157,238,3,2,0
157,310,2,2,0
157,339,2,2,0
157,360,1,1,0
157,169,3,2,1
157,12,1,1,0
157,59,2,1,1
157,56,3,2,1
157,37,1,1,0
157,106,2,1,0
157,374,2,2,0
157,296,6,3,3
157,324,1,0,1
157,755,2,1,1
157,311,2,2,0
157,414,1,0,1
157,168,2,2,0
157,700,1,0,0
157,542,5,2,1
157,319,1,1,0
157,23,3,2,1
157,26,1,0,1
157,208,1,0,1
157,80,1,0,1
157,77,2,0,1
157,167,1,1,0
157,53,6,0,4
157,149,2,1,1
157,78,1,1,0
157,40,2,2,0
157,240,2,1,1
157,109,1,0,1
157,294,2,2,0
157,259,2,2,0
157,22,2,2,0
157,317,5,3,1
157,340,2,2,0
157,419,2,1,0
157,197,2,1,1
157,199,3,0,1
157,121,3,1,0
157,82,1,0,0
157,8,2,1,0
157,122,2,2,0
157,429,1,1,0
157,652,1,1,0
157,61,1,0,1
157,358,1,0,1
157,301,2,1,0
157,33,2,2,0
157,88,4,3,1
157,58,1,0,0
157,297,1,1,0
157,170,3,2,1
157,850,4,3,0
157,353,1,0,0
157,101,1,1,0
157,103,2,2,0
157,198,3,2,1
157,9,1,1,0
157,123,1,1,0
157,51,2,1,1
157,281,1,1,0
157,143,2,2,0
157,347,1,1,0
157,362,1,1,0
157,84,1,1,0
157,147,2,1,0
157,772,3,2,0
157,31,2,2,0
157,184,1,1,0
157,105,1,1,0
157,234,1,1,0
157,492,1,0,0
157,115,8,8,0
157,25,1,0,1
157,523,1,0,1
157,692,1,0,0
157,304,1,1,0
157,278,2,2,0
157,379,1,1,0
157,295,1,1,0
157,541,1,1,0
157,18,2,0,1
157,280,1,0,1
157,707,3,1,1
157,36,1,0,0
157,60,2,1,1
157,171,1,0,1
157,32,1,0,0
157,156,2,1,1
157,770,1,0,1
157,148,1,1,0
157,381,1,0,1
157,34,1,0,1
157,215,1,1,0
157,21,1,0,1
157,277,2,2,0
157,534,1,1,0
157,2861,1,1,0
157,57,2,0,1
157,695,1,1,0
157,16,2,2,0
157,395,1,1,0
157,327,1,0,1
157,734,1,1,0
157,256,1,1,0
157,333,1,1,0
157,273,1,1,0
157,685,1,0,1
158,75,4,3,1
158,28,12,8,4
158,196,7,0,3
158,7,10,4,6
158,278,3,1,1
158,319,8,6,2
158,82,14,8,3
158,61,2,2,0
158,358,13,6,4
158,413,12,4,2
158,25,12,8,3
158,216,20,8,6
158,272,7,2,3
158,0,12,6,5
158,40,8,3,4
158,148,22,13,8
158,145,10,4,5
158,200,28,19,8
158,402,36,21,7
158,143,6,3,2
158,467,29,17,4
158,347,6,5,0
158,471,20,11,6
158,230,8,2,4
158,445,3,1,1
158,461,13,6,5
158,511,11,6,2
158,361,7,4,1
158,499,1,0,0
158,321,9,4,3
158,414,2,1,0
158,372,2,1,0
158,168,2,2,0
158,496,1,0,0
158,314,1,0,0
158,624,2,2,0
158,34,4,0,2
158,105,25,10,6
158,238,14,7,7
158,159,20,13,6
158,534,6,5,1
158,339,7,4,0
158,277,8,6,1
158,419,4,4,0
158,59,2,1,1
158,121,1,1,0
158,146,3,0,1
158,215,10,4,3
158,494,16,7,4
158,336,8,5,3
158,158,162,84,52
158,294,9,6,2
158,139,15,5,7
158,207,3,0,3
158,755,1,0,0
158,222,11,7,4
158,619,11,5,4
158,713,2,1,1
158,397,2,0,1
158,661,3,1,2
158,579,4,1,2
158,674,5,2,1
158,684,1,0,1
158,104,29,11,12
158,74,10,3,6
158,197,8,2,4
158,431,13,7,4
158,340,4,1,2
158,334,12,5,4
158,21,7,3,3
158,76,3,2,1
158,327,13,7,4
158,659,6,3,1
158,218,3,2,1
158,137,8,5,3
158,281,2,2,0
158,167,4,2,2
158,83,1,0,1
158,57,4,3,0
158,432,19,10,4
158,256,8,5,2
158,1113,1,0,1
158,426,18,9,8
158,109,16,10,3
158,39,10,3,2
158,184,1,0,1
158,542,5,2,2
158,470,1,1,0
158,258,3,2,1
158,621,4,2,1
158,663,4,0,2
158,518,3,1,2
158,359,7,6,1
158,362,12,3,2
158,862,1,1,0
158,1133,1,1,0
158,1031,1,1,0
158,640,2,0,1
158,1032,1,1,0
158,1179,1,0,0
158,310,4,1,2
158,512,4,1,1
158,179,5,3,0
158,349,5,4,1
158,273,5,3,1
158,115,4,1,2
158,101,12,6,6
158,103,7,4,3
158,55,6,5,1
158,282,4,2,0
158,706,4,3,1
158,32,6,4,1
158,81,9,4,2
158,304,5,2,1
158,144,6,2,2
158,107,6,3,3
158,175,8,6,0
158,169,1,1,0
158,77,17,10,6
158,523,5,1,3
158,240,3,1,1
158,638,7,3,2
158,554,5,2,1
158,297,10,4,6
158,312,5,2,1
158,429,5,1,0
158,608,10,3,3
158,296,5,3,1
158,259,3,1,1
158,299,5,4,1
158,508,3,1,2
158,98,3,1,0
158,584,4,3,0
158,415,8,6,2
158,1147,1,0,0
158,24,6,5,1
158,208,26,18,7
158,300,18,14,4
158,318,6,2,3
158,156,3,2,0
158,52,4,4,0
158,16,1,1,0
158,97,2,1,1
158,699,1,1,0
158,80,1,0,0
158,667,1,0,1
158,198,3,1,0
158,1,1,1,0
158,19,8,5,1
158,31,5,3,1
158,439,6,5,0
158,541,2,2,0
158,1236,1,1,0
158,320,2,0,1
158,234,2,0,2
158,492,1,0,0
158,122,7,4,2
158,246,7,2,2
158,374,7,0,4
158,396,1,1,0
158,170,15,7,4
158,1135,1,1,0
158,652,1,1,0
158,51,4,3,0
158,84,9,7,2
158,58,2,0,0
158,106,3,0,1
158,380,3,1,1
158,1091,1,0,0
158,93,2,1,0
158,317,4,1,3
158,379,11,4,6
158,430,6,2,3
158,399,6,1,3
158,199,2,2,0
158,673,1,1,0
158,408,10,6,2
158,333,1,1,0
158,23,1,1,0
158,779,1,0,1
158,56,3,2,1
158,741,3,1,0
158,301,9,4,2
158,781,1,0,1
158,816,2,2,0
158,1272,2,0,2
158,293,2,0,1
158,1127,1,1,0
158,1267,1,1,0
158,2171,1,0,0
158,30,19,12,6
158,9,7,4,3
158,695,3,0,2
158,930,2,2,0
158,854,2,1,1
158,925,1,1,0
158,609,2,1,1
158,716,1,1,0
158,1109,1,1,0
158,498,5,3,0
158,176,7,4,2
158,87,6,2,4
158,123,5,2,1
158,36,1,0,0
158,279,2,1,1
158,18,2,1,1
158,8,3,1,2
158,395,1,0,1
158,476,1,1,0
158,17,1,0,1
158,360,3,2,1
158,1276,1,1,0
158,295,1,0,1
158,2534,2,1,0
158,675,1,1,0
158,53,3,1,1
158,85,1,1,0
158,1088,1,0,1
158,60,3,2,1
158,171,1,0,1
158,363,3,2,1
158,341,1,1,0
158,248,1,1,0
158,26,1,1,0
158,147,1,1,0
158,707,3,3,0
158,837,1,1,0
158,280,1,0,0
158,86,1,0,1
158,2639,1,0,0
158,1062,1,1,0
158,88,2,1,1
158,20,2,2,0
158,688,1,0,1
158,692,1,0,0
158,770,1,0,1
158,831,3,1,2
158,918,3,2,1
158,700,1,0,1
158,513,1,1,0
158,149,2,0,0
158,717,1,1,0
158,1102,1,1,0
158,637,1,0,0
158,685,1,0,1
158,635,1,0,1
159,23,5,0,3
159,28,20,10,6
159,196,27,10,11
159,7,15,8,4
159,104,22,7,7
159,238,38,23,6
159,137,17,6,4
159,300,37,18,11
159,82,37,21,8
159,358,26,16,8
159,379,76,38,30
159,282,12,5,3
159,121,8,3,2
159,19,11,8,3
159,498,24,11,5
159,341,4,4,0
159,512,4,2,1
159,399,16,8,3
159,171,19,6,6
159,246,13,7,1
159,200,18,7,5
159,318,9,6,3
159,31,10,5,4
159,349,14,5,4
159,429,4,3,1
159,39,12,7,4
159,279,15,5,6
159,584,10,6,2
159,230,10,3,3
159,410,2,1,0
159,260,4,3,0
159,361,12,7,3
159,414,7,6,0
159,372,1,1,0
159,168,5,0,2
159,667,4,2,1
159,674,4,2,1
159,462,3,1,1
159,101,28,12,10
159,123,4,4,0
159,14,1,0,1
159,105,43,24,11
159,159,382,188,129
159,278,4,1,3
159,339,8,5,1
159,277,21,13,4
159,103,34,18,10
159,430,72,41,18
159,83,3,2,0
159,149,18,10,5
159,494,8,2,5
159,523,11,4,4
159,426,22,11,5
159,207,9,5,4
159,109,14,6,7
159,534,13,10,2
159,467,5,4,0
159,471,17,10,2
159,296,8,5,2
159,170,43,24,17
159,259,11,4,3
159,139,4,2,2
159,621,11,5,3
159,157,2,0,2
159,940,3,3,0
159,692,4,4,0
159,86,1,1,0
159,321,7,3,0
159,198,4,3,1
159,397,6,4,0
159,659,22,9,8
159,32,10,8,2
159,837,2,0,1
159,684,5,2,2
159,906,1,0,1
159,996,1,0,0
159,13,6,5,1
159,24,13,3,9
159,84,18,13,2
159,413,10,2,7
159,197,22,11,3
159,58,6,2,1
159,145,13,7,3
159,158,18,12,4
159,30,60,32,18
159,25,15,4,2
159,176,17,8,4
159,359,7,3,0
159,179,10,3,2
159,21,13,8,3
159,88,7,2,2
159,215,12,5,4
159,336,12,9,2
159,327,9,0,7
159,301,13,4,5
159,294,39,22,15
159,295,7,4,3
159,579,3,1,2
159,218,12,8,3
159,175,15,5,6
159,77,27,16,10
159,55,12,6,5
159,93,8,3,3
159,216,32,14,13
159,272,4,2,1
159,1113,1,0,1
159,396,5,4,0
159,0,25,15,4
159,240,7,1,4
159,408,11,6,3
159,106,25,14,7
159,501,1,1,0
159,85,6,4,1
159,314,4,1,3
159,470,14,11,3
159,933,2,2,0
159,273,4,0,2
159,663,5,0,3
159,700,1,1,0
159,496,1,1,0
159,362,9,5,2
159,1135,1,0,1
159,1133,1,1,0
159,1091,2,2,0
159,1102,1,0,0
159,1062,1,1,0
159,1,8,7,1
159,17,8,4,1
159,16,4,2,1
159,80,1,1,0
159,167,7,2,0
159,432,25,13,4
159,75,7,3,1
159,148,10,4,5
159,513,10,3,3
159,297,4,2,1
159,374,9,2,5
159,324,1,1,0
159,542,9,4,4
159,419,5,2,0
159,146,11,5,3
159,81,10,6,2
159,87,32,15,12
159,199,11,5,3
159,99,3,1,2
159,74,14,8,4
159,107,11,3,4
159,36,5,3,1
159,56,20,7,9
159,256,16,9,6
159,40,6,3,0
159,554,3,1,1
159,143,7,3,3
159,734,4,2,1
159,685,7,3,3
159,1276,5,2,1
159,304,5,1,4
159,144,36,24,10
159,312,8,4,3
159,439,19,8,11
159,222,9,5,3
159,380,8,3,4
159,320,4,2,1
159,281,5,4,1
159,33,5,3,1
159,333,4,2,0
159,57,8,5,2
159,431,4,2,0
159,334,12,6,4
159,299,3,0,1
159,115,4,4,0
159,854,2,1,0
159,1109,1,1,0
159,60,11,4,5
159,22,5,2,2
159,638,1,1,0
159,560,7,3,2
159,402,19,15,2
159,118,2,0,2
159,675,2,1,1
159,208,12,7,3
159,9,16,12,2
159,695,5,1,1
159,511,2,0,0
159,580,1,1,0
159,1423,2,1,0
159,98,1,0,0
159,147,8,3,2
159,461,3,1,1
159,499,2,2,0
159,678,4,1,1
159,395,3,1,0
159,122,3,2,0
159,347,12,8,3
159,541,2,1,0
159,492,1,0,1
159,169,2,2,0
159,234,5,2,2
159,619,12,8,3
159,258,5,1,2
159,637,3,2,1
159,1021,1,1,0
159,181,1,1,0
159,76,3,1,1
159,652,2,2,0
159,1811,1,0,0
159,831,3,2,1
159,360,4,3,1
159,51,5,3,2
159,8,2,1,0
159,156,3,0,2
159,445,2,1,0
159,483,2,0,1
159,508,1,0,0
159,311,1,1,0
159,310,11,2,6
159,52,6,0,0
159,707,1,1,0
159,1272,4,1,2
159,688,6,2,2
159,930,1,1,0
159,1362,1,1,0
159,415,12,5,5
159,772,2,1,1
159,816,6,3,1
159,699,3,1,1
159,770,3,3,0
159,78,2,0,2
159,280,4,2,1
159,706,1,0,0
159,781,1,0,1
159,381,7,2,3
159,925,1,0,0
159,836,1,1,0
159,59,4,3,1
159,609,5,4,1
159,248,1,0,0
159,18,4,2,2
159,661,4,3,1
159,2,3,3,0
159,918,2,1,1
159,2534,1,0,1
159,608,2,0,1
159,390,3,0,2
159,625,1,1,0
159,319,1,1,0
159,890,1,1,0
159,37,2,2,0
159,61,1,1,0
159,1127,1,1,0
159,741,1,1,0
159,184,1,0,1
159,673,2,1,1
159,878,3,3,0
159,317,3,1,1
159,864,1,0,1
159,2526,1,1,0
159,515,1,1,0
159,2956,1,1,0
159,771,1,1,0
159,777,1,0,1
159,815,1,1,0
159,363,1,0,1
159,1413,1,1,0
159,3132,1,0,0
159,2089,1,0,1
159,293,1,0,0
159,581,1,0,1
159,717,2,1,1
159,53,1,1,0
160,23,6,4,1
160,15,7,5,2
160,26,2,1,0
160,77,4,4,0
160,57,4,1,3
160,256,2,1,1
160,16,4,3,1
160,37,2,2,0
160,147,6,5,1
160,318,2,1,1
160,39,2,2,0
160,143,2,1,1
160,667,3,3,0
160,314,2,2,0
160,2,5,4,1
160,51,4,4,0
160,137,2,1,1
160,918,1,1,0
160,248,1,0,0
160,339,1,1,0
160,60,1,1,0
160,713,1,1,0
160,87,2,0,1
160,81,3,3,0
160,379,2,1,1
160,101,3,2,1
160,24,3,2,1
160,36,5,2,2
160,560,1,0,0
160,184,1,1,0
160,296,1,1,0
160,20,2,2,0
160,157,3,3,0
160,1147,1,0,0
160,33,3,3,0
160,58,3,3,0
160,706,4,3,1
160,854,2,1,1
160,1,1,1,0
160,104,2,2,0
160,61,4,4,0
160,168,2,1,1
160,78,1,0,1
160,106,3,2,0
160,12,7,3,2
160,324,1,0,1
160,28,1,0,1
160,310,2,1,1
160,483,1,0,1
160,175,1,1,0
160,11,2,2,0
160,492,1,1,0
160,359,1,1,0
160,277,1,1,0
160,84,3,1,2
160,281,2,1,1
160,55,5,3,1
160,7,1,1,0
160,18,2,1,1
160,80,2,2,0
160,8,4,2,1
160,98,1,1,0
160,88,2,1,0
160,333,1,1,0
160,75,1,1,0
160,76,1,1,0
160,17,2,2,0
160,86,1,1,0
160,340,1,1,0
160,772,1,0,1
160,816,1,1,0
160,32,1,1,0
160,770,1,0,1
160,363,1,1,0
160,53,8,7,1
160,156,5,3,2
160,56,2,1,1
160,145,1,1,0
160,280,1,1,0
160,59,1,1,0
160,21,3,3,0
160,200,1,1,0
160,13,1,1,0
160,779,1,1,0
160,199,2,1,1
160,207,2,2,0
160,216,1,1,0
160,85,1,1,0
160,118,2,0,1
160,523,1,1,0
160,1021,1,0,0
160,399,2,2,0
160,234,1,0,1
160,34,2,1,1
160,25,2,1,1
160,218,1,1,0
160,159,5,2,0
160,105,1,1,0
160,1251,1,1,0
160,19,1,0,1
160,31,1,0,1
160,279,1,1,0
160,181,1,1,0
160,2861,2,1,1
160,240,1,1,0
160,170,1,0,0
160,609,2,2,0
160,646,1,0,0
160,74,1,0,0
160,301,1,1,0
160,169,1,1,0
161,23,1,1,0
161,74,1,1,0
161,36,1,1,0
161,93,1,0,0
161,76,1,1,0
161,57,1,1,0
161,324,1,1,0
161,51,1,0,1
161,646,1,1,0
162,37,4,3,0
162,123,2,2,0
162,301,1,1,0
162,259,1,1,0
162,258,1,1,0
162,499,1,1,0
162,51,3,2,1
162,218,2,1,1
162,19,2,2,0
162,341,1,1,0
162,25,3,3,0
162,470,1,1,0
162,77,2,1,1
162,105,2,1,1
162,83,1,1,0
162,215,1,1,0
162,513,1,0,1
162,18,2,1,0
162,402,1,0,0
162,293,1,1,0
162,1,2,2,0
162,13,2,2,0
162,26,1,1,0
162,24,2,1,1
162,57,1,1,0
162,238,2,2,0
162,84,1,1,0
162,9,3,2,1
162,80,1,1,0
162,358,2,1,1
162,169,2,2,0
162,103,1,1,0
162,167,1,1,0
162,78,1,1,0
162,75,1,1,0
162,184,2,1,1
162,240,1,1,0
162,106,1,1,0
162,294,1,1,0
162,207,1,0,1
162,635,1,1,0
162,353,1,1,0
162,76,1,1,0
162,101,2,2,0
162,40,1,1,0
162,59,1,1,0
162,107,1,0,0
162,60,2,1,1
162,58,2,2,0
162,31,1,1,0
162,33,1,1,0
162,17,1,1,0
162,36,1,1,0
162,12,2,2,0
162,692,3,2,1
162,97,1,1,0
162,673,1,1,0
162,168,1,1,0
162,88,1,1,0
162,8,1,1,0
162,56,1,0,0
162,2861,1,1,0
162,121,1,1,0
162,653,1,0,1
163,76,2,2,0
163,1,2,2,0
163,123,2,1,1
163,218,1,1,0
163,278,1,0,1
163,57,2,2,0
163,429,1,1,0
163,33,1,1,0
163,75,2,1,1
163,318,2,2,0
163,772,1,1,0
163,88,2,1,1
163,40,1,1,0
163,106,1,1,0
163,23,3,3,0
163,137,1,1,0
163,144,1,0,1
163,430,1,1,0
163,294,1,1,0
163,579,1,1,0
163,359,1,1,0
163,61,2,2,0
163,2,1,1,0
163,60,1,1,0
163,692,1,1,0
163,11,1,1,0
163,58,1,1,0
163,426,1,1,0
163,13,1,1,0
163,87,1,1,0
163,199,2,2,0
163,148,1,1,0
163,56,1,1,0
163,105,1,0,1
163,51,1,1,0
163,74,1,1,0
163,8,2,2,0
163,53,3,2,1
163,26,1,1,0
163,12,2,2,0
163,103,1,0,0
163,258,1,1,0
163,15,1,0,1
163,101,1,1,0
163,646,2,2,0
163,200,1,0,1
163,311,1,1,0
163,86,1,1,0
163,340,1,0,1
163,2945,1,1,0
163,59,2,1,1
163,16,1,0,1
163,115,1,1,0
163,609,2,1,0
163,779,1,1,0
163,36,1,1,0
164,23,1,1,0
164,26,1,0,1
164,175,1,0,1
164,379,2,2,0
164,149,1,1,0
164,25,2,1,0
164,321,1,1,0
164,199,1,1,0
164,59,1,1,0
164,246,1,1,0
164,101,1,1,0
164,467,1,1,0
164,53,1,1,0
164,21,1,0,0
164,31,1,1,0
164,12,2,1,1
164,28,1,0,1
165,23,1,0,1
165,299,1,1,0
165,7,1,1,0
165,8,1,1,0
166,23,1,1,0
167,24,4,3,1
167,137,5,2,2
167,413,1,1,0
167,494,2,2,0
167,408,3,1,1
167,429,20,3,14
167,299,1,0,0
167,410,1,1,0
167,496,1,0,1
167,87,6,4,2
167,167,39,8,23
167,334,3,1,2
167,139,1,1,0
167,13,1,1,0
167,34,1,0,1
167,419,5,4,0
167,216,1,1,0
167,121,4,2,2
167,58,1,1,0
167,146,4,2,1
167,374,3,2,0
167,399,5,3,1
167,426,3,2,0
167,171,5,1,4
167,327,3,3,0
167,554,4,1,1
167,222,3,1,1
167,39,5,1,1
167,470,1,1,0
167,1108,1,1,0
167,1031,1,0,1
167,158,6,2,3
167,294,6,3,3
167,431,2,2,0
167,23,1,0,1
167,105,2,0,1
167,300,2,1,1
167,492,2,1,0
167,179,3,1,1
167,471,1,1,0
167,445,1,0,1
167,176,1,1,0
167,278,2,0,0
167,430,6,3,2
167,52,1,0,1
167,230,2,1,0
167,258,2,1,1
167,272,2,1,0
167,312,4,0,2
167,311,1,0,0
167,321,6,2,2
167,518,1,1,0
167,675,2,2,0
167,707,5,2,1
167,56,1,0,1
167,513,2,2,0
167,143,4,4,0
167,157,1,1,0
167,415,4,2,1
167,197,1,1,0
167,339,2,1,0
167,358,1,1,0
167,1236,1,1,0
167,310,4,2,2
167,282,1,0,0
167,512,2,0,1
167,301,2,0,1
167,279,5,3,0
167,912,1,0,0
167,215,2,2,0
167,109,2,2,0
167,347,3,3,0
167,7,1,0,1
167,93,1,1,0
167,432,1,0,1
167,78,1,1,0
167,148,6,3,1
167,362,2,1,0
167,101,1,0,1
167,333,1,0,0
167,685,1,1,0
167,0,1,1,0
167,511,1,1,0
167,461,1,0,0
167,238,2,1,0
167,379,2,1,1
167,168,1,1,0
167,74,3,1,2
167,256,2,1,0
167,619,2,1,0
167,666,1,0,0
167,376,1,0,1
167,248,1,0,0
167,84,6,2,4
167,147,4,2,2
167,1203,2,2,0
167,82,3,2,0
167,57,3,2,1
167,170,3,1,0
167,661,1,1,0
167,196,1,0,0
167,77,2,1,1
167,21,2,0,2
167,19,3,3,0
167,106,1,1,0
167,584,1,0,1
167,864,1,0,1
167,1276,1,1,0
167,542,3,0,2
167,18,1,0,0
167,259,1,1,0
167,381,1,1,0
167,854,1,0,1
167,36,2,0,2
167,156,1,0,1
167,75,1,1,0
167,608,1,1,0
167,380,1,0,1
167,55,3,0,1
167,207,1,1,0
167,199,1,0,0
167,659,3,2,0
167,208,2,1,1
167,159,1,1,0
167,80,1,1,0
167,200,6,2,2
167,508,4,2,2
167,123,1,1,0
167,9,1,0,1
167,149,1,1,0
167,234,2,1,1
167,684,1,0,1
167,1298,2,0,1
167,277,1,0,1
167,103,1,1,0
167,654,1,1,0
167,319,2,1,1
167,17,1,0,1
167,318,1,0,1
167,878,1,0,0
167,390,1,0,1
167,25,3,1,2
167,145,2,0,2
167,734,1,0,1
167,2639,1,1,0
167,770,1,0,1
167,61,1,0,1
167,695,1,0,1
167,81,2,2,0
167,667,1,0,1
167,246,1,0,0
168,310,12,6,4
168,93,3,2,0
168,246,2,0,1
168,347,1,1,0
168,912,2,1,1
168,168,38,14,20
168,998,1,0,1
168,207,15,6,6
168,199,2,1,1
168,85,3,0,2
168,294,4,0,4
168,314,4,1,2
168,1088,3,0,3
168,18,5,4,1
168,84,5,1,4
168,8,8,2,5
168,149,2,0,1
168,145,2,0,2
168,9,4,2,1
168,53,4,0,3
168,176,2,1,1
168,81,4,3,1
168,146,1,0,1
168,542,1,1,0
168,74,2,2,0
168,277,6,4,2
168,358,1,0,1
168,103,1,1,0
168,77,7,1,4
168,88,2,0,2
168,83,2,1,1
168,16,3,3,0
168,399,3,2,1
168,673,3,1,2
168,87,5,3,0
168,156,4,3,1
168,297,1,0,0
168,19,3,2,1
168,179,2,0,0
168,28,3,1,1
168,376,1,0,1
168,76,2,1,0
168,445,16,7,9
168,137,4,0,4
168,121,1,0,1
168,1,3,2,0
168,196,3,2,0
168,408,2,0,1
168,17,4,2,2
168,197,5,2,2
168,57,1,1,0
168,56,4,3,1
168,706,4,1,2
168,816,3,2,0
168,293,2,1,1
168,770,2,0,2
168,2,1,0,1
168,12,3,0,2
168,215,4,3,0
168,52,7,3,3
168,158,1,1,0
168,258,1,0,1
168,104,4,2,0
168,105,2,1,1
168,300,4,0,3
168,222,3,0,2
168,39,1,1,0
168,380,1,0,0
168,238,4,2,1
168,301,2,1,0
168,31,2,2,0
168,609,1,1,0
168,779,2,1,1
168,170,5,3,2
168,11,1,0,1
168,25,2,0,2
168,381,1,1,0
168,692,6,2,3
168,1267,1,0,1
168,26,4,3,1
168,147,4,3,1
168,24,2,1,1
168,33,1,0,0
168,23,4,3,1
168,101,3,1,2
168,123,2,1,1
168,208,1,1,0
168,80,1,1,0
168,175,3,0,1
168,379,3,2,0
168,518,1,1,0
168,60,3,2,1
168,492,3,0,1
168,240,1,1,0
168,513,3,1,2
168,471,2,0,0
168,439,1,1,0
168,299,3,1,2
168,659,3,1,1
168,32,1,0,1
168,1276,1,1,0
168,675,1,1,0
168,260,1,0,0
168,59,2,1,1
168,106,1,0,0
168,678,1,0,1
168,107,1,1,0
168,256,3,2,1
168,55,3,2,1
168,21,4,2,2
168,167,1,1,0
168,430,3,2,0
168,234,2,1,1
168,75,3,1,2
168,523,2,2,0
168,336,3,2,1
168,327,1,0,0
168,638,1,1,0
168,501,2,1,0
168,467,3,1,1
168,334,1,1,0
168,115,1,1,0
168,666,1,1,0
168,483,3,1,2
168,340,3,2,0
168,360,1,0,1
168,216,1,0,0
168,318,1,0,1
168,312,1,0,0
168,429,1,0,1
168,279,3,0,3
168,139,1,1,0
168,278,1,1,0
168,534,2,0,2
168,198,1,0,1
168,503,1,1,0
168,311,1,0,1
168,415,1,0,1
168,51,1,0,1
168,159,1,0,0
168,61,2,2,0
168,282,1,0,1
168,646,5,2,3
168,741,1,1,0
168,396,1,1,0
168,878,1,1,0
168,831,1,1,0
168,339,1,0,0
168,0,1,1,0
168,7,1,0,1
168,272,1,1,0
168,143,1,0,1
168,13,1,0,1
168,781,1,1,0
168,362,1,1,0
168,2526,1,0,0
168,901,1,0,1
168,259,2,1,1
168,685,1,0,1
168,231,1,0,1
168,700,1,1,0
168,2554,2,0,1
168,695,1,1,0
168,171,1,0,1
168,925,1,1,0
168,34,1,0,1
168,280,1,1,0
168,386,1,1,0
169,28,5,3,2
169,7,2,1,0
169,238,4,3,1
169,137,8,4,2
169,208,4,3,1
169,144,12,5,3
169,358,3,2,1
169,169,29,20,6
169,56,2,1,1
169,492,3,2,0
169,512,2,1,0
169,240,1,0,0
169,327,2,1,1
169,246,3,2,0
169,143,2,2,0
169,324,3,3,0
169,415,2,2,0
169,32,4,3,1
169,653,1,1,0
169,340,2,1,0
169,196,3,3,0
169,76,9,5,3
169,157,1,1,0
169,300,6,6,0
169,652,1,1,0
169,207,4,4,0
169,216,1,1,0
169,638,2,0,1
169,51,3,3,0
169,26,3,3,0
169,159,4,2,1
169,470,1,1,0
169,9,4,3,1
169,379,5,5,0
169,272,2,1,0
169,432,3,2,0
169,149,2,1,0
169,40,3,0,1
169,147,5,3,2
169,31,2,2,0
169,361,1,1,0
169,462,1,1,0
169,121,4,2,0
169,399,5,1,2
169,30,3,1,1
169,311,9,4,4
169,661,1,1,0
169,93,2,1,0
169,60,3,1,1
169,19,4,3,1
169,467,1,0,0
169,483,2,0,1
169,23,5,3,2
169,277,2,0,0
169,175,2,1,1
169,55,5,3,1
169,197,3,2,0
169,52,2,1,0
169,171,1,1,0
169,408,5,4,1
169,301,1,1,0
169,410,3,2,0
169,461,1,1,0
169,659,2,1,1
169,675,1,1,0
169,678,5,5,0
169,80,2,2,0
169,77,3,3,0
169,0,1,0,1
169,2,1,1,0
169,413,4,1,0
169,296,2,2,0
169,273,1,1,0
169,314,1,0,0
169,123,1,1,0
169,430,4,3,0
169,88,2,2,0
169,256,1,1,0
169,318,2,2,0
169,402,2,2,0
169,624,3,2,1
169,87,4,1,1
169,82,5,3,1
169,419,1,1,0
169,471,1,0,1
169,621,1,1,0
169,359,1,0,0
169,341,4,3,0
169,1,1,0,1
169,101,4,1,0
169,24,4,3,1
169,105,2,1,0
169,426,2,1,1
169,333,1,0,0
169,58,2,0,0
169,234,1,1,0
169,16,2,2,0
169,200,1,0,1
169,598,1,1,0
169,347,2,2,0
169,25,2,1,1
169,139,1,0,0
169,667,2,1,1
169,542,1,1,0
169,104,1,0,1
169,98,7,3,1
169,57,1,1,0
169,396,4,0,1
169,663,1,0,1
169,181,1,0,0
169,14,1,1,0
169,295,1,1,0
169,74,3,2,1
169,281,4,2,1
169,167,2,0,1
169,215,3,1,0
169,336,2,2,0
169,122,2,2,0
169,158,1,0,0
169,294,1,1,0
169,431,3,2,0
169,584,2,2,0
169,1362,2,1,1
169,499,1,1,0
169,1236,1,0,0
169,304,1,1,0
169,713,1,0,0
169,198,1,0,1
169,17,1,1,0
169,156,2,1,1
169,106,1,0,0
169,170,2,1,0
169,376,3,1,0
169,39,1,1,0
169,146,2,0,2
169,148,1,1,0
169,439,1,1,0
169,81,2,1,1
169,36,1,0,1
169,1195,1,1,0
169,145,1,1,0
169,608,1,0,0
169,390,1,0,0
169,579,1,0,0
169,395,2,2,0
169,33,1,1,0
169,1203,1,1,0
169,84,7,3,3
169,21,2,1,1
169,97,1,1,0
169,184,1,1,0
169,321,1,0,1
169,107,1,0,1
169,513,1,0,1
169,498,1,0,1
169,179,1,1,0
169,772,1,0,1
169,18,1,0,0
169,248,1,1,0
169,199,2,1,0
169,218,1,1,0
169,8,1,1,0
169,115,1,0,1
169,815,1,1,0
169,53,1,0,0
170,28,11,7,3
170,218,3,2,0
170,137,6,5,1
170,300,21,8,12
170,74,9,6,3
170,146,3,2,0
170,234,2,2,0
170,426,11,5,3
170,240,5,2,1
170,336,52,22,27
170,554,2,2,0
170,408,12,6,5
170,31,10,5,5
170,279,5,4,0
170,471,7,5,0
170,25,6,4,1
170,445,4,1,2
170,259,2,2,0
170,139,5,1,2
170,299,10,4,3
170,508,4,2,0
170,32,4,2,2
170,674,2,1,1
170,653,1,0,0
170,101,7,4,2
170,105,14,13,1
170,208,10,6,3
170,144,16,8,5
170,175,5,2,2
170,358,12,9,2
170,692,2,1,1
170,430,11,9,2
170,76,1,1,0
170,498,2,1,0
170,396,2,0,1
170,37,1,0,1
170,0,15,12,3
170,638,4,2,1
170,890,1,1,0
170,39,5,3,1
170,584,3,1,0
170,170,413,180,169
170,311,1,0,1
170,415,6,3,2
170,380,2,1,0
170,700,3,1,2
170,998,2,1,1
170,277,9,5,1
170,413,14,5,4
170,321,4,2,1
170,333,1,0,1
170,216,11,4,4
170,179,2,1,1
170,579,1,0,0
170,84,10,6,2
170,310,1,0,1
170,159,25,12,7
170,359,7,5,2
170,197,7,4,3
170,215,13,2,9
170,494,10,5,3
170,122,5,2,2
170,158,5,4,0
170,30,20,13,7
170,402,11,10,1
170,467,5,1,2
170,334,6,1,4
170,912,6,1,3
170,390,2,0,1
170,862,3,1,1
170,1102,1,1,0
170,1127,3,2,1
170,1090,1,1,0
170,1171,1,1,0
170,104,7,3,1
170,148,7,5,0
170,349,5,3,0
170,103,6,3,3
170,18,1,0,1
170,278,2,1,1
170,282,4,1,2
170,695,2,1,1
170,512,4,0,4
170,399,24,15,9
170,199,4,1,2
170,513,3,2,1
170,230,11,5,2
170,734,4,4,0
170,854,4,0,2
170,238,8,3,3
170,169,2,1,0
170,432,12,6,5
170,523,6,4,1
170,246,5,1,0
170,297,1,1,0
170,347,9,7,1
170,222,6,3,2
170,619,5,3,2
170,87,9,4,5
170,36,2,1,1
170,93,2,2,0
170,621,2,1,0
170,499,1,1,0
170,772,1,1,0
170,419,4,1,0
170,56,9,6,3
170,106,1,0,1
170,55,5,2,2
170,492,2,2,0
170,1718,1,1,0
170,7,6,3,3
170,77,9,6,1
170,272,3,2,0
170,145,4,3,1
170,26,1,1,0
170,304,1,1,0
170,339,5,4,0
170,121,4,1,1
170,580,1,1,0
170,534,5,1,4
170,439,3,0,1
170,324,1,0,0
170,1236,1,1,0
170,429,7,3,3
170,320,2,0,2
170,107,2,2,0
170,143,3,1,2
170,431,4,2,1
170,608,3,1,1
170,659,9,5,1
170,663,2,0,1
170,24,5,3,0
170,19,5,5,0
170,327,12,6,4
170,200,10,8,2
170,470,1,1,0
170,667,1,1,0
170,624,1,1,0
170,395,1,0,0
170,878,1,1,0
170,53,2,2,0
170,258,2,1,0
170,461,3,1,1
170,296,2,1,0
170,374,3,1,0
170,171,12,6,6
170,196,1,0,0
170,317,1,0,0
170,80,2,1,0
170,678,1,1,0
170,379,6,4,1
170,362,3,2,1
170,1147,1,1,0
170,360,2,1,1
170,361,5,3,0
170,256,4,2,1
170,16,2,1,0
170,1109,1,1,0
170,294,5,2,3
170,476,2,2,0
170,675,1,1,0
170,363,2,1,0
170,23,2,2,0
170,147,1,0,1
170,1276,3,2,1
170,82,7,3,1
170,81,8,6,2
170,273,1,1,0
170,542,2,1,1
170,51,2,2,0
170,706,2,1,0
170,381,7,5,2
170,75,1,1,0
170,816,2,2,0
170,1267,1,0,0
170,83,2,0,2
170,496,1,1,0
170,13,2,2,0
170,2534,1,0,1
170,598,1,0,1
170,115,2,1,0
170,109,4,2,2
170,673,5,0,2
170,318,2,0,1
170,207,1,1,0
170,1088,1,0,1
170,167,1,1,0
170,60,1,1,0
170,58,1,0,0
170,9,5,3,1
170,59,1,0,1
170,2656,4,2,2
170,707,3,2,1
170,22,1,0,1
170,312,1,1,0
170,609,1,0,0
170,149,1,0,0
170,716,2,1,1
170,21,1,1,0
170,88,5,3,2
170,156,1,1,0
170,646,1,0,1
170,1149,1,1,0
170,57,4,3,1
170,511,2,1,1
170,901,1,1,0
170,40,2,2,0
170,2089,2,0,1
170,2296,5,3,2
170,2945,1,0,0
170,61,1,1,0
170,831,1,1,0
170,699,1,0,0
170,301,3,1,2
170,1272,1,0,0
170,948,1,0,1
170,918,1,0,1
170,176,5,3,2
170,17,1,1,0
170,685,1,0,0
171,28,5,4,0
171,107,1,0,0
171,659,8,2,1
171,1,1,0,0
171,81,3,1,2
171,101,2,1,0
171,196,6,1,4
171,105,4,2,1
171,137,4,2,2
171,208,3,3,0
171,339,3,2,0
171,82,3,2,1
171,281,2,1,1
171,419,3,3,0
171,396,2,1,0
171,171,233,82,98
171,301,3,1,2
171,584,2,2,0
171,940,1,1,0
171,692,2,1,0
171,462,1,1,0
171,996,3,0,3
171,358,1,0,0
171,144,2,0,2
171,492,3,0,1
171,336,7,4,3
171,560,1,0,1
171,147,2,2,0
171,467,2,0,1
171,470,1,1,0
171,933,3,2,1
171,273,1,1,0
171,1088,1,0,1
171,17,4,1,0
171,7,2,0,2
171,238,6,2,2
171,379,5,1,2
171,55,3,2,1
171,197,4,2,2
171,30,3,2,1
171,230,2,1,0
171,918,6,0,6
171,170,6,2,3
171,685,1,0,1
171,159,11,5,3
171,139,1,1,0
171,24,2,2,0
171,16,1,0,0
171,176,1,0,1
171,293,1,1,0
171,59,1,0,0
171,431,1,1,0
171,0,18,4,10
171,279,1,1,0
171,439,1,1,0
171,216,13,0,10
171,240,1,0,0
171,1362,1,0,0
171,121,2,1,1
171,60,2,1,0
171,51,3,0,1
171,878,8,4,3
171,222,3,1,1
171,498,7,3,4
171,663,1,1,0
171,362,1,1,0
171,432,3,2,1
171,512,2,0,1
171,23,1,1,0
171,56,7,4,3
171,215,6,3,3
171,399,2,1,1
171,148,4,2,1
171,207,1,0,1
171,258,5,3,2
171,218,9,2,5
171,8,1,1,0
171,36,3,0,0
171,256,5,1,4
171,695,1,1,0
171,523,5,4,1
171,327,1,1,0
171,781,2,0,1
171,831,5,3,1
171,31,15,4,10
171,706,3,2,1
171,381,3,1,1
171,854,3,0,1
171,32,1,1,0
171,850,2,1,1
171,1109,2,1,1
171,104,1,1,0
171,77,4,2,2
171,402,1,1,0
171,13,1,1,0
171,53,3,2,0
171,554,2,0,2
171,1272,2,2,0
171,777,3,2,1
171,97,2,2,0
171,25,2,2,0
171,609,4,3,1
171,106,1,0,1
171,2537,1,1,0
171,734,4,0,3
171,619,5,0,2
171,310,2,0,2
171,360,2,1,0
171,33,2,0,2
171,156,2,1,0
171,39,1,1,0
171,143,2,1,1
171,816,5,3,2
171,347,3,1,1
171,461,1,0,0
171,792,2,2,0
171,1127,4,1,1
171,294,1,0,1
171,741,5,2,3
171,608,1,1,0
171,199,7,3,3
171,707,1,0,0
171,772,1,1,0
171,716,2,0,2
171,318,4,2,2
171,925,1,0,1
171,103,2,1,0
171,430,4,1,2
171,272,1,1,0
171,1718,1,0,1
171,300,1,0,1
171,277,1,0,1
171,234,3,0,3
171,40,2,0,0
171,390,1,0,0
171,638,1,0,1
171,109,2,1,1
171,534,1,0,1
171,349,2,0,2
171,86,1,0,1
171,661,1,0,1
171,319,1,0,1
171,2089,3,0,1
171,18,1,0,0
171,57,2,1,1
171,296,1,1,0
171,20,1,0,0
171,61,1,0,0
171,179,1,1,0
171,699,2,0,2
171,26,1,1,0
171,779,1,1,0
171,3132,1,1,0
171,200,1,0,1
171,930,1,1,0
171,408,1,1,0
172,28,1,1,0
172,175,1,1,0
172,197,2,1,1
172,216,2,2,0
172,199,1,1,0
172,470,4,4,0
172,84,2,2,0
172,494,1,1,0
172,75,2,1,1
172,22,1,0,1
172,653,1,1,0
172,381,1,0,1
172,707,1,0,1
172,13,1,1,0
172,87,2,2,0
172,156,1,1,0
172,11,1,1,0
172,31,1,0,0
172,431,1,1,0
172,259,1,1,0
172,397,1,1,0
172,179,1,1,0
172,23,1,1,0
172,461,1,1,0
172,9,1,0,1
172,137,2,2,0
172,61,1,1,0
172,12,1,1,0
172,101,1,1,0
172,341,1,0,0
172,299,1,0,0
172,52,1,0,1
172,260,1,0,0
172,18,1,0,1
172,2,1,1,0
172,17,1,0,0
172,300,1,1,0
172,2861,1,1,0
172,106,1,1,0
172,296,1,1,0
172,297,1,1,0
173,28,1,1,0
173,278,1,1,0
173,396,1,1,0
173,87,2,1,1
173,7,1,0,1
173,19,1,0,0
173,24,1,1,0
173,167,1,0,1
173,310,1,1,0
173,560,1,1,0
173,61,1,0,0
173,159,1,0,1
174,28,1,1,0
174,196,1,1,0
174,74,1,1,0
174,88,1,0,1
174,200,1,1,0
174,179,1,1,0
174,770,1,0,1
174,310,1,1,0
174,380,1,1,0
174,81,1,0,1
174,430,1,1,0
174,17,1,0,1
174,55,2,2,0
175,123,7,4,2
175,137,11,7,4
175,317,13,5,3
175,300,6,4,0
175,278,13,7,5
175,339,1,0,1
175,327,4,2,1
175,144,13,10,3
175,107,3,2,1
175,282,3,2,1
175,175,214,108,84
175,358,5,2,1
175,56,4,1,3
175,426,8,4,2
175,541,4,3,0
175,554,3,2,1
175,301,23,12,11
175,179,1,0,0
175,429,1,0,1
175,279,1,0,0
175,471,4,3,0
175,439,3,3,0
175,324,3,3,0
175,410,1,1,0
175,461,16,13,3
175,511,3,3,0
175,415,8,3,5
175,619,4,4,0
175,372,9,1,6
175,362,3,2,0
175,675,1,1,0
175,653,3,3,0
175,340,2,2,0
175,7,12,8,3
175,238,9,5,4
175,8,3,1,2
175,256,3,1,1
175,396,1,1,0
175,399,3,1,1
175,40,8,7,1
175,200,20,11,7
175,85,4,3,0
175,374,18,12,4
175,598,2,0,1
175,259,4,1,1
175,139,7,4,3
175,273,17,13,2
175,115,8,2,6
175,198,6,3,3
175,32,7,7,0
175,314,1,0,1
175,248,1,1,0
175,640,1,1,0
175,87,13,8,4
175,105,25,20,4
175,310,7,3,3
175,145,1,0,1
175,158,3,2,1
175,167,1,1,0
175,34,4,2,1
175,104,15,11,1
175,82,5,5,0
175,360,4,3,0
175,272,5,5,0
175,57,6,3,1
175,361,2,2,0
175,106,2,2,0
175,184,2,0,2
175,334,4,3,1
175,518,1,0,1
175,1171,1,1,0
175,24,4,4,0
175,208,15,11,3
175,281,2,2,0
175,379,2,1,1
175,55,10,7,3
175,93,1,1,0
175,121,6,3,1
175,0,1,0,0
175,148,4,1,3
175,122,27,17,5
175,513,2,1,0
175,297,1,1,0
175,467,2,0,1
175,296,8,4,3
175,470,1,1,0
175,652,4,1,1
175,207,1,1,0
175,222,2,1,1
175,359,3,3,0
175,673,4,3,1
175,1236,1,1,0
175,18,3,2,1
175,81,2,2,0
175,215,1,0,1
175,494,1,0,0
175,176,19,10,8
175,299,1,0,1
175,101,7,4,2
175,23,2,2,0
175,534,5,2,3
175,84,9,5,4
175,197,2,2,0
175,21,5,3,1
175,31,2,0,2
175,580,1,1,0
175,15,1,1,0
175,22,1,1,0
175,320,9,7,1
175,930,1,1,0
175,293,1,0,0
175,692,1,1,0
175,716,1,1,0
175,159,10,6,2
175,98,1,1,0
175,11,1,1,0
175,402,14,12,1
175,25,19,11,7
175,432,3,1,1
175,1423,1,1,0
175,678,5,5,0
175,76,1,1,0
175,584,1,1,0
175,170,7,4,2
175,260,3,2,1
175,321,3,3,0
175,667,2,2,0
175,349,2,1,1
175,347,5,4,1
175,508,1,1,0
175,395,5,2,3
175,638,1,1,0
175,39,3,2,0
175,295,1,1,0
175,77,17,7,9
175,30,7,5,1
175,663,1,1,0
175,28,12,8,3
175,462,4,4,0
175,61,2,2,0
175,75,1,0,1
175,408,1,1,0
175,258,1,0,1
175,157,1,1,0
175,9,16,10,3
175,36,1,1,0
175,60,6,5,0
175,336,1,1,0
175,901,1,0,1
175,659,4,2,1
175,216,7,3,0
175,280,4,2,1
175,381,2,1,0
175,419,1,1,0
175,380,1,1,0
175,19,1,1,0
175,734,2,1,1
175,815,2,1,0
175,397,2,1,1
175,661,1,1,0
175,1135,1,1,0
175,37,1,1,0
175,684,1,1,0
175,770,2,1,1
175,311,2,1,1
175,878,1,1,0
175,149,1,1,0
175,431,6,4,1
175,624,1,1,0
175,413,1,1,0
175,430,1,1,0
175,277,1,0,1
175,143,1,1,0
175,59,3,2,1
175,53,2,1,0
175,16,1,0,1
175,621,1,1,0
176,104,4,2,0
176,137,9,4,4
176,121,5,3,2
176,122,7,4,1
176,301,4,3,0
176,176,184,106,55
176,499,2,2,0
176,260,9,6,2
176,415,20,8,7
176,372,6,1,4
176,673,7,4,1
176,542,6,5,1
176,87,6,4,1
176,101,9,7,2
176,123,5,2,3
176,105,9,7,1
176,238,10,7,2
176,107,8,4,2
176,320,9,7,2
176,159,16,9,7
176,278,7,1,3
176,144,9,6,1
176,82,9,4,2
176,360,4,2,1
176,175,8,5,2
176,395,4,2,2
176,430,3,1,1
176,93,1,0,0
176,256,6,5,1
176,494,3,2,0
176,492,1,1,0
176,0,3,2,1
176,40,5,4,1
176,327,11,8,2
176,200,7,6,1
176,31,1,1,0
176,85,3,3,0
176,294,2,1,1
176,374,24,17,6
176,470,2,2,0
176,207,1,0,1
176,654,3,3,0
176,637,1,1,0
176,940,1,0,1
176,380,2,2,0
176,663,1,1,0
176,359,7,3,2
176,862,1,1,0
176,906,1,1,0
176,998,1,1,0
176,461,3,2,1
176,584,2,1,0
176,208,4,2,2
176,317,17,10,5
176,98,1,1,0
176,149,1,0,0
176,341,1,0,1
176,259,8,3,4
176,81,3,0,3
176,7,6,3,1
176,445,1,0,1
176,197,1,1,0
176,432,8,5,0
176,215,1,0,1
176,147,1,0,1
176,109,2,2,0
176,429,1,0,0
176,115,6,2,3
176,390,1,0,1
176,321,2,0,0
176,32,6,6,0
176,779,1,1,0
176,281,4,3,1
176,77,11,7,2
176,336,2,1,1
176,408,5,3,2
176,608,2,2,0
176,139,3,2,1
176,300,8,6,1
176,8,3,2,1
176,379,5,4,1
176,36,1,1,0
176,60,2,0,1
176,240,1,1,0
176,158,8,3,3
176,402,6,4,1
176,296,12,6,4
176,688,2,1,0
176,777,1,0,1
176,413,2,1,1
176,621,2,2,0
176,57,8,7,1
176,146,1,0,1
176,1091,1,0,1
176,678,6,5,1
176,462,1,1,0
176,619,1,0,0
176,498,1,1,0
176,471,3,3,0
176,273,13,9,4
176,198,9,6,2
176,508,2,1,0
176,310,1,0,0
176,534,2,2,0
176,324,1,1,0
176,349,1,0,0
176,652,1,1,0
176,772,7,3,3
176,318,4,3,0
176,333,2,1,0
176,246,2,0,0
176,280,3,0,3
176,659,6,4,0
176,78,1,1,0
176,426,6,1,2
176,30,11,6,5
176,361,1,1,0
176,272,3,1,1
176,199,2,1,0
176,816,2,2,0
176,933,1,0,0
176,75,4,3,1
176,103,3,1,2
176,21,7,5,2
176,58,1,1,0
176,106,4,3,0
176,196,2,1,1
176,84,8,5,3
176,55,6,5,1
176,156,2,1,0
176,12,1,0,1
176,512,1,1,0
176,513,1,0,1
176,312,1,0,0
176,39,2,1,1
176,184,4,2,2
176,347,2,2,0
176,362,2,2,0
176,26,1,1,0
176,9,7,6,1
176,19,5,2,2
176,88,1,1,0
176,23,2,1,1
176,148,1,1,0
176,22,3,3,0
176,13,1,1,0
176,28,9,7,1
176,86,1,1,0
176,815,4,3,0
176,431,1,1,0
176,918,2,0,1
176,168,1,1,0
176,56,3,2,1
176,97,1,1,0
176,1046,1,0,1
176,34,1,0,1
176,277,1,1,0
176,33,1,1,0
176,467,1,1,0
176,397,1,1,0
176,53,1,1,0
176,18,2,2,0
176,282,1,0,1
176,25,5,5,0
176,399,2,0,0
176,59,2,1,1
176,295,2,2,0
176,414,1,1,0
176,216,1,0,0
176,358,1,1,0
176,170,1,1,0
177,17,1,0,0
177,432,1,0,1
177,1865,1,1,0
177,77,1,0,1
177,106,1,1,0
177,105,1,0,0
177,25,1,0,1
178,17,2,2,0
178,123,1,1,0
178,55,1,0,1
178,93,1,1,0
178,196,1,1,0
178,137,1,0,1
178,148,1,0,1
178,300,1,1,0
178,256,1,0,1
178,52,1,0,1
178,280,1,0,1
178,379,1,1,0
178,1267,1,0,1
178,16,1,1,0
178,179,1,0,0
178,39,1,1,0
178,945,1,1,0
178,282,1,1,0
178,294,1,1,0
178,147,1,1,0
178,1,1,1,0
178,281,1,0,0
178,358,1,0,1
178,159,1,1,0
178,56,1,0,1
178,402,1,0,1
178,199,1,0,0
178,143,1,1,0
178,197,1,0,1
178,170,1,1,0
179,17,3,2,0
179,317,1,0,0
179,300,2,0,1
179,107,2,2,0
179,78,5,2,2
179,494,5,3,2
179,52,13,6,3
179,234,5,2,3
179,179,135,62,52
179,584,2,0,0
179,101,3,3,0
179,80,2,2,0
179,281,44,25,14
179,272,4,1,2
179,240,3,3,0
179,200,2,2,0
179,637,2,1,1
179,390,3,3,0
179,713,1,1,0
179,319,1,0,1
179,462,1,0,1
179,883,7,2,5
179,84,4,2,2
179,310,6,5,1
179,60,4,2,2
179,56,5,3,2
179,238,3,2,0
179,197,5,2,3
179,21,1,1,0
179,76,5,3,2
179,246,3,0,0
179,431,3,2,0
179,471,2,1,1
179,87,12,3,9
179,159,11,9,1
179,339,3,0,1
179,74,7,2,5
179,82,1,1,0
179,277,6,3,2
179,148,2,1,1
179,8,10,3,5
179,379,6,1,3
179,36,2,1,1
179,93,1,0,1
179,294,12,8,3
179,58,4,1,1
179,75,2,0,2
179,199,7,3,3
179,145,2,2,0
179,408,5,4,1
179,890,1,1,0
179,295,4,1,2
179,470,1,0,1
179,621,1,1,0
179,115,3,3,0
179,198,4,1,2
179,483,3,1,1
179,359,2,0,1
179,1108,1,1,0
179,1090,1,1,0
179,1032,1,0,1
179,1088,2,1,1
179,1142,3,2,1
179,113,1,1,0
179,77,10,3,5
179,51,4,2,2
179,81,3,2,1
179,88,6,2,1
179,53,4,2,1
179,121,4,1,1
179,149,16,6,9
179,523,4,2,1
179,399,5,2,2
179,122,2,1,0
179,106,5,2,2
179,30,4,0,1
179,706,5,4,0
179,1272,1,1,0
179,279,4,2,2
179,25,3,2,1
179,176,3,2,1
179,299,6,1,1
179,476,1,0,1
179,685,1,0,1
179,1276,2,1,1
179,304,3,0,2
179,24,2,1,0
179,144,3,1,2
179,146,1,1,0
179,215,3,1,2
179,638,3,2,1
179,311,2,2,0
179,579,3,0,3
179,218,3,1,2
179,156,5,3,1
179,792,14,8,4
179,985,1,0,0
179,123,5,2,1
179,103,3,2,0
179,419,3,2,1
179,259,1,1,0
179,169,2,1,0
179,98,1,0,1
179,83,3,1,1
179,492,3,1,0
179,439,3,2,1
179,659,2,2,0
179,57,2,1,0
179,28,5,1,2
179,341,1,0,1
179,137,7,2,4
179,39,5,2,0
179,512,1,0,1
179,147,3,2,1
179,380,2,1,0
179,445,3,0,0
179,361,3,1,1
179,675,2,1,1
179,430,5,3,2
179,397,3,2,0
179,362,2,1,0
179,273,1,0,0
179,415,1,0,0
179,327,5,3,2
179,97,4,2,2
179,777,1,0,0
179,158,1,1,0
179,347,5,0,5
179,933,1,1,0
179,413,1,0,1
179,109,1,1,0
179,296,1,1,0
179,139,2,0,2
179,619,2,1,1
179,248,10,4,1
179,167,4,3,1
179,55,4,2,2
179,0,2,1,1
179,321,2,1,1
179,673,1,1,0
179,7,3,1,0
179,9,1,1,0
179,381,1,1,0
179,836,1,0,1
179,692,2,2,0
179,2,2,1,1
179,426,4,1,3
179,518,1,1,0
179,402,2,1,1
179,1423,1,0,1
179,207,4,3,1
179,168,2,2,0
179,513,1,1,0
179,429,2,2,0
179,414,1,1,0
179,12,2,1,1
179,85,1,0,1
179,314,2,1,1
179,684,1,0,1
179,143,3,1,0
179,340,1,1,0
179,196,3,0,2
179,278,3,1,2
179,282,3,0,1
179,336,5,2,3
179,170,2,2,0
179,18,1,0,1
179,358,1,1,0
179,230,1,1,0
179,13,3,1,1
179,23,1,0,1
179,231,1,1,0
179,1717,1,0,1
179,15,1,0,1
179,208,2,1,1
179,1251,1,1,0
179,31,2,1,1
179,301,2,2,0
179,503,5,0,4
179,666,1,0,1
179,2203,1,0,1
179,2932,1,1,0
179,33,1,0,1
179,16,2,1,1
179,258,1,0,0
179,646,2,1,1
179,216,1,0,1
179,948,1,1,0
179,318,2,1,0
179,320,1,0,1
179,171,1,1,0
179,175,1,0,0
179,99,2,1,1
179,2301,1,0,0
179,779,1,1,0
179,2089,1,0,0
179,333,2,1,1
179,918,1,1,0
179,1341,2,2,0
179,635,1,0,0
179,1267,1,0,1
180,17,10,5,4
180,24,1,1,0
180,137,3,2,0
180,159,2,1,1
180,82,1,1,0
180,36,3,3,0
180,93,2,2,0
180,156,1,0,0
180,59,3,2,1
180,37,3,2,1
180,246,1,1,0
180,560,1,0,1
180,25,1,0,0
180,170,1,1,0
180,386,1,0,0
180,20,3,2,0
180,260,1,1,0
180,462,1,1,0
180,318,2,2,0
180,8,1,0,1
180,18,1,0,1
180,105,2,2,0
180,300,1,1,0
180,579,2,2,0
180,2,1,0,1
180,28,2,2,0
180,196,2,2,0
180,84,4,1,3
180,60,4,3,1
180,179,1,0,0
180,471,1,1,0
180,311,1,1,0
180,58,2,2,0
180,333,1,1,0
180,16,1,0,1
180,554,1,0,1
180,22,2,1,1
180,171,1,1,0
180,86,1,0,0
180,9,2,1,1
180,80,1,1,0
180,379,4,1,2
180,445,1,0,1
180,277,1,1,0
180,215,1,1,0
180,23,1,0,0
180,158,2,2,0
180,646,2,2,0
180,692,2,2,0
180,609,2,1,1
180,301,1,1,0
180,218,1,1,0
180,53,4,2,2
180,19,2,2,0
180,707,2,1,1
180,836,1,1,0
180,26,1,0,0
180,381,1,1,0
180,184,1,1,0
180,321,1,0,1
180,51,5,4,1
180,52,2,0,1
180,40,1,1,0
180,508,1,1,0
180,258,2,0,1
180,34,1,1,0
180,426,1,0,1
180,7,1,0,1
180,88,2,1,1
180,168,1,1,0
180,74,1,1,0
180,534,1,1,0
180,30,1,1,0
180,2861,1,1,0
180,101,1,0,1
181,17,4,3,1
181,98,1,1,0
181,88,2,1,1
181,76,2,2,0
181,179,1,1,0
181,181,24,12,7
181,74,1,1,0
181,314,1,1,0
181,972,1,1,0
181,53,2,0,2
181,200,1,1,0
181,31,1,1,0
181,18,1,1,0
181,695,2,1,1
181,13,2,0,1
181,692,1,1,0
181,390,1,1,0
181,483,6,3,3
181,99,2,0,2
181,609,1,0,1
181,51,1,0,1
181,58,2,1,0
181,684,1,0,1
181,318,1,1,0
181,878,1,1,0
181,234,1,1,0
181,15,1,1,0
181,635,1,1,0
182,17,3,3,0
182,24,2,1,1
182,156,1,1,0
182,19,2,1,1
182,122,1,0,1
182,148,1,1,0
182,51,3,3,0
182,87,1,1,0
182,26,2,1,1
182,80,1,1,0
182,430,1,1,0
182,501,2,2,0
182,334,1,1,0
182,121,1,1,0
182,158,1,1,0
182,74,1,1,0
182,61,1,0,1
182,8,1,0,1
182,86,1,0,1
182,483,1,1,0
182,23,1,0,1
182,159,2,2,0
182,280,1,1,0
182,168,1,1,0
182,81,2,2,0
182,20,1,1,0
182,2,1,1,0
182,12,1,1,0
183,17,1,1,0
183,512,1,0,0
183,513,1,1,0
183,106,1,1,0
183,143,2,1,0
183,314,1,1,0
183,87,1,1,0
183,101,1,1,0
183,84,3,2,0
183,74,1,1,0
183,144,1,0,0
183,88,1,0,0
183,25,1,0,0
183,170,1,1,0
183,207,1,1,0
183,22,1,0,0
183,145,1,1,0
183,362,1,0,0
183,399,1,0,0
183,34,1,1,0
183,1272,1,0,0
184,17,5,3,1
184,7,4,1,1
184,218,3,0,2
184,317,1,1,0
184,430,2,1,1
184,282,8,5,2
184,523,1,1,0
184,318,1,1,0
184,429,1,0,0
184,143,6,3,3
184,319,2,1,0
184,2,10,5,4
184,81,5,1,4
184,24,8,4,3
184,238,6,3,3
184,208,1,1,0
184,18,5,3,1
184,339,5,2,3
184,144,5,1,2
184,82,6,5,1
184,36,9,5,3
184,755,1,1,0
184,76,4,3,1
184,59,11,4,5
184,512,4,2,1
184,40,2,2,0
184,295,3,1,2
184,374,2,0,1
184,296,2,1,1
184,470,1,1,0
184,461,6,3,3
184,157,2,1,1
184,361,4,3,1
184,666,1,0,1
184,159,6,4,2
184,28,13,7,5
184,107,7,3,4
184,360,2,1,1
184,33,3,2,1
184,399,4,2,2
184,97,2,0,2
184,158,3,0,2
184,25,7,2,1
184,1091,1,0,1
184,198,3,3,0
184,625,2,0,2
184,184,20,11,7
184,12,6,3,3
184,121,7,3,4
184,256,4,1,2
184,30,6,3,3
184,20,4,4,0
184,168,2,1,1
184,26,11,2,6
184,149,6,1,5
184,101,2,1,1
184,98,1,1,0
184,513,2,2,0
184,667,1,1,0
184,88,4,2,2
184,105,4,3,0
184,84,4,3,1
184,74,2,2,0
184,9,11,8,3
184,358,1,1,0
184,419,2,1,1
184,57,4,2,2
184,541,1,1,0
184,75,10,4,5
184,0,4,2,2
184,148,2,1,1
184,638,1,1,0
184,259,6,2,3
184,22,5,3,2
184,415,6,2,3
184,619,2,2,0
184,663,1,1,0
184,560,5,3,2
184,60,1,0,1
184,314,3,0,1
184,1811,2,1,1
184,324,1,0,1
184,106,1,1,0
184,445,2,1,1
184,675,1,1,0
184,376,2,0,1
184,678,2,2,0
184,122,4,3,1
184,167,2,2,0
184,176,5,1,3
184,483,1,1,0
184,695,3,1,1
184,23,6,4,2
184,123,5,2,3
184,103,1,1,0
184,246,1,0,0
184,87,5,0,4
184,34,2,0,2
184,137,4,3,1
184,278,3,3,0
184,77,7,5,2
184,413,1,0,1
184,56,3,2,1
184,146,1,0,1
184,145,2,2,0
184,471,1,1,0
184,659,1,0,1
184,673,4,1,3
184,653,2,1,1
184,340,1,0,1
184,13,1,1,0
184,1,1,0,1
184,51,4,2,2
184,85,5,3,2
184,55,4,2,1
184,93,1,0,0
184,280,3,2,1
184,52,2,1,0
184,234,2,1,1
184,240,2,2,0
184,230,1,0,1
184,508,1,1,0
184,311,1,1,0
184,222,1,0,1
184,53,1,1,0
184,706,2,2,0
184,930,1,1,0
184,301,2,1,0
184,621,1,0,1
184,86,2,1,0
184,380,1,0,1
184,579,1,0,0
184,19,8,3,5
184,115,4,2,2
184,815,1,1,0
184,16,1,1,0
184,58,1,1,0
184,113,1,0,1
184,260,1,1,0
184,379,3,1,2
184,386,3,3,0
184,156,2,1,1
184,11,2,0,2
184,542,1,0,1
184,61,4,1,3
184,78,2,1,0
184,169,1,0,1
184,300,1,0,1
184,21,1,1,0
184,199,1,1,0
184,118,2,1,1
184,170,1,1,0
184,200,1,1,0
184,14,1,1,0
184,15,1,1,0
184,175,3,2,1
184,2526,1,1,0
184,39,1,1,0
184,109,1,1,0
184,273,1,0,0
184,362,1,1,0
185,17,1,1,0
185,104,1,1,0
185,240,1,1,0
185,53,1,1,0
185,59,1,1,0
185,179,1,1,0
185,33,1,1,0
185,148,1,1,0
185,14,1,1,0
186,17,1,1,0
186,12,1,1,0
186,81,1,0,1
186,137,1,1,0
186,580,1,1,0
186,93,1,0,0
186,75,2,2,0
186,144,3,3,0
186,76,1,1,0
186,88,1,0,0
186,318,1,1,0
186,30,2,1,0
186,104,1,1,0
186,281,1,1,0
186,11,2,1,0
186,673,1,1,0
186,238,1,1,0
186,560,1,1,0
186,208,2,2,0
186,341,1,1,0
186,7,1,0,1
186,85,2,1,0
186,218,1,1,0
186,175,1,1,0
186,156,1,1,0
186,60,1,1,0
186,168,1,1,0
186,386,1,1,0
186,28,2,2,0
186,706,1,1,0
186,716,2,1,1
186,196,1,0,1
186,609,2,1,1
186,56,1,1,0
186,280,1,1,0
186,9,1,1,0
186,426,1,0,0
186,692,1,1,0
186,101,1,0,1
186,300,1,1,0
186,8,1,0,1
186,646,1,1,0
186,415,1,1,0
186,105,1,0,1
186,159,1,1,0
186,170,2,1,0
186,57,1,1,0
186,147,1,0,1
186,297,1,1,0
187,17,1,1,0
187,534,1,1,0
187,121,1,1,0
187,33,1,0,0
187,147,1,0,1
187,523,1,1,0
187,93,1,1,0
187,653,1,1,0
187,144,1,0,0
187,21,1,0,1
187,60,1,1,0
187,122,1,1,0
188,17,2,2,0
188,24,1,1,0
188,123,1,1,0
188,61,2,1,0
188,52,1,1,0
188,207,1,1,0
188,105,2,2,0
188,339,1,0,0
188,53,2,1,0
188,396,1,1,0
188,179,2,1,0
188,39,1,0,0
188,755,1,1,0
188,238,1,1,0
188,57,1,1,0
188,23,1,0,1
188,137,1,1,0
188,16,1,1,0
188,14,1,1,0
188,107,1,1,0
188,32,1,1,0
188,695,1,0,1
188,294,1,1,0
188,560,1,0,1
188,143,1,1,0
188,28,1,1,0
188,218,1,1,0
188,26,1,1,0
188,379,1,1,0
188,246,1,0,1
188,175,1,1,0
188,831,1,0,1
188,148,1,1,0
188,301,1,1,0
188,779,1,1,0
188,18,1,1,0
188,170,1,0,1
188,36,1,1,0
188,9,1,1,0
188,419,1,0,0
188,461,1,0,0
188,1119,1,1,0
188,74,1,1,0
188,277,1,0,1
188,661,1,1,0
189,26,2,1,1
189,314,1,1,0
189,196,1,0,1
189,395,2,1,1
189,52,1,1,0
189,513,1,1,0
189,347,1,1,0
189,363,1,1,0
189,101,1,1,0
189,179,2,0,0
189,512,2,0,1
189,277,2,0,2
189,77,3,1,2
189,16,1,0,1
189,240,1,1,0
189,147,1,1,0
189,318,7,3,1
189,381,2,1,1
189,688,3,3,0
189,985,1,1,0
189,430,3,1,1
189,498,1,1,0
189,311,1,0,1
189,945,1,1,0
189,511,1,0,0
189,358,1,1,0
189,145,1,1,0
189,362,1,1,0
189,816,1,0,0
189,426,1,1,0
189,197,1,0,0
189,706,1,1,0
189,143,2,1,1
189,467,2,0,1
189,925,1,1,0
189,19,1,1,0
189,158,2,0,0
189,850,1,1,0
189,87,2,0,1
189,1267,1,0,0
189,17,1,0,0
189,139,1,0,0
189,74,1,0,0
189,256,1,1,0
189,148,2,2,0
189,8,1,0,0
189,609,2,1,1
189,109,1,1,0
189,297,2,2,0
189,930,1,1,0
189,88,1,1,0
189,36,1,1,0
189,56,1,1,0
190,26,1,1,0
190,462,1,0,0
190,39,1,1,0
190,20,1,1,0
190,336,1,1,0
190,430,1,1,0
190,402,1,1,0
190,320,1,0,1
190,300,1,0,1
190,98,1,1,0
190,144,1,0,0
190,169,1,1,0
190,334,1,1,0
190,734,1,1,0
190,741,1,1,0
190,688,1,0,0
190,105,1,0,1
190,9,1,1,0
190,8,1,1,0
190,51,2,1,1
190,699,1,0,1
190,159,1,1,0
190,706,1,1,0
190,21,1,1,0
190,28,1,1,0
190,199,1,1,0
191,26,2,1,0
191,534,1,1,0
191,256,4,0,1
191,82,1,1,0
191,542,1,1,0
191,492,1,1,0
191,584,1,0,1
191,170,1,0,0
191,144,1,1,0
191,147,2,1,1
191,246,1,0,0
191,28,2,2,0
191,40,1,0,1
191,7,2,1,1
191,176,1,1,0
191,22,1,1,0
191,523,1,1,0
191,156,1,1,0
191,218,1,1,0
191,779,1,1,0
191,692,1,1,0
191,792,1,1,0
191,716,1,1,0
191,777,1,0,0
191,381,1,1,0
191,84,1,1,0
191,159,1,1,0
191,0,1,1,0
191,512,1,0,1
191,167,1,0,1
191,23,1,1,0
191,25,1,1,0
191,695,1,1,0
191,390,1,1,0
191,87,1,1,0
191,61,1,1,0
191,30,1,0,0
191,13,1,1,0
191,12,1,0,1
191,17,1,0,1
192,26,1,1,0
192,218,1,1,0
192,84,1,1,0
192,33,1,1,0
192,77,1,1,0
192,12,2,2,0
192,58,2,2,0
192,215,1,1,0
192,78,1,1,0
192,341,1,1,0
192,16,1,1,0
192,171,2,1,1
192,158,1,1,0
192,25,1,1,0
192,99,1,0,1
192,198,1,0,1
192,673,1,1,0
192,374,1,0,0
192,170,1,1,0
192,11,1,1,0
192,256,1,1,0
192,55,1,1,0
192,646,1,0,1
192,122,1,1,0
192,17,1,1,0
192,259,1,1,0
192,340,1,1,0
192,779,1,0,1
193,26,2,1,0
193,9,3,2,0
193,512,1,0,0
193,179,1,1,0
193,101,1,1,0
193,11,2,1,1
193,14,1,0,1
193,56,2,2,0
193,259,3,3,0
193,93,1,1,0
193,426,1,0,0
193,81,1,1,0
193,208,1,0,0
193,779,1,1,0
193,57,1,1,0
193,143,2,2,0
193,222,1,0,1
193,7,1,0,0
193,77,1,0,1
193,256,1,1,0
193,16,2,1,0
193,97,1,0,1
193,168,1,0,0
193,716,1,1,0
193,87,2,2,0
193,60,2,2,0
193,74,1,0,1
193,88,2,2,0
193,272,1,0,1
193,1,1,1,0
193,103,1,1,0
193,37,3,2,1
193,499,1,0,0
193,430,1,1,0
193,584,2,0,0
193,147,1,1,0
193,1272,1,1,0
193,280,1,0,0
193,688,1,0,0
193,13,1,1,0
193,156,1,1,0
193,831,1,0,0
193,171,1,1,0
193,646,1,1,0
193,82,1,0,0
193,8,1,1,0
193,301,1,0,1
193,23,2,2,0
193,83,3,1,1
193,53,2,1,1
193,692,3,1,0
193,24,2,2,0
193,170,2,0,0
193,432,1,0,0
193,336,1,1,0
193,51,1,1,0
193,25,1,1,0
193,40,1,0,1
193,258,1,1,0
193,609,1,1,0
193,695,1,1,0
193,523,1,0,0
193,318,1,1,0
193,734,1,1,0
193,240,1,1,0
193,199,1,0,1
193,105,1,0,0
193,28,1,1,0
193,39,1,0,1
194,26,1,1,0
194,260,1,0,1
194,25,1,0,1
194,137,1,1,0
194,34,1,1,0
195,26,1,1,0
195,13,2,2,0
195,118,2,1,1
195,105,2,1,1
195,159,5,2,2
195,53,2,2,0
195,492,1,1,0
195,167,1,1,0
195,88,1,0,1
195,426,1,0,1
195,30,1,0,1
195,200,1,0,1
195,31,3,1,2
195,688,2,1,0
195,123,1,1,0
195,93,1,1,0
195,501,1,0,0
195,402,2,2,0
195,230,1,0,1
195,314,1,0,0
195,181,1,0,1
195,277,1,1,0
195,9,1,1,0
195,638,1,0,1
195,238,2,2,0
195,310,1,0,1
195,40,1,1,0
195,77,2,2,0
195,149,1,1,0
195,34,1,1,0
195,278,1,1,0
195,23,1,0,1
195,28,1,0,1
195,281,1,0,1
195,419,2,1,1
195,741,1,0,1
195,692,1,1,0
195,831,3,1,2
195,147,1,1,0
195,144,1,1,0
195,25,2,1,1
195,17,4,2,2
195,16,1,0,1
195,59,1,0,0
195,19,1,0,1
195,792,1,0,1
195,925,1,0,1
195,779,1,0,1
195,609,1,0,1
195,106,2,1,1
195,1147,1,1,0
195,107,1,0,0
195,22,2,0,2
195,51,2,1,1
195,707,2,1,1
195,21,1,1,0
195,12,1,0,1
195,157,1,1,0
195,87,1,1,0
195,36,1,0,1
195,156,1,0,1
195,56,3,1,2
195,145,1,0,1
195,218,2,1,1
195,18,2,0,2
195,8,1,0,0
195,60,1,0,1
195,57,1,1,0
195,695,1,0,1
195,301,3,1,2
195,97,1,0,0
195,318,1,0,1
195,431,1,1,0
195,7,1,0,1
195,55,1,0,0
195,461,1,1,0
196,494,3,1,1
196,429,3,2,1
196,359,4,3,0
196,319,2,0,1
196,26,2,0,1
196,105,8,3,2
196,137,3,3,0
196,197,5,2,2
196,93,2,0,1
196,918,3,1,2
196,654,2,0,0
196,380,4,2,1
196,659,5,2,2
196,998,1,0,1
196,87,7,2,4
196,196,55,14,34
196,103,7,3,3
196,55,3,1,2
196,88,2,2,0
196,301,6,1,3
196,259,5,2,2
196,179,3,3,0
196,310,2,1,1
196,358,9,3,6
196,663,2,1,1
196,1113,1,0,1
196,399,4,1,0
196,470,3,1,1
196,115,1,1,0
196,260,1,1,0
196,222,5,1,2
196,619,2,0,1
196,673,1,1,0
196,674,1,0,1
196,248,1,0,1
196,360,6,3,1
196,78,1,1,0
196,168,3,2,1
196,167,2,1,1
196,106,2,2,0
196,170,2,0,2
196,299,3,2,0
196,685,1,0,1
196,238,5,2,2
196,419,3,0,2
196,52,4,0,3
196,327,5,1,4
196,584,3,1,0
196,439,14,6,4
196,432,7,3,2
196,621,2,2,0
196,311,1,0,0
196,8,1,0,0
196,379,7,4,2
196,215,2,1,0
196,16,1,1,0
196,716,2,0,0
196,699,1,0,0
196,304,3,0,1
196,82,5,1,3
196,426,5,4,1
196,653,1,0,0
196,1,2,1,1
196,281,1,1,0
196,312,4,1,1
196,279,1,0,1
196,321,3,1,2
196,208,3,1,2
196,300,8,4,2
196,294,7,3,4
196,234,3,2,0
196,0,6,1,4
196,336,2,2,0
196,122,2,1,1
196,143,1,1,0
196,334,9,6,2
196,912,3,1,2
196,445,1,0,1
196,258,2,0,2
196,461,1,1,0
196,415,2,1,1
196,675,4,1,3
196,413,3,2,0
196,512,2,1,1
196,511,3,1,0
196,175,5,3,1
196,431,1,0,0
196,296,4,3,0
196,361,6,3,1
196,156,3,2,1
196,30,6,0,4
196,534,2,0,1
196,390,3,1,0
196,397,1,1,0
196,104,2,1,0
196,84,1,0,1
196,107,2,1,1
196,277,10,4,4
196,83,1,0,1
196,282,3,2,1
196,240,4,0,3
196,230,3,1,2
196,483,2,1,0
196,317,1,0,0
196,430,7,2,3
196,1865,1,0,1
196,60,3,2,1
196,216,7,1,5
196,76,3,1,2
196,171,6,2,3
196,39,5,1,2
196,198,1,0,0
196,28,1,1,0
196,159,3,1,1
196,74,4,2,2
196,145,2,0,0
196,638,1,0,0
196,554,2,0,1
196,374,2,1,0
196,661,1,1,0
196,1276,3,2,0
196,333,1,0,1
196,523,1,1,0
196,314,2,1,1
196,2171,1,1,0
196,273,1,0,1
196,864,3,1,1
196,402,1,1,0
196,386,1,1,0
196,23,1,1,0
196,492,2,0,0
196,101,2,0,1
196,381,2,1,0
196,81,2,1,0
196,146,2,0,2
196,207,1,0,1
196,347,8,4,3
196,579,2,2,0
196,31,2,1,1
196,678,1,0,1
196,340,1,0,1
196,349,2,0,1
196,684,2,2,0
196,339,1,1,0
196,362,1,0,1
196,109,1,0,1
196,1046,1,1,0
196,218,7,0,6
196,199,2,1,0
196,741,3,0,0
196,200,1,0,1
196,36,2,0,1
196,598,1,0,1
196,837,3,0,1
196,878,2,0,1
196,930,1,0,1
196,1127,1,0,1
196,2089,3,0,3
196,372,1,0,1
196,667,1,1,0
196,40,1,1,0
196,688,1,1,0
196,297,1,0,1
196,295,1,0,1
196,24,2,2,0
196,246,1,0,1
196,231,1,0,1
196,7,1,0,1
196,518,1,1,0
196,498,1,1,0
197,196,8,2,4
197,105,14,12,2
197,277,12,8,3
197,175,4,2,1
197,358,28,14,12
197,197,61,28,22
197,333,3,1,0
197,432,4,2,0
197,146,4,1,2
197,512,3,2,0
197,0,4,3,0
197,40,4,2,1
197,426,5,3,1
197,534,13,8,4
197,429,5,3,0
197,294,6,2,2
197,374,3,1,1
197,279,11,7,3
197,511,1,0,0
197,415,2,1,0
197,661,3,1,1
197,314,3,2,0
197,579,5,1,1
197,82,7,5,1
197,379,11,5,5
197,430,17,11,4
197,312,4,2,0
197,295,2,2,0
197,347,18,8,10
197,940,2,2,0
197,222,12,6,3
197,380,4,1,3
197,663,1,1,0
197,674,1,1,0
197,883,1,0,1
197,972,1,1,0
197,998,1,1,0
197,310,9,2,6
197,402,3,2,1
197,321,5,2,1
197,137,9,4,4
197,300,11,4,6
197,216,9,2,5
197,76,5,3,2
197,467,6,3,2
197,246,4,4,0
197,179,7,5,0
197,445,1,1,0
197,259,3,2,0
197,678,1,1,0
197,1,4,2,1
197,13,2,0,1
197,81,3,2,1
197,101,3,1,2
197,23,2,1,1
197,34,2,1,1
197,104,6,2,2
197,74,4,4,0
197,61,3,1,1
197,413,8,6,1
197,56,7,2,5
197,494,5,1,3
197,492,5,2,0
197,408,6,4,1
197,31,10,5,3
197,30,12,5,6
197,39,8,4,3
197,258,1,0,0
197,621,2,1,0
197,311,1,1,0
197,260,2,1,1
197,659,26,10,7
197,1032,1,1,0
197,1062,1,0,0
197,1171,1,1,0
197,208,6,4,2
197,57,2,0,1
197,121,5,3,1
197,513,4,2,1
197,399,8,5,2
197,78,3,2,1
197,87,7,5,2
197,390,2,1,0
197,24,4,2,0
197,7,6,2,3
197,278,1,0,1
197,107,3,2,1
197,103,4,3,1
197,55,1,0,1
197,419,3,2,1
197,256,3,1,2
197,199,3,1,2
197,148,7,4,3
197,336,8,4,3
197,145,3,2,1
197,158,2,1,0
197,200,4,2,1
197,349,2,1,0
197,471,7,4,1
197,170,11,4,5
197,115,2,0,2
197,361,7,2,2
197,619,7,5,1
197,1276,2,2,0
197,359,2,1,0
197,167,3,1,0
197,122,7,2,3
197,106,6,1,3
197,334,4,4,0
197,273,2,1,0
197,238,4,3,1
197,218,6,4,1
197,381,15,7,5
197,16,1,0,0
197,168,3,3,0
197,461,4,3,1
197,470,1,1,0
197,397,5,3,1
197,147,4,1,3
197,1423,2,2,0
197,431,2,0,1
197,362,4,2,1
197,542,3,1,1
197,339,2,1,1
197,144,9,4,2
197,198,3,1,1
197,84,6,4,2
197,77,2,0,2
197,230,8,4,3
197,439,8,6,2
197,376,2,0,0
197,638,2,0,0
197,19,4,2,1
197,215,3,1,1
197,52,2,0,1
197,1236,1,1,0
197,149,10,6,2
197,523,6,5,1
197,360,9,2,5
197,8,1,0,1
197,240,4,2,1
197,327,10,3,5
197,508,3,3,0
197,483,2,1,1
197,675,2,0,2
197,320,5,4,1
197,109,8,4,3
197,297,3,1,2
197,32,3,3,0
197,281,1,1,0
197,301,3,2,1
197,159,7,2,5
197,2171,1,1,0
197,176,2,1,1
197,541,2,0,0
197,156,2,2,0
197,608,5,4,1
197,304,1,0,1
197,272,4,2,2
197,918,1,1,0
197,207,1,1,0
197,637,1,1,0
197,1143,1,0,1
197,25,2,0,1
197,501,2,1,1
197,139,2,1,1
197,17,2,2,0
197,741,4,1,3
197,554,3,2,0
197,584,4,3,0
197,317,1,0,1
197,88,3,1,1
197,171,11,4,4
197,476,1,1,0
197,36,1,0,1
197,234,1,1,0
197,60,5,4,1
197,1133,2,2,0
197,319,1,1,0
197,123,1,1,0
197,684,3,1,2
197,282,2,1,0
197,1121,1,0,0
197,792,1,0,0
197,816,3,0,3
197,1272,2,0,0
197,296,3,0,2
197,646,2,1,0
197,1127,2,2,0
197,2656,3,1,0
197,560,1,1,0
197,58,1,0,0
197,598,1,0,1
197,231,2,0,2
197,837,1,0,1
197,1142,1,0,0
197,716,1,0,1
197,83,2,0,2
197,498,2,1,1
197,2308,1,1,0
197,609,1,1,0
197,59,1,1,0
197,948,1,0,1
197,815,1,0,0
197,667,2,0,1
197,1357,1,1,0
197,685,2,1,1
197,1149,1,0,0
197,717,2,0,1
197,581,2,0,2
197,1341,1,1,0
197,386,1,1,0
198,196,2,1,1
198,137,2,2,0
198,379,1,1,0
198,430,2,0,1
198,512,1,0,0
198,399,2,1,1
198,176,3,1,2
198,390,1,1,0
198,260,1,0,1
198,321,1,1,0
198,198,39,17,17
198,359,4,3,1
198,107,3,3,0
198,360,1,1,0
198,169,2,1,1
198,32,1,1,0
198,492,10,9,1
198,534,2,1,0
198,230,1,1,0
198,654,1,1,0
198,659,1,0,1
198,208,1,1,0
198,88,1,1,0
198,171,2,2,0
198,30,1,1,0
198,295,1,1,0
198,86,4,4,0
198,499,1,0,1
198,339,1,1,0
198,419,1,0,1
198,324,1,1,0
198,376,1,0,1
198,87,3,2,1
198,144,1,1,0
198,52,2,1,1
198,85,1,1,0
198,317,1,1,0
198,159,3,2,1
198,98,1,0,0
198,145,3,0,3
198,157,2,1,1
198,361,4,3,1
198,673,1,0,1
198,462,1,1,0
198,402,2,0,1
198,461,2,2,0
198,77,1,1,0
198,439,1,1,0
198,542,6,5,0
198,109,1,1,0
198,494,1,1,0
198,9,1,0,1
198,246,1,1,0
198,256,1,1,0
198,320,1,0,1
198,300,2,1,0
198,78,1,0,1
198,149,3,0,2
198,336,1,1,0
198,408,1,0,1
198,200,2,0,2
198,279,1,0,1
198,584,1,1,0
198,296,1,1,0
198,415,2,0,2
198,19,1,1,0
198,772,2,1,0
198,33,1,1,0
198,21,1,0,1
198,238,1,0,1
198,74,3,3,0
198,53,1,0,1
198,426,2,1,1
198,621,1,1,0
198,311,2,2,0
198,470,1,1,0
198,115,1,0,1
198,146,1,1,0
198,121,1,0,1
198,431,1,1,0
198,84,3,2,1
198,156,1,0,1
198,294,1,1,0
198,60,1,1,0
198,374,1,0,1
198,8,1,1,0
198,432,1,1,0
198,864,1,1,0
198,692,1,1,0
198,55,1,0,1
198,1142,1,0,1
198,347,1,1,0
198,413,1,1,0
198,278,1,1,0
198,105,1,0,1
198,57,1,1,0
198,259,1,1,0
198,258,1,0,1
199,196,14,4,7
199,238,12,6,6
199,137,15,8,5
199,310,19,10,5
199,159,19,11,3
199,300,9,2,5
199,74,17,10,7
199,77,25,13,9
199,144,14,11,0
199,277,11,4,5
199,360,8,4,2
199,281,15,8,5
199,358,10,7,2
199,379,18,12,5
199,395,4,3,1
199,333,4,2,0
199,156,8,3,4
199,216,5,2,1
199,121,11,5,5
199,149,12,7,4
199,494,8,4,3
199,75,5,2,2
199,492,2,1,0
199,148,15,9,4
199,336,14,6,6
199,145,12,8,4
199,179,11,7,2
199,429,7,4,1
199,580,3,2,0
199,294,12,10,2
199,439,4,3,0
199,410,2,1,1
199,511,2,1,0
199,361,6,4,1
199,414,7,3,3
199,667,2,1,1
199,462,2,1,0
199,113,2,1,0
199,81,15,9,4
199,34,7,5,2
199,105,13,9,2
199,304,8,6,0
199,339,5,1,2
199,83,5,3,1
199,340,3,3,0
199,272,11,8,1
199,498,4,2,2
199,52,7,3,1
199,234,12,6,4
199,700,25,4,17
199,199,356,138,170
199,426,7,5,2
199,246,13,7,4
199,349,4,3,0
199,207,9,4,5
199,20,14,10,4
199,692,4,2,2
199,713,4,1,3
199,372,1,0,1
199,883,4,2,2
199,972,2,1,0
199,17,14,11,3
199,208,5,2,3
199,85,9,4,3
199,170,16,10,5
199,652,2,1,1
199,87,33,15,15
199,80,3,2,1
199,197,14,7,7
199,53,10,5,3
199,318,18,9,8
199,295,6,2,3
199,259,4,1,3
199,1,9,6,2
199,2,8,6,2
199,13,8,2,5
199,23,19,7,9
199,31,12,6,5
199,7,17,9,5
199,107,6,1,4
199,175,6,3,3
199,8,8,4,2
199,413,12,6,4
199,430,13,5,4
199,76,9,5,3
199,56,27,15,9
199,396,3,1,1
199,37,12,6,5
199,399,14,7,4
199,327,41,20,13
199,147,18,12,4
199,109,8,4,2
199,312,7,4,2
199,39,17,6,9
199,143,12,4,5
199,347,6,2,4
199,25,12,9,2
199,176,5,3,1
199,280,1,1,0
199,621,5,2,1
199,321,11,4,6
199,314,6,2,4
199,1102,1,0,1
199,1082,1,0,1
199,1179,1,0,1
199,98,3,1,0
199,19,20,8,7
199,554,2,2,0
199,200,5,4,1
199,415,5,2,2
199,84,16,10,5
199,115,15,11,4
199,362,6,3,3
199,534,7,5,1
199,419,8,2,3
199,88,14,8,5
199,282,2,1,1
199,256,5,2,3
199,695,1,1,0
199,523,12,6,3
199,171,10,4,5
199,122,2,2,0
199,334,8,6,2
199,584,8,5,2
199,230,2,2,0
199,461,4,1,2
199,734,4,0,2
199,619,6,3,3
199,198,6,2,2
199,659,10,5,1
199,1276,1,0,1
199,16,8,6,2
199,301,10,3,6
199,513,5,2,1
199,30,10,6,3
199,467,9,5,1
199,168,9,6,3
199,359,8,1,2
199,673,4,1,3
199,101,14,6,2
199,123,8,5,3
199,55,9,4,2
199,471,10,7,1
199,432,5,3,2
199,146,8,7,1
199,40,10,6,3
199,638,2,1,0
199,560,2,0,1
199,431,2,2,0
199,470,1,1,0
199,390,6,2,2
199,579,7,4,2
199,542,1,0,0
199,837,1,0,0
199,1147,3,2,0
199,24,13,9,3
199,57,14,5,8
199,296,3,3,0
199,688,3,2,0
199,707,3,0,2
199,82,4,3,1
199,9,6,2,2
199,78,2,2,0
199,58,3,3,0
199,402,6,3,3
199,184,1,1,0
199,678,1,0,0
199,51,6,1,3
199,341,2,2,0
199,158,10,5,4
199,104,7,3,4
199,240,9,2,4
199,499,1,0,1
199,1423,1,1,0
199,169,5,4,1
199,167,13,7,3
199,36,11,3,5
199,0,10,8,2
199,299,7,3,3
199,508,8,6,2
199,258,6,4,1
199,386,3,2,1
199,640,1,0,0
199,218,11,4,1
199,28,10,5,4
199,772,4,2,2
199,21,3,2,0
199,106,4,2,2
199,320,5,3,0
199,103,5,1,3
199,60,10,3,7
199,311,13,7,3
199,380,2,1,0
199,483,6,1,2
199,408,7,4,2
199,374,5,4,1
199,93,3,3,0
199,222,3,3,0
199,86,6,1,3
199,1865,2,2,0
199,215,9,4,3
199,1272,4,1,1
199,97,5,2,3
199,770,2,0,1
199,260,3,1,1
199,1166,1,0,0
199,918,1,0,1
199,2171,1,1,0
199,297,5,1,4
199,381,5,4,1
199,1267,1,1,0
199,608,3,1,1
199,663,1,0,1
199,864,20,6,12
199,674,1,1,0
199,319,2,1,1
199,26,4,1,2
199,278,1,0,0
199,59,7,3,4
199,512,1,1,0
199,15,2,1,1
199,706,1,1,0
199,18,6,5,0
199,61,2,2,0
199,854,2,1,1
199,699,2,2,0
199,279,4,1,3
199,666,1,1,0
199,1109,1,1,0
199,1088,1,1,0
199,2537,3,1,1
199,118,2,2,0
199,12,2,1,1
199,1149,2,1,1
199,445,1,0,1
199,501,3,2,1
199,22,1,1,0
199,273,1,1,0
199,1021,1,0,1
199,181,1,1,0
199,363,1,0,1
199,1135,1,0,1
199,157,1,0,0
199,33,2,2,0
199,646,3,2,0
199,792,3,1,2
199,609,5,2,2
199,836,3,1,2
199,14,1,1,0
199,231,2,0,1
199,1717,1,1,0
199,878,1,0,0
199,816,2,1,1
199,850,1,1,0
199,1119,2,2,0
199,901,1,1,0
199,515,1,1,0
199,831,2,0,2
199,716,2,0,2
199,2308,1,1,0
199,925,1,1,0
199,948,1,0,0
199,99,1,0,1
199,2089,2,2,0
199,2360,1,1,0
199,717,1,1,0
199,293,1,1,0
199,32,1,0,1
199,685,1,1,0
200,196,1,0,1
200,430,6,2,1
200,11,1,1,0
200,15,1,1,0
200,147,1,1,0
200,580,1,1,0
200,608,5,3,1
200,470,1,0,0
200,511,1,0,0
200,380,3,2,1
200,619,4,1,3
200,321,3,2,0
200,659,9,3,0
200,667,1,1,0
200,319,1,1,0
200,137,2,1,1
200,80,1,1,0
200,175,10,3,4
200,216,12,8,3
200,494,6,4,2
200,336,2,0,2
200,200,201,101,59
200,534,3,1,1
200,295,1,0,1
200,334,5,2,2
200,906,1,0,1
200,471,8,6,1
200,139,12,5,7
200,476,1,0,1
200,222,4,1,2
200,372,2,1,0
200,663,5,2,2
200,353,1,1,0
200,104,13,9,4
200,105,23,14,4
200,208,25,16,6
200,82,7,5,0
200,327,5,2,2
200,402,29,14,10
200,25,2,1,1
200,461,8,5,3
200,197,2,2,0
200,246,2,1,0
200,158,10,8,0
200,431,9,4,2
200,415,8,2,1
200,1,2,2,0
200,310,2,2,0
200,159,11,6,4
200,56,2,2,0
200,215,2,0,2
200,512,3,2,0
200,30,14,7,4
200,499,3,2,1
200,168,2,2,0
200,862,2,2,0
200,248,1,1,0
200,1119,1,1,0
200,1142,1,1,0
200,87,5,4,1
200,282,1,0,1
200,554,6,2,1
200,109,2,1,0
200,299,2,0,0
200,675,1,0,1
200,18,1,1,0
200,101,14,12,1
200,103,2,2,0
200,413,3,2,0
200,333,1,1,0
200,19,5,1,4
200,301,2,0,2
200,652,1,1,0
200,397,2,1,0
200,419,2,1,0
200,240,3,2,0
200,297,2,1,0
200,278,2,2,0
200,426,7,2,2
200,445,1,0,1
200,432,8,4,0
200,170,10,8,1
200,146,3,2,0
200,467,2,2,0
200,513,3,1,0
200,1423,2,1,0
200,584,1,1,0
200,0,5,1,3
200,40,2,2,0
200,148,5,3,2
200,492,1,0,0
200,772,1,1,0
200,1195,1,0,0
200,462,1,1,0
200,39,5,2,2
200,32,5,4,0
200,399,1,1,0
200,259,2,2,0
200,145,1,1,0
200,374,3,0,1
200,230,3,2,1
200,395,1,1,0
200,122,5,4,1
200,280,4,4,0
200,294,2,1,0
200,349,1,0,1
200,218,1,1,0
200,84,9,4,5
200,256,4,3,1
200,97,1,1,0
200,31,1,0,1
200,85,1,0,1
200,706,3,0,2
200,816,3,1,1
200,692,1,0,1
200,854,4,2,2
200,238,4,2,1
200,144,12,8,3
200,358,4,2,1
200,21,1,1,0
200,273,5,3,1
200,77,4,3,1
200,781,1,1,0
200,1267,1,1,0
200,149,1,1,0
200,542,2,1,1
200,1133,2,1,1
200,317,4,3,0
200,74,2,2,0
200,55,3,2,1
200,918,2,1,0
200,296,1,1,0
200,312,1,0,1
200,360,1,1,0
200,300,3,1,0
200,34,1,0,0
200,1127,1,0,0
200,579,1,1,0
200,878,1,0,0
200,28,4,2,2
200,716,1,1,0
200,121,1,1,0
200,9,2,1,0
200,362,1,0,1
200,57,1,1,0
200,850,1,1,0
200,439,1,1,0
200,673,1,0,1
200,176,4,4,0
200,661,1,0,1
200,831,1,0,1
200,684,1,1,0
200,13,1,0,0
200,156,1,1,0
200,198,1,1,0
200,933,1,1,0
200,179,2,1,0
200,637,1,1,0
200,621,2,1,0
200,646,1,0,0
200,281,1,1,0
200,272,2,0,1
200,7,1,0,1
201,196,1,1,0
201,7,5,3,2
201,137,3,2,1
201,144,4,2,2
201,9,2,2,0
201,413,1,0,1
201,333,3,3,0
201,60,3,3,0
201,215,4,3,1
201,341,1,1,0
201,52,1,0,1
201,40,1,1,0
201,246,2,2,0
201,301,1,1,0
201,347,3,2,1
201,296,2,1,1
201,470,1,1,0
201,324,1,1,0
201,415,3,1,2
201,380,1,1,0
201,499,2,2,0
201,105,4,4,0
201,419,1,0,1
201,76,3,2,0
201,240,2,2,0
201,554,3,3,0
201,584,5,3,0
201,280,2,1,1
201,635,1,0,0
201,998,1,1,0
201,74,1,1,0
201,167,1,1,0
201,93,3,3,0
201,25,1,0,1
201,19,7,5,2
201,107,1,1,0
201,256,2,1,1
201,511,2,0,2
201,81,2,1,1
201,24,1,1,0
201,300,1,1,0
201,80,2,2,0
201,379,5,4,1
201,98,1,1,0
201,77,2,2,0
201,430,2,1,1
201,53,1,1,0
201,56,2,2,0
201,598,1,1,0
201,638,1,1,0
201,429,1,1,0
201,39,1,1,0
201,143,2,1,1
201,176,1,1,0
201,258,2,2,0
201,410,1,1,0
201,461,1,1,0
201,87,2,2,0
201,17,2,2,0
201,104,2,0,1
201,688,2,2,0
201,88,3,3,0
201,156,2,2,0
201,16,5,2,3
201,327,3,1,2
201,297,1,0,1
201,467,2,1,1
201,930,1,1,0
201,734,1,1,0
201,792,2,1,1
201,925,2,0,2
201,699,1,0,1
201,34,1,1,0
201,208,3,3,0
201,61,1,1,0
201,103,1,1,0
201,59,2,2,0
201,121,2,1,1
201,75,1,1,0
201,512,1,0,1
201,122,1,1,0
201,334,2,2,0
201,608,1,0,0
201,439,1,1,0
201,361,1,1,0
201,359,2,0,2
201,358,1,1,0
201,199,5,4,0
201,310,2,2,0
201,678,2,2,0
201,216,2,2,0
201,513,2,2,0
201,339,1,0,0
201,277,1,1,0
201,58,1,1,0
201,619,1,1,0
201,18,1,1,0
201,169,1,1,0
201,282,1,0,1
201,57,3,0,3
201,336,1,1,0
201,84,1,0,1
201,145,1,1,0
201,707,4,3,1
201,168,1,1,0
201,1267,1,0,1
201,157,1,1,0
201,1,1,0,1
201,101,1,1,0
201,51,1,1,0
201,281,1,0,1
201,159,5,5,0
201,207,1,1,0
201,716,1,0,0
201,779,2,1,0
201,23,3,1,2
201,311,1,1,0
201,273,2,1,1
201,772,1,0,0
201,878,1,1,0
201,85,2,1,1
201,115,1,1,0
201,218,1,1,0
201,8,3,2,1
201,508,1,0,1
201,850,1,1,0
201,360,1,1,0
201,26,1,1,0
201,294,2,1,1
201,158,1,1,0
201,20,1,1,0
201,646,2,2,0
201,148,1,1,0
201,198,1,1,0
201,318,1,1,0
201,673,1,1,0
201,28,1,1,0
201,181,1,0,1
202,196,1,0,0
202,619,2,2,0
202,230,1,1,0
202,82,1,1,0
202,396,1,1,0
202,158,1,1,0
202,222,5,2,1
202,321,1,1,0
202,171,1,1,0
202,109,1,0,1
202,347,1,0,0
202,397,1,0,0
202,137,1,0,1
202,741,1,0,1
202,295,1,0,1
202,59,1,1,0
202,363,1,0,1
202,30,1,1,0
202,87,1,1,0
202,0,1,0,1
202,379,1,1,0
203,196,3,2,1
203,7,2,1,1
203,86,2,2,0
203,87,3,1,2
203,107,1,1,0
203,75,2,1,0
203,17,1,1,0
203,105,1,0,0
203,81,2,2,0
203,143,1,1,0
203,168,1,0,0
203,282,1,1,0
203,216,1,0,0
203,37,1,1,0
203,147,1,1,0
203,22,2,2,0
203,653,1,1,0
203,26,2,1,0
203,36,4,2,0
203,106,2,2,0
203,31,2,1,0
203,30,1,1,0
203,238,2,2,0
203,58,1,1,0
203,312,1,0,0
203,207,1,1,0
203,461,1,1,0
203,359,2,2,0
203,51,4,2,1
203,16,1,1,0
203,184,1,0,0
203,1195,1,0,1
203,53,1,1,0
203,76,1,1,0
203,84,2,0,1
203,74,1,1,0
203,101,1,0,1
203,88,1,0,0
203,176,1,1,0
203,199,1,0,0
203,318,1,1,0
203,402,1,1,0
203,508,1,0,1
203,646,4,2,2
203,688,2,0,1
203,692,1,1,0
203,240,1,0,1
203,638,1,1,0
203,25,1,0,1
203,15,1,1,0
203,2,1,1,0
203,171,1,1,0
203,381,1,1,0
203,707,1,1,0
203,792,1,1,0
203,137,1,1,0
203,77,2,0,1
203,20,4,1,3
203,28,2,2,0
203,103,1,1,0
203,12,3,3,0
203,19,1,1,0
203,33,1,1,0
203,280,1,1,0
203,115,2,1,1
203,156,1,1,0
203,159,1,1,0
203,60,1,0,1
203,18,1,1,0
203,32,1,1,0
203,23,1,0,1
203,1119,1,1,0
203,925,1,0,0
203,24,1,1,0
203,39,1,1,0
204,196,2,0,0
204,304,1,0,0
204,59,1,0,1
204,333,3,0,0
204,358,1,0,0
204,511,1,0,0
204,158,1,1,0
204,259,1,1,0
204,28,1,0,0
204,87,1,0,0
204,18,1,1,0
204,55,1,0,0
204,104,1,0,0
204,175,1,1,0
204,282,1,0,0
204,492,1,1,0
204,17,1,0,0
204,105,1,1,0
204,74,2,0,0
204,81,1,0,0
204,88,2,0,1
204,19,1,0,1
204,39,1,0,0
204,171,1,0,0
204,222,1,0,0
204,215,1,0,0
204,339,1,0,0
204,77,3,0,1
204,1,1,0,0
204,159,2,0,1
204,652,1,0,1
204,13,1,0,0
204,145,1,1,0
204,360,1,0,0
204,139,1,1,0
204,156,1,0,0
205,196,2,2,0
205,215,1,1,0
205,85,1,1,0
206,80,1,1,0
206,415,1,1,0
206,40,2,1,1
206,273,1,1,0
206,312,1,1,0
206,1126,1,0,1
206,103,2,1,0
206,88,1,0,1
206,53,1,1,0
206,511,1,0,0
206,74,1,1,0
206,87,2,0,2
206,399,2,1,1
206,143,1,1,0
206,381,1,0,1
206,17,1,1,0
206,542,1,1,0
206,28,1,1,0
206,77,1,1,0
206,21,2,1,1
206,238,1,1,0
206,107,1,1,0
206,218,1,0,0
206,296,1,0,1
206,918,1,1,0
206,716,1,0,1
206,156,1,1,0
206,57,1,1,0
206,75,1,0,1
206,300,1,0,1
206,1119,2,2,0
206,13,1,1,0
206,93,1,1,0
206,1062,1,1,0
206,1171,6,6,0
206,2308,4,3,0
206,2945,2,2,0
206,2854,5,5,0
206,2860,2,2,0
206,36,1,1,0
206,376,1,0,0
206,278,1,1,0
206,84,1,1,0
207,104,1,1,0
207,310,29,7,17
207,144,1,0,1
207,277,12,4,4
207,167,1,1,0
207,333,1,1,0
207,52,15,6,7
207,349,5,3,0
207,608,2,2,0
207,207,126,45,61
207,168,11,7,3
207,105,3,1,0
207,107,1,0,1
207,282,1,0,1
207,216,1,0,1
207,256,2,0,1
207,78,3,2,1
207,0,1,1,0
207,327,5,3,2
207,294,5,3,2
207,912,9,3,3
207,324,3,2,0
207,115,1,1,0
207,692,3,1,2
207,998,1,0,1
207,17,4,2,2
207,74,2,0,0
207,82,2,2,0
207,103,1,1,0
207,55,3,2,0
207,467,2,0,0
207,445,8,4,3
207,1062,5,3,1
207,26,1,0,1
207,123,1,0,1
207,379,3,1,1
207,483,1,1,0
207,1108,1,0,1
207,1088,2,1,1
207,1142,1,1,0
207,113,1,0,1
207,419,2,0,2
207,18,14,5,4
207,706,2,1,0
207,145,1,0,1
207,716,2,2,0
207,281,5,2,3
207,471,4,0,2
207,360,2,1,1
207,19,5,2,2
207,215,4,2,0
207,31,2,1,1
207,143,2,1,0
207,439,5,4,0
207,579,2,1,1
207,87,8,5,2
207,8,2,0,1
207,53,2,1,1
207,381,3,1,1
207,777,1,1,0
207,199,4,2,2
207,40,4,3,1
207,159,3,1,1
207,554,2,1,1
207,147,3,2,0
207,341,3,1,0
207,624,1,0,1
207,678,4,2,0
207,24,1,1,0
207,238,3,1,2
207,339,2,0,1
207,399,3,1,0
207,179,5,0,4
207,542,1,0,0
207,86,1,1,0
207,198,1,1,0
207,300,2,1,1
207,98,2,1,1
207,396,1,1,0
207,492,2,1,1
207,638,1,1,0
207,25,3,1,2
207,508,1,0,0
207,258,3,3,0
207,1102,1,0,1
207,208,2,1,1
207,1195,2,1,0
207,430,2,1,0
207,76,1,1,0
207,432,1,1,0
207,148,1,1,0
207,106,4,2,1
207,501,4,1,2
207,222,1,1,0
207,462,1,1,0
207,358,1,1,0
207,56,2,1,1
207,77,3,1,2
207,196,1,0,0
207,1091,1,0,0
207,295,3,1,2
207,347,2,1,1
207,230,3,1,0
207,170,5,4,0
207,317,1,1,0
207,312,1,0,0
207,240,3,2,1
207,246,1,0,0
207,380,1,1,0
207,1147,1,0,1
207,429,1,1,0
207,340,1,1,0
207,426,3,1,1
207,336,3,1,2
207,659,2,0,1
207,1272,3,2,1
207,770,4,1,3
207,30,1,0,0
207,663,1,0,0
207,772,2,1,1
207,2171,1,1,0
207,7,2,1,1
207,9,1,0,1
207,32,2,1,1
207,1267,1,0,1
207,149,2,1,1
207,494,2,0,1
207,16,2,2,0
207,22,1,0,1
207,1276,1,0,1
207,34,2,0,2
207,36,1,1,0
207,359,1,0,1
207,61,3,2,1
207,280,2,1,1
207,23,2,2,0
207,137,4,2,2
207,83,4,1,1
207,146,1,0,1
207,158,3,2,1
207,301,1,1,0
207,2537,1,1,0
207,408,2,1,0
207,402,1,1,0
207,374,1,0,1
207,511,1,1,0
207,314,4,1,2
207,362,2,0,1
207,1133,1,0,0
207,1423,2,0,2
207,734,1,0,1
207,88,1,0,1
207,21,3,1,2
207,1,1,0,1
207,598,2,1,1
207,413,1,0,1
207,513,1,1,0
207,85,1,1,0
207,390,1,0,1
207,862,2,2,0
207,675,1,1,0
207,272,2,1,1
207,57,2,1,1
207,259,3,2,1
207,361,1,0,1
207,60,4,0,3
207,156,2,1,1
207,59,1,0,1
207,792,1,0,1
207,175,1,1,0
207,121,1,1,0
207,1717,1,0,1
207,781,1,1,0
207,39,1,0,1
207,311,1,0,0
207,515,1,1,0
207,218,1,0,0
207,234,1,0,1
207,231,2,0,2
207,1718,1,0,1
207,318,1,0,1
207,609,3,1,1
207,1357,1,1,0
207,646,1,0,1
207,654,1,1,0
207,700,2,0,2
207,334,1,0,1
207,293,1,0,1
207,81,1,1,0
208,24,5,2,1
208,208,197,114,72
208,317,10,7,3
208,277,4,2,2
208,175,15,11,3
208,358,9,6,3
208,395,2,1,0
208,413,8,3,1
208,216,9,7,0
208,146,4,2,2
208,523,4,2,1
208,426,12,6,3
208,327,8,2,4
208,122,13,4,6
208,301,5,1,1
208,106,2,2,0
208,312,7,4,3
208,429,3,3,0
208,580,2,2,0
208,294,3,2,1
208,534,6,4,1
208,431,20,11,2
208,349,3,1,1
208,608,65,30,23
208,511,4,3,0
208,273,5,3,1
208,541,5,4,1
208,499,1,1,0
208,321,9,5,3
208,372,4,1,3
208,359,5,1,1
208,674,2,1,1
208,13,1,1,0
208,7,6,5,1
208,278,5,3,2
208,82,5,3,1
208,80,1,1,0
208,197,6,4,0
208,396,1,1,0
208,40,4,1,2
208,200,23,15,6
208,467,4,1,2
208,139,27,19,5
208,654,2,2,0
208,222,5,2,0
208,32,9,7,1
208,319,2,1,1
208,84,6,5,1
208,461,13,8,3
208,81,4,4,0
208,87,12,7,4
208,137,8,2,4
208,26,2,2,0
208,304,1,0,1
208,339,2,1,1
208,55,7,4,3
208,282,6,4,0
208,56,4,2,1
208,19,4,3,0
208,498,3,2,1
208,75,1,0,1
208,0,5,2,1
208,246,3,2,1
208,513,4,2,0
208,1127,1,1,0
208,30,9,7,1
208,471,14,9,2
208,170,6,3,1
208,933,1,0,0
208,390,2,1,1
208,619,1,0,1
208,414,2,1,1
208,198,3,2,0
208,483,1,0,1
208,314,1,0,1
208,673,2,1,0
208,1133,1,1,0
208,1090,2,2,0
208,104,21,11,6
208,300,9,6,2
208,408,11,4,4
208,374,7,2,4
208,207,2,0,0
208,621,5,1,0
208,397,3,0,2
208,1236,1,0,0
208,360,9,3,5
208,167,3,2,0
208,256,12,5,4
208,199,4,1,2
208,240,2,2,0
208,148,7,6,0
208,145,6,4,2
208,854,34,8,22
208,320,4,2,2
208,36,4,2,2
208,121,4,1,2
208,171,4,0,3
208,158,19,8,7
208,598,1,0,1
208,279,3,0,3
208,230,5,1,3
208,380,4,1,3
208,659,8,3,2
208,23,3,2,1
208,123,2,2,0
208,105,11,8,1
208,419,7,6,1
208,88,3,1,0
208,76,2,1,0
208,432,12,6,3
208,297,9,6,2
208,39,4,2,0
208,299,2,1,0
208,508,1,0,0
208,772,1,1,0
208,156,3,1,2
208,402,25,14,8
208,25,14,11,3
208,831,1,1,0
208,93,1,1,0
208,215,3,0,1
208,147,1,1,0
208,334,5,2,2
208,353,1,0,1
208,101,14,11,0
208,159,14,9,3
208,144,9,7,2
208,57,1,1,0
208,410,1,1,0
208,512,3,1,1
208,415,16,9,6
208,494,8,2,5
208,103,6,2,3
208,554,4,2,1
208,1102,1,1,0
208,678,1,1,0
208,1147,1,0,1
208,638,3,2,0
208,675,3,2,0
208,542,1,0,0
208,376,1,1,0
208,17,3,1,2
208,1355,2,1,0
208,1717,1,0,0
208,248,2,0,1
208,272,5,2,1
208,78,1,0,0
208,311,3,1,1
208,238,7,4,3
208,52,1,1,0
208,584,2,0,1
208,445,1,0,0
208,18,3,2,1
208,579,2,0,0
208,149,2,1,0
208,379,5,3,2
208,1272,2,1,0
208,280,2,0,1
208,652,1,0,0
208,310,4,2,1
208,179,2,1,1
208,363,1,1,0
208,33,1,1,0
208,21,2,2,0
208,792,2,1,1
208,1,1,0,1
208,20,1,0,1
208,196,4,1,1
208,77,10,7,2
208,430,3,3,0
208,60,3,2,1
208,295,1,0,1
208,296,6,3,2
208,918,2,0,2
208,115,1,0,1
208,864,5,1,3
208,518,4,2,2
208,109,1,0,0
208,381,3,2,1
208,74,3,1,2
208,28,8,6,1
208,399,5,1,4
208,906,1,0,1
208,2,1,1,0
208,637,1,0,1
208,176,5,2,2
208,361,3,1,2
208,1357,1,1,0
208,362,2,1,0
208,281,2,2,0
208,609,1,1,0
208,770,1,1,0
208,336,1,1,0
208,1171,1,1,0
208,107,1,0,0
208,9,2,2,0
208,85,2,2,0
208,260,1,1,0
208,901,1,1,0
208,515,1,0,1
208,218,1,0,1
208,734,2,1,0
208,2639,1,0,1
208,646,1,0,0
208,661,1,1,0
208,771,2,2,0
208,815,1,0,0
208,347,1,0,1
208,688,1,0,0
208,716,1,0,1
208,1149,1,1,0
208,684,1,1,0
208,31,1,0,1
208,816,1,1,0
208,717,1,0,1
208,930,1,0,1
208,386,2,0,2
209,24,2,1,1
209,167,1,1,0
209,19,2,2,0
209,513,1,0,1
209,179,2,1,1
209,200,1,0,1
209,101,3,3,0
209,238,2,1,1
209,156,2,1,1
209,60,2,1,1
209,12,1,0,1
209,296,2,1,1
209,118,1,1,0
209,998,1,0,1
209,1,1,1,0
209,123,1,1,0
209,137,1,0,1
209,80,1,1,0
209,121,3,2,1
209,508,2,1,1
209,104,2,1,1
209,84,1,1,0
209,107,3,2,1
209,277,1,0,1
209,175,2,2,0
209,36,2,2,0
209,327,1,1,0
209,176,1,0,1
209,157,1,1,0
209,792,1,0,1
209,831,1,1,0
209,310,2,2,0
209,55,1,0,1
209,52,1,0,1
209,143,4,2,1
209,598,1,0,1
209,496,2,1,1
209,88,1,1,0
209,395,1,1,0
209,1021,1,0,1
209,28,3,1,1
209,149,1,0,1
209,51,5,2,3
209,7,1,1,0
209,9,5,2,3
209,56,2,0,2
209,215,1,0,1
209,523,1,1,0
209,40,3,1,2
209,148,2,2,0
209,930,1,1,0
209,280,2,1,1
209,293,1,0,1
209,850,1,1,0
209,34,1,1,0
209,772,1,1,0
209,695,1,1,0
209,106,5,3,2
209,646,2,2,0
209,854,1,1,0
209,716,1,1,0
209,8,4,2,2
209,77,1,1,0
209,30,3,1,2
209,25,1,1,0
209,415,1,0,1
209,61,1,0,1
209,706,4,2,0
209,83,2,1,1
209,85,1,1,0
209,20,2,0,2
209,692,4,3,0
209,196,1,1,0
209,199,3,2,0
209,336,2,2,0
209,609,1,1,0
209,26,2,1,0
209,218,2,2,0
209,207,2,1,1
209,483,1,0,1
209,18,2,1,0
209,878,1,1,0
209,147,2,1,1
209,21,1,0,1
209,75,1,0,1
209,301,3,1,1
209,59,3,2,1
209,58,1,1,0
209,362,2,1,1
209,86,1,1,0
209,430,1,1,0
209,408,1,1,0
209,901,1,0,1
209,2861,1,1,0
209,23,1,0,1
209,17,1,0,0
209,53,1,0,1
209,240,1,0,0
209,171,1,1,0
209,515,1,1,0
209,779,1,1,0
209,144,1,1,0
209,208,1,1,0
210,24,1,1,0
210,137,1,1,0
210,333,1,1,0
210,334,1,1,0
210,99,1,0,1
210,256,1,1,0
210,260,1,1,0
210,280,3,2,1
210,340,2,1,1
210,22,1,1,0
210,21,4,3,1
210,324,1,1,0
210,20,3,3,0
210,415,1,0,1
210,168,1,1,0
210,741,1,1,0
210,381,2,0,2
210,2,2,1,1
210,34,2,2,0
210,17,2,1,1
210,104,1,1,0
210,395,1,0,1
210,53,2,1,0
210,179,3,3,0
210,11,1,1,0
210,199,3,2,0
210,143,2,2,0
210,1718,1,1,0
210,123,2,2,0
210,28,1,1,0
210,103,1,1,0
210,106,1,1,0
210,312,1,1,0
210,9,1,1,0
210,60,1,1,0
210,792,1,1,0
210,51,3,2,1
210,171,1,1,0
210,692,1,0,1
210,646,1,1,0
210,170,1,0,1
210,81,1,0,1
210,56,1,0,1
210,358,1,1,0
210,318,1,0,1
210,259,2,2,0
210,483,1,0,1
210,40,1,1,0
210,78,1,0,1
210,39,1,0,1
210,222,1,1,0
210,57,2,0,1
210,379,1,1,0
210,59,1,0,1
210,26,2,0,2
210,25,1,1,0
210,85,1,1,0
210,294,1,1,0
210,2861,1,1,0
210,2203,1,1,0
210,2935,1,1,0
210,61,1,1,0
210,156,1,1,0
210,83,1,1,0
210,23,1,1,0
210,105,1,1,0
210,74,1,1,0
210,12,1,1,0
211,24,2,2,0
211,82,2,1,0
211,121,1,1,0
211,333,1,1,0
211,426,1,0,1
211,145,1,1,0
211,105,1,1,0
211,208,1,0,1
211,83,1,1,0
211,59,1,1,0
211,312,1,1,0
211,170,5,4,1
211,31,2,2,0
211,15,2,1,1
211,273,1,1,0
211,159,2,0,1
211,339,1,1,0
211,103,1,1,0
211,381,1,1,0
211,118,1,0,1
211,36,1,1,0
211,256,2,0,1
211,200,1,1,0
211,30,3,1,1
211,598,1,0,1
211,353,1,1,0
211,695,2,2,0
211,652,1,1,0
211,16,2,2,0
211,295,1,1,0
211,22,1,1,0
211,318,2,2,0
211,25,1,1,0
211,78,1,0,0
211,12,1,1,0
211,399,1,0,0
211,296,2,2,0
211,246,1,1,0
211,53,2,2,0
211,58,2,2,0
211,106,1,1,0
211,55,1,0,1
211,61,2,1,0
211,688,1,0,0
211,692,1,0,0
211,199,1,0,0
211,280,1,0,0
211,609,2,1,0
211,26,2,1,0
211,815,1,0,1
211,75,1,1,0
211,8,1,0,1
211,57,1,0,1
211,184,1,1,0
211,362,1,1,0
211,144,1,0,1
211,21,1,0,1
211,327,1,0,0
211,218,1,1,0
211,147,1,1,0
212,24,1,1,0
212,7,1,1,0
213,7,1,0,0
213,256,2,2,0
213,167,1,0,0
213,85,1,1,0
213,360,1,1,0
213,1195,1,0,0
213,258,1,0,1
213,692,1,0,1
213,402,1,1,0
213,25,1,1,0
213,149,1,0,0
213,26,1,0,1
214,7,7,4,1
214,137,8,6,2
214,358,4,3,0
214,167,2,0,1
214,216,2,1,1
214,432,4,2,0
214,149,2,0,1
214,512,1,1,0
214,0,2,2,0
214,336,2,2,0
214,408,1,1,0
214,31,1,1,0
214,439,3,3,0
214,470,1,0,0
214,324,3,3,0
214,321,3,1,1
214,667,5,4,1
214,542,2,2,0
214,339,3,2,0
214,396,4,2,1
214,18,3,3,0
214,21,1,1,0
214,158,2,2,0
214,196,3,2,0
214,179,5,2,1
214,25,1,1,0
214,1062,1,0,0
214,13,3,2,0
214,101,7,4,1
214,218,2,1,1
214,76,2,1,1
214,12,4,3,1
214,199,4,2,2
214,147,5,2,3
214,279,1,0,0
214,170,2,1,1
214,259,1,1,0
214,176,3,0,1
214,238,3,3,0
214,419,2,2,0
214,430,3,1,1
214,513,1,1,0
214,501,1,1,0
214,397,1,1,0
214,23,4,2,2
214,84,4,2,2
214,107,2,1,1
214,197,3,1,1
214,19,2,1,1
214,145,1,0,0
214,8,3,2,1
214,625,1,1,0
214,200,2,2,0
214,300,3,2,0
214,121,2,2,0
214,78,3,3,0
214,523,1,1,0
214,426,2,1,1
214,258,1,1,0
214,198,2,0,0
214,2,2,1,0
214,105,3,1,0
214,410,1,1,0
214,24,3,3,0
214,272,2,1,0
214,122,1,0,0
214,256,2,2,0
214,341,2,1,1
214,234,1,0,1
214,246,1,0,0
214,584,1,1,0
214,222,1,1,0
214,1811,2,0,2
214,87,1,0,1
214,83,3,0,0
214,1,4,2,0
214,184,1,0,0
214,104,2,1,1
214,208,5,2,1
214,379,1,1,0
214,294,1,1,0
214,98,1,0,0
214,413,3,1,0
214,57,1,1,0
214,11,1,1,0
214,399,1,1,0
214,148,4,2,1
214,554,1,1,0
214,139,1,1,0
214,299,1,1,0
214,207,1,0,1
214,678,1,0,1
214,1236,1,1,0
214,159,2,1,1
214,77,3,3,0
214,37,1,1,0
214,81,2,2,0
214,277,4,2,2
214,1195,2,2,0
214,58,1,0,1
214,347,2,1,0
214,115,1,1,0
214,390,1,0,0
214,361,1,1,0
214,380,1,0,0
214,619,1,1,0
214,659,1,1,0
214,88,1,0,0
214,402,1,1,0
214,60,1,1,0
214,86,1,0,0
214,28,2,2,0
214,106,1,1,0
214,143,2,1,0
214,431,1,1,0
214,1362,1,1,0
214,511,1,1,0
214,415,1,1,0
214,85,1,0,0
214,175,1,1,0
214,445,1,1,0
214,312,1,1,0
214,39,1,1,0
214,32,1,1,0
214,296,1,0,1
214,734,2,0,0
214,508,1,1,0
214,318,1,1,0
214,471,1,0,0
215,321,1,1,0
215,101,3,1,2
215,494,7,2,5
215,363,1,0,1
215,319,2,1,1
215,431,1,0,0
215,36,3,3,0
215,215,26,11,7
215,158,1,1,0
215,402,1,0,1
215,619,1,0,0
215,314,1,0,1
215,53,2,1,0
215,707,3,3,0
215,77,2,2,0
215,171,2,0,1
215,82,1,1,0
215,60,1,0,0
215,336,1,1,0
215,659,1,0,0
215,87,1,1,0
215,777,1,0,0
215,159,2,1,1
215,56,2,2,0
215,706,2,0,1
215,688,1,0,1
215,716,1,1,0
215,1267,1,1,0
215,864,1,0,1
215,147,1,1,0
215,381,2,2,0
215,741,1,1,0
215,850,1,1,0
215,24,1,0,0
215,59,2,0,2
215,57,1,0,1
215,508,2,1,1
215,770,1,1,0
215,311,1,0,1
215,81,4,1,3
215,144,1,0,0
215,498,1,0,0
215,554,1,1,0
215,399,2,0,2
215,143,2,1,1
215,13,1,1,0
215,23,1,0,1
215,167,1,0,1
215,282,1,0,1
215,76,1,0,1
215,256,2,1,1
215,207,1,0,1
215,734,1,0,1
215,61,2,2,0
215,8,1,1,0
215,52,1,0,0
215,199,1,0,1
215,40,1,0,1
215,240,1,0,1
215,145,1,1,0
215,318,3,2,1
215,170,2,2,0
215,115,1,0,1
215,692,1,0,0
215,26,1,0,1
215,523,1,1,0
215,88,1,0,0
215,781,1,1,0
215,646,1,1,0
215,156,1,1,0
216,159,19,14,3
216,144,6,6,0
216,103,1,0,0
216,216,156,72,58
216,498,5,1,1
216,523,2,2,0
216,426,7,3,4
216,336,4,3,1
216,534,4,2,1
216,439,4,1,1
216,299,1,1,0
216,361,3,2,0
216,619,8,6,2
216,661,3,2,1
216,319,2,2,0
216,24,1,1,0
216,238,11,9,0
216,282,2,1,0
216,256,2,2,0
216,512,3,0,1
216,0,14,10,3
216,109,9,5,4
216,584,2,2,0
216,321,2,0,0
216,663,1,0,0
216,906,2,2,0
216,996,3,0,1
216,77,3,1,2
216,300,10,7,1
216,82,9,6,1
216,297,3,2,1
216,402,5,5,0
216,659,10,4,2
216,675,1,0,0
216,277,4,3,0
216,399,4,1,2
216,511,1,0,1
216,654,2,1,1
216,222,7,5,1
216,397,9,6,0
216,674,3,1,1
216,1127,1,0,1
216,1119,1,1,0
216,101,4,2,0
216,137,3,2,1
216,197,6,4,0
216,430,3,1,1
216,324,1,1,0
216,87,4,2,1
216,105,5,3,2
216,339,1,0,0
216,107,2,1,1
216,360,2,2,0
216,358,8,4,2
216,432,34,20,6
216,199,2,2,0
216,171,20,7,9
216,179,1,0,0
216,349,4,3,1
216,170,10,6,1
216,176,6,3,2
216,207,2,2,0
216,115,1,0,1
216,37,1,1,0
216,470,3,1,0
216,314,1,0,1
216,471,2,0,1
216,296,2,2,0
216,673,1,0,0
216,104,9,3,2
216,9,4,3,0
216,200,9,4,3
216,415,3,2,0
216,379,3,1,1
216,580,1,0,1
216,579,1,0,0
216,461,2,2,0
216,317,1,0,0
216,234,1,0,0
216,541,1,1,0
216,359,2,2,0
216,347,3,3,0
216,624,3,3,0
216,1236,2,1,0
216,279,1,1,0
216,678,1,1,0
216,74,2,1,1
216,413,1,1,0
216,146,1,1,0
216,158,4,0,2
216,362,2,1,0
216,1,1,1,0
216,26,1,1,0
216,84,3,1,1
216,60,2,1,0
216,621,2,1,0
216,260,1,0,1
216,1091,1,1,0
216,462,3,1,0
216,334,1,0,0
216,56,4,1,2
216,494,3,0,1
216,230,1,0,0
216,380,1,1,0
216,272,1,0,1
216,30,15,10,2
216,310,2,1,1
216,18,2,1,1
216,21,2,1,1
216,208,3,2,1
216,280,2,1,1
216,273,3,0,2
216,688,1,0,0
216,854,1,0,0
216,381,1,0,1
216,31,2,1,1
216,518,1,1,0
216,28,2,1,1
216,122,3,1,2
216,7,3,0,1
216,246,2,0,1
216,374,4,3,1
216,918,1,0,1
216,198,1,0,0
216,32,2,1,1
216,259,2,0,1
216,734,1,0,1
216,97,1,0,1
216,1357,1,0,0
216,145,1,0,1
216,33,1,0,1
216,258,1,0,0
216,148,1,1,0
216,878,2,1,0
216,196,1,0,1
216,294,1,0,1
216,175,2,2,0
216,218,1,0,0
216,741,1,0,1
216,1149,1,1,0
216,301,1,0,1
216,19,1,0,1
216,2296,1,1,0
216,1272,1,1,0
216,23,1,1,0
216,815,1,1,0
216,40,1,0,0
216,408,2,0,2
216,139,1,0,1
216,513,1,0,0
216,717,2,2,0
216,684,1,1,0
216,1341,1,0,0
216,57,1,1,0
216,121,1,1,0
217,7,2,1,0
217,74,1,1,0
217,144,2,1,0
217,103,1,1,0
217,318,1,1,0
217,81,1,0,1
217,101,1,0,1
217,88,1,1,0
217,57,2,0,1
217,2,1,1,0
217,19,1,0,0
217,772,1,0,0
217,184,1,0,0
217,156,2,1,1
217,380,1,0,0
217,280,1,0,1
217,23,1,0,0
217,688,1,1,0
217,792,1,1,0
217,16,1,0,1
217,21,1,1,0
217,77,1,1,0
217,26,2,0,1
217,53,2,1,0
217,22,1,1,0
217,13,1,0,1
217,76,1,1,0
217,197,1,0,1
217,106,1,1,0
217,508,1,0,1
217,137,1,0,1
217,362,1,0,0
217,55,1,1,0
217,609,1,0,1
217,51,1,0,1
217,300,1,1,0
217,2861,1,1,0
217,1119,1,1,0
217,240,1,0,0
217,31,1,1,0
217,216,2,0,1
217,673,1,0,0
217,196,1,1,0
218,7,8,4,4
218,238,5,1,4
218,137,7,5,2
218,159,16,9,4
218,300,10,5,4
218,379,16,8,6
218,395,1,0,1
218,36,4,3,1
218,216,12,5,5
218,272,1,1,0
218,432,6,1,4
218,301,9,4,4
218,31,18,11,7
218,230,3,2,1
218,280,3,2,0
218,32,7,5,1
218,359,4,2,1
218,673,2,0,1
218,674,1,0,1
218,319,4,2,2
218,101,3,1,2
218,196,35,13,16
218,105,7,3,4
218,218,87,32,37
218,144,5,0,4
218,277,7,4,3
218,912,2,2,0
218,170,11,4,6
218,470,2,2,0
218,157,1,0,1
218,260,2,1,1
218,415,1,1,0
218,13,10,5,3
218,106,3,1,1
218,295,6,4,2
218,17,3,0,2
218,123,5,1,3
218,16,13,7,5
218,74,6,3,2
218,82,7,4,3
218,103,3,1,2
218,413,4,2,1
218,167,3,0,2
218,59,5,2,2
218,121,5,3,1
218,19,5,1,3
218,215,8,3,3
218,240,5,3,2
218,158,3,2,1
218,318,6,3,2
218,109,8,1,6
218,534,7,5,1
218,467,8,4,3
218,279,5,1,2
218,508,1,0,1
218,258,7,3,4
218,390,3,2,0
218,659,9,2,4
218,625,2,1,1
218,376,1,0,1
218,972,1,0,1
218,1062,1,1,0
218,256,4,2,0
218,51,3,0,3
218,107,9,3,4
218,197,13,5,7
218,171,14,6,6
218,207,4,2,2
218,222,3,2,1
218,579,4,2,1
218,362,2,2,0
218,87,8,2,4
218,61,8,3,4
218,156,8,1,4
218,430,1,1,0
218,149,6,2,4
218,199,5,3,1
218,554,2,2,0
218,429,2,0,1
218,143,3,2,1
218,22,2,1,0
218,314,2,1,1
218,883,1,1,0
218,55,5,1,4
218,147,2,0,2
218,30,16,8,6
218,933,1,0,1
218,358,9,5,4
218,1,8,5,3
218,21,3,1,2
218,339,1,1,0
218,57,7,4,3
218,146,4,1,2
218,294,7,3,4
218,349,2,1,1
218,361,5,1,2
218,523,11,4,6
218,347,7,4,1
218,0,13,4,6
218,299,4,0,3
218,40,4,1,3
218,81,8,5,1
218,24,6,3,2
218,84,5,1,2
218,60,4,2,2
218,312,3,1,1
218,86,6,2,3
218,282,3,1,1
218,327,3,2,0
218,168,6,5,0
218,494,2,1,1
218,9,2,0,2
218,8,8,8,0
218,56,13,5,7
218,695,1,0,1
218,122,2,1,1
218,402,2,1,0
218,293,1,1,0
218,692,2,1,1
218,33,3,2,1
218,334,2,0,1
218,310,7,2,5
218,688,1,1,0
218,772,3,0,3
218,58,3,0,3
218,179,2,0,1
218,706,2,1,0
218,23,8,5,3
218,208,1,0,1
218,281,4,0,4
218,77,4,1,2
218,333,2,0,2
218,78,3,2,0
218,498,3,1,1
218,52,3,1,2
218,37,2,0,2
218,408,2,0,2
218,15,3,2,1
218,198,6,3,3
218,700,4,1,3
218,1276,2,0,0
218,619,2,2,0
218,25,6,4,2
218,28,4,1,2
218,741,5,1,3
218,419,2,1,1
218,53,4,2,1
218,381,4,3,1
218,854,1,1,0
218,777,1,1,0
218,2537,1,1,0
218,104,1,1,0
218,80,3,1,2
218,75,1,1,0
218,512,1,1,0
218,336,3,1,2
218,638,1,0,1
218,200,1,1,0
218,297,4,2,2
218,85,1,0,1
218,471,3,0,2
218,176,3,1,1
218,259,2,1,1
218,483,5,2,2
218,518,2,0,2
218,734,2,1,1
218,18,5,3,2
218,34,5,2,2
218,175,1,1,0
218,145,3,1,2
218,445,2,1,0
218,88,2,0,2
218,76,3,0,2
218,97,2,1,0
218,296,7,5,2
218,278,4,1,3
218,492,2,2,0
218,39,2,1,1
218,439,2,0,2
218,503,1,1,0
218,1031,1,0,1
218,1142,1,0,0
218,26,3,2,1
218,234,2,2,0
218,148,2,0,2
218,12,1,0,1
218,426,5,2,1
218,816,1,1,0
218,115,3,1,1
218,321,1,1,0
218,770,1,0,1
218,311,3,1,1
218,2656,1,1,0
218,14,1,0,1
218,98,1,1,0
218,246,1,1,0
218,560,1,1,0
218,541,1,0,1
218,340,2,1,1
218,360,2,1,1
218,374,1,0,0
218,248,1,1,0
218,878,1,1,0
218,2,2,1,1
218,716,1,0,1
218,83,1,1,0
218,666,4,0,3
218,386,1,1,0
218,2526,3,1,2
218,2820,3,1,2
218,2861,1,1,0
218,231,3,0,3
218,918,1,0,1
218,93,2,2,0
218,118,1,0,1
218,2203,6,5,1
218,2328,2,2,0
218,1119,2,1,0
218,2296,2,1,1
218,2929,2,2,0
218,2308,1,1,0
218,2935,3,1,1
218,2956,1,1,0
218,609,1,0,1
218,20,1,0,0
218,646,1,0,0
218,2089,2,0,0
219,7,2,1,1
219,277,4,3,1
219,98,13,7,4
219,333,2,1,1
219,341,5,4,0
219,52,4,3,1
219,16,3,1,2
219,158,3,3,0
219,31,6,4,2
219,230,3,0,1
219,259,3,0,1
219,99,3,1,2
219,542,1,1,0
219,17,30,14,13
219,310,10,2,5
219,281,5,1,3
219,83,10,6,4
219,19,7,4,2
219,584,3,1,1
219,170,3,1,2
219,207,9,6,2
219,692,3,1,2
219,713,1,1,0
219,483,28,14,10
219,972,3,2,1
219,181,7,2,4
219,51,14,5,6
219,215,5,2,1
219,81,3,1,1
219,87,7,4,2
219,26,7,4,2
219,218,7,3,4
219,88,12,5,7
219,282,6,3,2
219,76,10,5,5
219,149,2,1,0
219,498,1,1,0
219,492,3,1,1
219,512,2,2,0
219,97,4,4,0
219,312,1,0,1
219,294,4,3,1
219,890,1,1,0
219,912,6,3,3
219,918,1,1,0
219,439,6,1,2
219,198,2,1,0
219,168,6,3,2
219,700,1,1,0
219,666,2,0,2
219,314,5,1,3
219,319,1,0,1
219,1102,3,0,2
219,1021,4,0,2
219,948,7,6,1
219,1088,5,3,2
219,471,6,4,2
219,40,2,0,2
219,461,2,1,1
219,77,7,4,2
219,419,2,2,0
219,430,5,2,2
219,431,4,3,1
219,340,2,2,0
219,240,5,4,0
219,179,12,6,5
219,609,12,5,7
219,339,2,2,0
219,360,8,5,3
219,33,2,2,0
219,56,9,5,3
219,106,3,2,0
219,402,1,1,0
219,508,5,1,2
219,511,2,1,0
219,518,2,1,1
219,675,3,1,2
219,684,1,1,0
219,652,1,1,0
219,8,4,1,3
219,256,1,0,0
219,147,5,3,1
219,109,3,1,0
219,143,5,2,2
219,156,6,2,4
219,74,12,4,7
219,146,3,2,1
219,413,2,1,1
219,1135,2,0,1
219,678,1,0,1
219,105,1,1,0
219,300,1,1,0
219,772,1,1,0
219,58,5,1,3
219,104,1,0,0
219,57,5,1,4
219,246,6,2,2
219,390,6,1,5
219,304,1,0,1
219,379,4,2,2
219,663,2,1,1
219,1865,1,0,0
219,222,2,1,1
219,376,3,0,1
219,103,5,2,3
219,80,1,1,0
219,273,1,0,0
219,248,6,0,3
219,850,1,1,0
219,770,1,1,0
219,197,5,1,3
219,349,1,0,1
219,23,7,2,5
219,9,3,2,0
219,925,3,3,0
219,699,1,1,0
219,2,3,2,1
219,208,5,4,1
219,36,2,0,2
219,93,1,1,0
219,216,3,0,3
219,0,3,2,1
219,523,7,3,2
219,199,4,1,2
219,122,1,1,0
219,580,1,1,0
219,295,5,1,4
219,334,4,3,0
219,347,3,2,1
219,296,3,3,0
219,20,4,3,1
219,361,2,1,1
219,86,2,2,0
219,619,1,1,0
219,321,1,0,1
219,28,4,2,1
219,84,4,1,3
219,75,6,2,4
219,85,5,3,1
219,24,2,1,1
219,320,1,1,0
219,107,3,3,0
219,61,3,2,1
219,53,4,2,2
219,494,2,0,2
219,426,1,1,0
219,258,2,0,2
219,311,8,3,3
219,238,2,1,1
219,234,1,0,1
219,646,11,4,5
219,1267,1,1,0
219,18,4,2,2
219,144,4,2,1
219,169,1,0,1
219,399,3,0,2
219,301,3,2,1
219,137,3,2,0
219,55,1,1,0
219,621,1,1,0
219,635,3,2,1
219,579,4,0,3
219,362,1,1,0
219,317,1,0,0
219,123,1,0,1
219,11,1,0,0
219,60,3,2,1
219,196,3,1,2
219,608,1,0,0
219,157,2,1,1
219,167,1,1,0
219,30,4,0,3
219,299,1,0,1
219,34,1,1,0
219,78,2,2,0
219,171,2,1,1
219,145,1,0,1
219,39,3,1,2
219,279,1,1,0
219,445,6,2,1
219,118,1,1,0
219,22,3,1,2
219,12,1,0,1
219,429,1,0,0
219,554,1,0,0
219,101,1,0,1
219,513,2,0,0
219,25,1,1,0
219,231,1,1,0
219,1717,1,0,1
219,878,1,0,0
219,864,2,2,0
219,2526,1,0,0
219,2855,1,1,0
219,503,1,0,1
219,336,1,0,1
219,2639,1,0,1
219,1171,1,0,0
219,2308,1,1,0
219,3132,1,1,0
219,415,1,1,0
219,159,1,0,1
219,1251,1,1,0
220,7,1,1,0
220,82,1,1,0
220,432,1,1,0
220,0,1,1,0
220,105,1,1,0
220,1,2,1,0
220,26,1,0,1
220,74,1,1,0
220,77,1,1,0
220,57,1,1,0
220,11,1,1,0
220,159,1,1,0
221,7,1,1,0
221,310,2,1,1
221,259,2,2,0
221,55,2,1,0
221,21,2,1,0
221,429,1,1,0
221,2,2,1,1
221,51,4,3,1
221,175,4,2,1
221,430,2,1,1
221,295,1,0,1
221,296,1,1,0
221,86,2,1,1
221,218,1,1,0
221,84,1,1,0
221,713,1,1,0
221,11,2,2,0
221,18,2,1,1
221,17,2,2,0
221,123,2,2,0
221,98,1,1,0
221,33,1,1,0
221,699,1,1,0
221,196,1,1,0
221,208,2,2,0
221,88,1,1,0
221,58,2,2,0
221,492,1,1,0
221,15,1,1,0
221,8,1,1,0
221,9,3,0,3
221,579,1,1,0
221,159,3,3,0
221,61,1,0,0
221,358,1,1,0
221,121,1,1,0
221,75,1,1,0
221,77,2,2,0
221,56,1,1,0
221,23,2,2,0
221,26,2,1,1
221,40,1,1,0
221,258,1,1,0
221,772,1,1,0
221,386,3,1,2
221,301,1,0,1
221,336,1,1,0
221,280,1,1,0
221,652,2,1,1
221,256,1,1,0
221,146,1,1,0
221,87,1,1,0
221,53,2,1,1
221,25,1,1,0
221,399,1,0,1
221,281,1,1,0
221,147,1,0,0
221,646,3,0,1
221,501,1,1,0
221,2956,2,2,0
221,12,1,0,1
221,200,1,0,0
221,143,1,1,0
221,381,1,1,0
221,695,1,1,0
221,52,1,0,0
221,199,1,1,0
221,82,1,1,0
221,30,1,0,0
221,619,1,1,0
221,779,1,1,0
221,231,1,1,0
221,39,1,1,0
221,792,1,0,1
221,716,1,1,0
222,7,1,1,0
222,512,2,1,0
222,294,3,2,0
222,139,1,1,0
222,222,45,23,19
222,432,8,3,2
222,28,2,2,0
222,34,1,0,1
222,105,2,0,2
222,360,2,2,0
222,9,1,0,1
222,358,2,1,0
222,55,1,0,1
222,430,3,2,1
222,56,1,1,0
222,426,4,2,2
222,145,1,1,0
222,327,3,2,0
222,513,3,3,0
222,297,1,1,0
222,402,1,0,0
222,467,2,2,0
222,470,1,0,1
222,415,2,0,1
222,361,5,3,1
222,619,4,1,3
222,321,3,1,1
222,397,1,0,1
222,32,1,1,0
222,663,5,2,0
222,362,2,0,2
222,1102,1,1,0
222,1127,3,1,1
222,1031,2,1,1
222,640,3,0,2
222,300,7,4,2
222,103,3,3,0
222,196,2,2,0
222,399,1,0,1
222,170,3,2,1
222,621,3,2,0
222,26,1,0,1
222,137,3,1,1
222,199,1,1,0
222,109,11,4,5
222,381,2,1,0
222,256,1,0,0
222,277,1,1,0
222,282,2,1,1
222,494,3,2,1
222,380,1,1,0
222,408,1,0,1
222,200,3,1,2
222,312,1,0,1
222,431,2,0,0
222,334,4,1,2
222,584,7,3,2
222,659,5,2,2
222,207,1,0,0
222,878,5,1,3
222,123,1,1,0
222,40,2,1,1
222,84,2,1,1
222,216,3,1,2
222,471,3,2,1
222,230,1,0,1
222,483,1,1,0
222,82,3,3,0
222,376,1,0,0
222,39,2,0,1
222,523,2,1,1
222,77,1,1,0
222,310,1,0,1
222,379,1,0,0
222,171,1,0,0
222,554,1,0,1
222,30,1,1,0
222,349,2,0,2
222,296,2,1,0
222,772,1,0,0
222,159,3,1,2
222,498,2,2,0
222,906,2,1,1
222,78,1,0,1
222,667,1,1,0
222,87,2,1,1
222,339,1,0,1
222,347,1,0,1
222,101,2,0,2
222,36,1,1,0
222,75,1,0,1
222,2169,1,0,1
222,295,1,0,1
222,336,1,0,1
222,372,1,0,1
222,248,1,0,0
222,106,1,1,0
222,816,3,1,1
222,707,1,0,1
222,218,1,0,1
222,231,2,1,1
222,0,3,0,0
222,661,2,0,1
222,179,1,0,1
222,278,1,1,0
222,413,1,0,1
222,272,1,1,0
222,581,3,1,1
222,197,1,1,0
222,146,1,0,1
222,534,1,0,1
222,374,1,0,1
222,279,1,1,0
222,439,1,1,0
222,499,2,2,0
223,7,1,1,0
223,395,1,1,0
223,78,1,1,0
223,240,1,0,0
224,7,1,1,0
224,379,1,1,0
224,77,1,1,0
224,88,1,1,0
224,222,1,1,0
224,17,1,0,1
224,26,2,2,0
224,310,1,1,0
224,207,1,0,1
224,156,1,1,0
224,20,1,1,0
224,925,1,0,0
224,105,1,0,0
224,699,1,0,0
224,716,2,1,0
224,51,1,0,0
224,61,2,2,0
224,168,1,1,0
224,81,1,1,0
224,878,1,0,0
224,318,1,1,0
224,695,1,1,0
224,143,1,1,0
224,296,1,1,0
224,609,1,1,0
225,7,1,1,0
225,143,1,1,0
225,755,1,0,1
225,56,3,1,1
225,24,1,0,0
225,77,1,1,0
225,107,1,1,0
225,148,2,2,0
225,281,1,0,0
225,208,1,1,0
225,11,1,1,0
225,101,1,1,0
225,8,1,1,0
225,59,1,1,0
225,84,1,0,1
225,300,1,0,1
225,333,2,2,0
225,37,1,1,0
225,21,1,0,0
225,184,1,0,0
225,26,1,1,0
225,272,1,0,1
225,58,1,1,0
225,295,1,1,0
225,413,1,0,1
225,34,1,0,1
225,18,1,1,0
225,147,1,0,0
225,381,2,1,0
225,512,1,1,0
225,508,2,1,1
225,277,1,0,0
225,706,1,1,0
225,13,1,1,0
225,501,1,0,1
225,294,1,0,1
225,700,1,1,0
225,28,1,0,1
225,311,1,0,1
225,883,1,0,0
225,57,1,1,0
226,7,2,1,0
226,146,1,1,0
226,347,1,1,0
226,410,1,1,0
226,13,2,2,0
226,310,1,1,0
226,58,1,0,1
226,200,2,1,1
226,445,1,1,0
226,118,1,1,0
226,273,1,0,0
226,199,1,1,0
226,256,1,0,0
226,169,1,1,0
226,101,1,0,0
226,16,1,1,0
226,17,1,1,0
226,52,1,1,0
226,293,1,0,0
226,147,2,1,1
226,159,1,1,0
226,646,1,0,1
226,609,3,0,2
226,24,2,1,0
226,301,1,1,0
226,31,2,1,1
226,20,3,1,2
226,259,2,2,0
226,81,1,0,1
226,222,2,1,1
226,78,1,0,1
226,86,1,0,1
226,61,1,1,0
226,55,1,0,1
226,234,1,1,0
226,22,1,0,1
226,294,1,0,0
226,318,1,1,0
226,299,1,1,0
226,2861,1,1,0
226,467,1,1,0
226,483,1,1,0
226,53,1,1,0
226,399,1,0,1
226,59,1,1,0
226,542,1,0,1
226,15,1,1,0
227,7,1,1,0
227,170,1,1,0
227,56,1,1,0
227,58,1,1,0
227,148,1,1,0
227,158,1,1,0
227,380,2,1,1
227,175,1,0,1
227,273,1,1,0
228,123,1,1,0
229,123,1,0,0
229,512,2,1,0
229,230,1,1,0
229,998,1,1,0
229,310,1,1,0
229,374,1,0,0
229,170,2,1,0
229,181,1,0,0
229,470,1,1,0
229,103,1,0,0
229,200,1,1,0
229,297,1,0,1
229,621,1,1,0
229,197,2,1,1
229,333,2,0,1
229,121,1,0,0
229,499,1,1,0
229,321,1,0,0
229,1135,1,0,0
229,1091,2,0,0
229,107,2,1,1
229,413,1,0,0
229,179,1,0,0
229,26,1,0,0
229,104,1,1,0
229,360,1,0,1
229,25,1,0,1
229,176,1,1,0
229,580,1,1,0
229,158,1,1,0
229,23,1,0,0
229,311,1,0,1
229,87,2,1,1
229,175,1,0,1
229,24,1,0,0
229,256,1,1,0
229,259,1,1,0
229,878,1,1,0
229,7,1,0,1
229,105,1,0,0
229,57,1,1,0
229,30,1,0,1
229,77,1,0,0
229,513,1,0,1
229,55,1,1,0
229,159,2,1,1
229,379,1,1,0
229,215,1,1,0
230,123,1,1,0
230,512,3,3,0
230,380,3,1,1
230,310,1,1,0
230,230,10,4,4
230,734,1,0,0
230,716,1,0,1
230,59,1,1,0
230,256,1,0,0
230,321,2,0,1
230,379,1,0,0
230,336,1,1,0
230,296,1,0,1
230,621,1,0,0
230,1423,1,0,0
230,109,2,1,1
230,339,2,1,1
230,359,1,0,1
230,312,1,0,0
230,238,1,0,0
230,82,1,0,1
230,272,1,1,0
230,121,1,0,0
230,40,2,1,0
230,39,3,0,1
230,659,1,0,1
230,16,1,1,0
230,327,1,1,0
231,123,1,1,0
231,105,1,1,0
231,310,2,1,1
231,395,1,1,0
231,207,7,4,2
231,734,2,1,1
231,149,3,0,3
231,584,1,0,1
231,912,1,0,1
231,314,3,1,1
231,51,4,1,2
231,34,1,1,0
231,107,2,2,0
231,281,2,1,1
231,121,3,2,1
231,256,1,0,1
231,199,6,2,2
231,240,3,2,1
231,918,1,0,0
231,637,2,1,1
231,659,3,2,1
231,408,1,1,0
231,362,3,1,1
231,9,3,2,1
231,381,2,1,1
231,168,2,1,1
231,361,3,2,1
231,19,2,0,2
231,52,4,1,2
231,175,1,1,0
231,470,1,1,0
231,467,2,0,1
231,25,2,1,1
231,28,1,1,0
231,8,1,1,0
231,77,3,0,2
231,399,3,2,1
231,97,1,1,0
231,770,7,4,1
231,13,2,0,1
231,23,2,0,2
231,159,4,4,0
231,523,1,1,0
231,145,3,1,2
231,646,1,0,0
231,854,2,1,1
231,82,1,0,1
231,39,1,1,0
231,55,1,1,0
231,415,1,0,1
231,772,1,0,0
231,419,1,1,0
231,156,1,1,0
231,1021,1,0,0
231,498,2,1,1
231,390,1,1,0
231,18,9,1,8
231,230,1,1,0
231,61,1,0,1
231,59,1,0,1
231,347,1,1,0
231,115,1,0,1
231,515,1,1,0
231,87,2,2,0
231,17,1,0,1
231,339,1,1,0
231,277,3,0,2
231,197,2,0,1
231,56,1,0,1
231,58,1,0,1
231,231,74,6,63
231,215,2,0,0
231,234,2,0,1
231,0,1,0,1
231,336,1,1,0
231,122,1,0,1
231,179,2,0,1
231,312,1,0,1
231,30,1,0,1
231,143,1,0,1
231,439,2,0,1
231,259,1,0,1
231,258,1,0,1
231,20,1,1,0
231,684,1,1,0
231,1717,1,0,1
231,1142,1,0,1
231,311,1,1,0
231,317,1,0,1
231,413,1,1,0
231,430,2,0,2
231,60,1,0,0
231,503,2,1,1
231,492,1,1,0
231,171,1,0,1
231,688,1,0,1
231,57,2,2,0
231,695,1,0,1
231,318,1,0,1
231,831,2,2,0
231,76,1,0,0
231,109,2,0,1
231,1272,1,0,1
231,176,1,1,0
231,948,1,0,1
231,699,1,1,0
231,26,1,1,0
231,878,1,0,0
231,700,1,1,0
231,883,1,0,0
231,333,1,1,0
232,123,1,0,1
232,179,1,1,0
232,88,1,1,0
232,26,1,1,0
232,59,1,1,0
232,200,1,1,0
232,23,1,0,0
232,30,1,0,0
233,123,2,2,0
233,419,1,0,1
233,492,1,0,1
233,17,1,1,0
233,15,1,1,0
233,862,1,0,0
234,105,4,2,2
234,84,4,1,2
234,310,3,1,1
234,277,4,2,2
234,379,5,2,2
234,413,4,1,2
234,167,3,3,0
234,215,7,6,0
234,426,1,0,0
234,31,1,1,0
234,334,2,1,0
234,230,1,1,0
234,608,1,0,0
234,659,4,0,3
234,579,2,1,1
234,93,3,3,0
234,256,5,4,0
234,336,3,2,1
234,541,1,0,0
234,145,1,1,0
234,21,4,4,0
234,56,1,1,0
234,26,3,3,0
234,82,3,1,1
234,281,3,1,2
234,88,2,2,0
234,156,2,1,1
234,282,3,0,2
234,40,3,1,2
234,240,3,1,1
234,327,3,2,1
234,158,1,1,0
234,30,5,3,0
234,39,1,0,1
234,295,3,2,1
234,471,2,1,0
234,445,1,0,1
234,470,2,1,1
234,635,1,1,0
234,311,4,3,1
234,483,1,0,1
234,1133,1,1,0
234,181,1,1,0
234,1082,3,2,1
234,1142,2,1,1
234,199,4,3,0
234,170,2,1,1
234,146,4,3,1
234,234,38,16,21
234,584,5,3,2
234,18,2,1,1
234,300,6,2,1
234,216,3,0,2
234,432,2,2,0
234,321,1,0,0
234,667,1,0,0
234,123,5,0,3
234,238,2,0,1
234,674,3,1,0
234,494,2,1,0
234,318,1,0,1
234,143,2,0,1
234,60,2,2,0
234,198,4,3,0
234,147,5,3,2
234,2,1,0,0
234,208,4,2,2
234,81,6,5,1
234,685,1,0,1
234,663,1,0,0
234,28,4,2,2
234,339,2,2,0
234,513,2,1,0
234,1147,1,0,0
234,360,3,1,1
234,358,1,1,0
234,395,2,2,0
234,430,4,1,0
234,83,2,0,1
234,333,1,1,0
234,106,2,2,0
234,429,1,1,0
234,349,1,1,0
234,347,1,1,0
234,13,2,0,2
234,87,5,1,3
234,101,3,2,1
234,52,1,1,0
234,75,2,1,1
234,512,3,2,1
234,297,2,1,1
234,259,3,1,2
234,508,2,1,1
234,361,2,1,1
234,666,1,0,1
234,1276,1,0,1
234,319,1,0,1
234,171,2,1,0
234,77,3,2,1
234,137,1,1,0
234,159,2,1,1
234,408,1,0,1
234,196,2,2,0
234,51,1,0,1
234,103,2,1,1
234,492,1,1,0
234,176,1,0,1
234,32,2,2,0
234,168,1,1,0
234,359,4,2,2
234,815,1,1,0
234,76,1,1,0
234,57,3,0,1
234,280,1,0,1
234,23,1,1,0
234,304,1,1,0
234,74,2,1,1
234,107,2,2,0
234,197,1,0,1
234,200,9,4,2
234,109,3,3,0
234,296,1,1,0
234,402,1,1,0
234,390,3,2,0
234,248,2,0,0
234,17,2,2,0
234,33,2,1,1
234,179,2,1,1
234,816,1,1,0
234,1121,1,0,0
234,301,1,1,0
234,175,1,0,1
234,58,1,1,0
234,148,2,0,2
234,207,1,1,0
234,461,1,0,1
234,22,1,0,1
234,415,1,1,0
234,376,1,1,0
234,7,1,0,1
234,501,1,0,1
234,380,1,0,0
234,55,1,0,1
234,19,1,1,0
234,16,1,1,0
234,118,1,1,0
234,0,1,0,1
234,700,1,1,0
234,299,1,0,1
234,36,1,1,0
235,14,1,1,0
236,14,1,1,0
236,333,1,1,0
236,36,1,1,0
236,149,1,1,0
236,28,2,2,0
236,327,2,1,0
236,361,2,0,0
236,93,1,1,0
236,358,1,1,0
236,7,1,1,0
236,170,1,1,0
236,144,2,2,0
236,175,1,1,0
236,419,1,1,0
236,40,2,1,0
236,301,1,0,0
236,347,1,1,0
236,439,1,1,0
236,207,2,2,0
236,462,2,2,0
236,1811,1,1,0
236,51,3,1,2
236,311,1,1,0
236,695,1,1,0
236,523,2,0,2
236,260,1,1,0
236,199,3,1,2
236,692,2,1,1
236,17,2,0,2
236,379,1,0,1
236,61,1,1,0
236,609,1,0,1
236,148,1,0,1
236,74,2,1,1
236,23,1,0,1
236,145,1,1,0
236,8,1,0,1
237,14,1,1,0
238,104,19,13,3
238,238,194,111,61
238,218,1,0,0
238,299,6,5,1
238,84,18,10,6
238,310,27,9,12
238,317,10,4,5
238,358,34,23,5
238,30,40,25,7
238,197,10,6,3
238,333,5,2,0
238,216,38,26,6
238,402,16,11,2
238,432,26,18,5
238,122,9,9,0
238,429,5,4,1
238,467,4,1,2
238,279,9,2,4
238,584,6,4,0
238,608,6,2,1
238,170,27,20,3
238,511,10,7,0
238,637,4,1,1
238,260,3,3,0
238,222,7,3,3
238,361,15,7,5
238,499,4,3,0
238,321,7,0,2
238,397,6,4,2
238,674,1,1,0
238,624,11,11,0
238,340,2,0,1
238,13,2,2,0
238,81,3,3,0
238,7,8,5,2
238,277,19,12,2
238,360,8,1,4
238,430,13,8,2
238,93,3,1,1
238,0,9,7,1
238,40,4,3,1
238,327,32,16,9
238,554,3,1,1
238,471,11,5,3
238,295,7,7,0
238,334,4,3,1
238,230,8,4,1
238,324,2,1,0
238,940,2,2,0
238,713,1,1,0
238,496,3,0,0
238,667,3,1,0
238,542,11,9,1
238,906,1,1,0
238,300,38,23,8
238,144,37,20,14
238,82,17,12,2
238,207,7,3,3
238,179,3,2,0
238,200,9,4,2
238,87,28,21,6
238,137,10,7,1
238,107,8,6,2
238,21,6,3,1
238,158,14,9,1
238,294,10,9,0
238,415,13,9,1
238,32,8,6,0
238,675,5,3,2
238,678,3,1,1
238,512,8,2,3
238,78,2,0,2
238,494,13,7,4
238,318,2,2,0
238,890,2,2,0
238,347,17,13,1
238,176,12,5,4
238,1091,2,1,1
238,659,31,15,11
238,1102,1,1,0
238,1127,2,0,1
238,1021,1,0,1
238,948,1,0,1
238,1090,1,1,0
238,1126,2,2,0
238,1142,2,0,2
238,101,19,12,5
238,23,5,3,2
238,17,4,2,0
238,24,4,3,0
238,105,32,22,5
238,199,5,5,0
238,208,14,9,2
238,159,28,22,2
238,175,15,9,6
238,281,6,2,3
238,103,11,6,4
238,60,8,7,0
238,77,22,11,7
238,55,9,7,1
238,88,13,9,3
238,282,9,5,3
238,76,7,4,0
238,57,8,7,1
238,312,7,5,0
238,149,15,12,1
238,498,8,4,4
238,240,5,3,0
238,148,1,1,0
238,171,9,6,2
238,408,16,12,2
238,501,2,1,1
238,431,13,3,5
238,374,12,7,5
238,259,6,3,1
238,470,3,2,0
238,362,10,5,0
238,1236,7,7,0
238,18,5,2,2
238,196,2,1,1
238,56,4,3,1
238,121,7,4,2
238,215,3,1,1
238,52,4,1,2
238,461,7,2,1
238,390,2,1,1
238,445,1,0,1
238,36,3,3,0
238,492,7,5,1
238,523,8,2,3
238,109,3,1,0
238,143,5,5,0
238,652,1,1,0
238,619,6,3,3
238,74,9,6,2
238,169,4,4,0
238,395,6,3,2
238,341,3,1,0
238,145,3,2,0
238,273,10,6,3
238,9,3,1,2
238,98,4,1,1
238,25,5,4,0
238,379,5,3,0
238,12,3,2,0
238,336,8,8,0
238,296,2,1,0
238,1423,8,3,2
238,272,11,8,2
238,59,1,1,0
238,256,4,2,2
238,75,2,0,1
238,399,5,1,2
238,147,6,2,2
238,410,2,1,0
238,462,3,1,0
238,28,11,8,1
238,419,5,5,0
238,234,6,4,1
238,426,13,6,4
238,1,6,5,1
238,123,1,0,1
238,304,1,1,0
238,278,6,5,1
238,339,8,3,4
238,80,1,1,0
238,413,6,2,1
238,19,9,5,3
238,97,2,2,0
238,301,2,2,0
238,31,2,2,0
238,598,1,1,0
238,139,5,1,1
238,579,2,1,0
238,146,4,2,1
238,912,1,0,0
238,663,5,1,2
238,1195,3,1,0
238,58,1,1,0
238,534,3,1,0
238,439,8,3,2
238,541,1,1,0
238,34,1,0,0
238,349,2,0,0
238,1355,1,1,0
238,653,2,0,1
238,734,1,1,0
238,39,6,3,1
238,320,3,3,0
238,396,1,1,0
238,513,3,2,1
238,311,4,1,2
238,1865,2,1,1
238,106,1,0,0
238,115,3,3,0
238,638,1,0,1
238,380,1,1,0
238,198,4,3,1
238,376,1,0,0
238,560,1,0,0
238,14,1,1,0
238,83,2,1,1
238,85,6,4,0
238,381,1,1,0
238,157,1,1,0
238,777,1,1,0
238,864,2,0,2
238,930,1,0,0
238,26,3,2,0
238,184,1,0,1
238,815,1,1,0
238,1113,1,1,0
238,246,1,1,0
238,918,1,1,0
238,862,1,1,0
238,1062,1,1,0
238,359,4,2,2
238,372,2,0,2
238,1046,1,1,0
238,1135,1,0,0
238,684,2,2,0
238,51,2,0,1
238,33,2,1,1
238,156,2,0,2
238,646,1,0,0
238,168,1,0,0
238,854,1,1,0
238,1171,1,0,0
238,231,2,0,1
238,1272,1,1,0
238,280,1,0,0
238,1718,1,0,1
238,781,1,1,0
238,673,2,1,0
238,314,1,1,0
238,621,1,1,0
238,685,2,1,1
239,104,1,0,0
239,240,3,2,1
239,431,1,0,1
239,15,1,1,0
239,218,1,1,0
239,199,1,0,1
239,513,1,1,0
239,222,1,1,0
239,86,1,1,0
239,419,1,0,1
239,621,1,0,1
239,300,1,1,0
239,93,1,1,0
239,103,2,1,1
239,498,1,0,1
239,238,1,0,1
239,143,1,0,1
239,280,1,0,1
239,925,1,0,1
239,779,2,2,0
239,175,1,0,1
239,281,4,2,2
239,171,1,0,1
239,688,1,1,0
239,158,1,0,1
239,184,1,1,0
239,646,5,4,1
239,30,1,0,1
239,301,1,0,1
239,51,3,3,0
239,23,2,1,1
239,258,1,0,1
239,159,1,1,0
239,53,2,1,1
239,340,2,2,0
239,609,1,1,0
239,282,1,0,0
239,706,1,1,0
239,21,1,0,1
239,13,1,0,1
239,83,1,1,0
239,17,1,0,1
239,61,2,1,0
239,9,1,0,1
239,318,1,1,0
239,692,1,0,1
239,8,1,1,0
239,88,1,0,0
239,3132,1,1,0
240,104,5,3,1
240,74,5,3,1
240,82,4,2,1
240,360,2,2,0
240,379,7,3,2
240,413,1,0,0
240,167,5,1,2
240,494,4,0,1
240,492,1,0,0
240,0,5,3,0
240,240,104,49,38
240,171,3,3,0
240,327,3,1,1
240,179,3,2,0
240,402,2,1,0
240,324,1,0,0
240,619,1,0,0
240,667,17,11,5
240,542,4,2,1
240,101,4,3,1
240,137,3,1,2
240,52,7,5,1
240,318,3,2,1
240,39,11,4,2
240,713,3,1,0
240,340,1,1,0
240,84,16,3,11
240,23,20,9,9
240,26,3,2,1
240,278,3,1,1
240,339,1,0,1
240,144,2,2,0
240,358,1,1,0
240,430,7,4,2
240,216,5,4,1
240,30,4,1,2
240,59,2,1,1
240,149,3,2,1
240,399,2,1,0
240,336,6,2,3
240,246,3,2,0
240,467,4,3,1
240,347,1,1,0
240,170,9,5,1
240,299,2,1,1
240,511,2,2,0
240,390,3,1,2
240,414,3,2,1
240,314,1,1,0
240,579,4,2,2
240,359,4,2,1
240,1108,7,3,4
240,1091,1,1,0
240,1031,1,0,1
240,1148,4,0,4
240,272,13,6,6
240,222,1,1,0
240,408,3,2,1
240,24,1,0,0
240,159,3,1,0
240,9,2,0,2
240,36,5,1,2
240,199,6,2,2
240,158,3,1,1
240,707,3,1,2
240,81,1,1,0
240,310,4,3,0
240,513,2,2,0
240,584,1,1,0
240,674,1,0,1
240,277,7,2,2
240,33,1,0,0
240,419,23,7,14
240,333,3,0,3
240,57,1,0,0
240,256,6,3,2
240,498,2,0,0
240,560,1,0,0
240,97,2,0,0
240,301,2,0,1
240,294,3,2,1
240,143,11,7,4
240,334,2,0,1
240,471,2,2,0
240,372,2,1,1
240,496,3,2,0
240,653,2,1,0
240,376,1,1,0
240,105,5,2,2
240,300,3,2,1
240,77,8,5,3
240,215,6,4,1
240,16,5,5,0
240,741,2,1,0
240,293,1,1,0
240,933,1,1,0
240,699,1,1,0
240,1109,2,2,0
240,295,2,1,0
240,139,1,0,0
240,208,2,1,0
240,470,3,1,1
240,60,2,1,0
240,431,1,1,0
240,499,2,0,0
240,238,2,1,1
240,281,3,1,0
240,912,1,0,0
240,28,5,3,2
240,297,2,2,0
240,184,2,1,0
240,312,1,0,0
240,85,1,0,1
240,296,1,0,0
240,98,1,0,0
240,103,1,0,1
240,685,1,0,0
240,675,1,1,0
240,395,5,3,2
240,415,3,2,0
240,230,1,0,0
240,508,3,3,0
240,109,1,1,0
240,61,5,2,3
240,523,3,1,1
240,258,1,0,0
240,659,5,4,1
240,56,2,1,1
240,1166,1,1,0
240,772,2,1,1
240,706,3,2,1
240,176,2,1,1
240,168,2,1,0
240,638,2,2,0
240,534,1,0,1
240,349,2,0,1
240,156,5,4,1
240,792,2,1,1
240,688,3,3,0
240,770,3,2,0
240,234,1,1,0
240,20,1,1,0
240,381,3,2,1
240,1267,2,1,1
240,147,5,3,1
240,321,1,0,0
240,380,2,0,0
240,207,4,2,1
240,1147,1,1,0
240,280,1,1,0
240,87,1,1,0
240,196,3,1,1
240,2,2,2,0
240,115,2,1,1
240,51,3,1,2
240,8,1,0,1
240,18,2,1,1
240,53,2,2,0
240,816,3,1,0
240,1272,1,1,0
240,461,1,0,1
240,836,1,0,0
240,374,1,1,0
240,22,1,0,1
240,218,2,2,0
240,34,2,1,1
240,878,2,1,1
240,7,1,1,0
240,148,2,1,0
240,25,2,2,0
240,925,1,1,0
240,273,1,1,0
240,439,2,1,1
240,13,2,1,1
240,317,2,1,1
240,107,1,0,1
240,122,1,0,1
240,429,1,0,1
240,279,1,0,1
240,918,1,0,1
240,1718,1,0,1
240,55,1,1,0
240,83,2,0,0
240,40,3,0,0
240,646,1,1,0
240,609,3,3,0
240,121,1,1,0
240,1413,1,1,0
240,695,1,0,0
240,948,2,1,0
240,781,1,0,0
240,31,1,0,1
240,361,1,1,0
240,362,1,1,0
240,700,1,0,1
240,864,1,0,0
241,104,1,1,0
241,59,1,1,0
241,295,1,1,0
241,334,1,1,0
241,98,1,1,0
241,83,1,1,0
241,279,1,1,0
241,402,1,0,0
241,349,1,0,0
241,1,2,2,0
241,101,1,1,0
241,55,1,1,0
241,300,1,1,0
241,21,1,1,0
241,376,1,1,0
241,105,1,0,0
241,58,1,1,0
241,396,1,1,0
241,207,1,1,0
241,179,2,1,0
241,281,1,1,0
241,256,1,0,1
241,408,1,0,1
241,646,1,0,1
241,76,1,0,1
242,104,1,1,0
242,419,1,1,0
242,318,1,1,0
242,105,3,1,2
242,36,1,0,1
242,200,1,1,0
242,139,1,0,1
242,380,1,1,0
242,238,1,0,1
242,25,1,1,0
242,159,1,0,1
242,281,1,1,0
242,341,1,1,0
242,327,1,1,0
242,1195,1,0,0
242,82,1,1,0
242,772,1,1,0
242,30,1,1,0
242,103,1,1,0
242,58,2,2,0
242,51,1,0,1
242,123,1,1,0
242,256,1,0,0
242,402,1,0,1
242,673,1,1,0
242,362,1,0,1
242,361,1,1,0
242,87,1,1,0
242,198,1,1,0
242,115,1,1,0
242,259,1,1,0
242,77,1,1,0
242,26,1,0,1
243,104,1,0,0
243,695,1,0,0
243,511,1,0,1
243,415,1,1,0
243,184,1,1,0
243,836,1,0,0
243,646,2,0,2
243,179,1,0,1
243,293,1,1,0
243,159,1,0,0
243,294,1,1,0
243,61,1,0,0
243,240,1,0,0
243,467,1,1,0
243,28,1,0,1
243,300,1,1,0
244,104,1,1,0
244,105,1,0,0
244,349,1,0,0
244,379,1,1,0
244,430,1,0,0
244,282,1,1,0
244,101,1,1,0
244,1109,1,1,0
244,139,1,0,1
244,74,1,1,0
244,646,1,1,0
245,104,2,1,0
245,216,1,1,0
245,282,1,0,0
245,80,1,1,0
245,88,1,1,0
245,40,1,0,1
245,501,1,1,0
245,8,1,0,1
245,75,1,1,0
245,246,2,1,1
245,439,1,1,0
245,144,1,1,0
245,107,1,0,0
245,101,1,1,0
245,159,1,1,0
245,523,1,1,0
245,299,1,0,0
245,19,1,1,0
246,310,4,2,0
246,277,6,4,0
246,358,7,6,0
246,379,8,3,2
246,36,3,1,1
246,167,3,1,0
246,512,29,15,6
246,426,6,3,1
246,408,5,3,1
246,246,79,32,28
246,513,6,2,2
246,109,6,2,4
246,580,1,1,0
246,349,7,3,1
246,230,23,12,8
246,176,3,0,2
246,139,1,1,0
246,511,1,1,0
246,415,1,1,0
246,372,1,1,0
246,667,3,0,2
246,674,4,4,0
246,320,2,1,1
246,18,2,0,1
246,103,4,1,2
246,59,1,0,0
246,734,11,2,8
246,222,7,2,3
246,713,1,0,1
246,998,1,1,0
246,80,4,1,2
246,93,5,3,0
246,87,3,2,0
246,156,2,2,0
246,76,1,1,0
246,199,3,1,1
246,200,2,1,0
246,334,11,4,6
246,461,4,2,2
246,339,12,5,3
246,196,2,2,0
246,208,2,2,0
246,74,2,2,0
246,1088,1,0,0
246,430,3,0,1
246,88,3,0,2
246,216,5,5,0
246,432,3,2,1
246,396,1,1,0
246,240,2,2,0
246,638,3,1,0
246,31,4,3,0
246,39,4,1,2
246,431,3,2,0
246,467,2,1,1
246,347,5,2,1
246,439,5,3,2
246,621,8,5,2
246,390,2,0,1
246,361,3,1,1
246,414,1,0,1
246,397,4,0,2
246,579,3,2,0
246,1135,4,3,0
246,862,1,0,1
246,1133,6,0,6
246,340,2,0,2
246,1102,1,0,1
246,1090,2,2,0
246,1082,1,1,0
246,1171,2,2,0
246,304,2,1,0
246,419,3,3,0
246,470,1,1,0
246,115,1,1,0
246,362,4,2,0
246,24,2,0,1
246,300,5,2,1
246,175,4,1,1
246,312,10,7,3
246,706,13,4,5
246,918,5,0,4
246,170,2,2,0
246,476,2,2,0
246,380,12,4,7
246,663,4,2,1
246,1276,1,0,1
246,716,6,3,1
246,281,1,1,0
246,1,2,2,0
246,81,2,1,1
246,17,3,1,1
246,341,1,1,0
246,30,5,2,1
246,815,1,0,0
246,1149,8,2,3
246,105,25,13,9
246,84,2,1,0
246,688,4,3,1
246,98,3,0,2
246,333,2,1,0
246,148,2,1,1
246,321,3,0,1
246,1718,1,1,0
246,256,3,2,0
246,15,1,1,0
246,101,1,0,0
246,82,5,4,0
246,121,1,1,0
246,145,3,1,2
246,359,1,1,0
246,147,1,0,1
246,234,2,2,0
246,471,4,1,1
246,104,3,3,0
246,279,1,0,0
246,137,4,2,1
246,75,1,0,1
246,122,1,0,1
246,158,3,3,0
246,534,10,6,4
246,912,2,2,0
246,675,1,1,0
246,376,2,1,0
246,181,1,1,0
246,619,1,1,0
246,51,2,0,1
246,318,2,2,0
246,238,2,0,0
246,314,1,1,0
246,83,1,0,0
246,149,3,2,1
246,360,5,0,4
246,413,1,0,1
246,60,3,2,1
246,171,2,1,1
246,483,1,1,0
246,282,5,2,1
246,445,2,1,0
246,494,1,1,0
246,0,2,1,1
246,40,3,1,1
246,399,2,2,0
246,327,4,0,2
246,179,1,1,0
246,294,2,1,1
246,143,3,1,1
246,584,1,0,0
246,32,3,3,0
246,218,2,1,1
246,386,2,1,1
246,692,1,1,0
246,77,1,0,1
246,317,3,1,1
246,854,1,0,1
246,159,2,1,1
246,197,2,1,1
246,272,3,2,1
246,336,1,1,0
246,97,1,0,1
246,301,3,1,1
246,297,2,0,2
246,402,6,1,5
246,273,1,1,0
246,673,2,0,1
246,85,1,0,1
246,707,1,1,0
246,836,1,1,0
246,2,1,1,0
246,666,1,1,0
246,508,2,0,1
246,207,2,0,2
246,678,1,0,0
246,123,2,0,1
246,374,1,1,0
246,107,4,2,2
246,57,1,0,1
246,215,2,1,1
246,259,3,1,1
246,2169,1,0,1
246,9,1,0,1
246,1046,1,0,1
246,37,1,1,0
246,542,1,0,1
246,248,1,0,0
246,28,2,1,1
246,26,1,0,1
246,56,2,0,2
246,25,1,0,1
246,311,2,1,1
246,296,1,0,0
246,258,2,0,1
246,55,1,0,1
246,646,2,1,1
246,700,1,0,0
246,61,1,0,0
246,777,1,1,0
246,1272,1,0,1
246,659,1,0,1
246,3132,1,1,0
246,2360,1,0,1
246,717,1,1,0
246,684,1,0,0
246,19,1,0,0
247,105,1,0,1
247,430,1,1,0
247,147,1,1,0
247,77,1,1,0
248,105,1,0,0
248,230,1,1,0
248,123,1,1,0
248,137,1,1,0
248,52,1,1,0
248,30,1,1,0
248,76,1,0,0
248,445,2,1,1
248,399,1,0,0
248,248,2,0,1
248,259,1,0,1
248,87,1,0,1
248,310,1,1,0
248,360,1,1,0
248,60,1,0,1
248,1276,1,1,0
248,39,1,0,0
248,234,1,1,0
248,215,1,0,1
248,19,1,1,0
248,277,1,0,0
248,24,1,1,0
248,278,1,0,1
249,105,2,1,1
249,230,1,1,0
249,361,1,1,0
249,101,1,1,0
249,199,1,0,1
249,445,1,1,0
249,93,3,2,0
249,58,1,1,0
249,143,1,1,0
249,176,1,1,0
249,499,1,1,0
249,81,2,1,1
249,25,1,0,1
249,772,2,1,1
249,88,1,0,1
249,256,3,3,0
249,695,1,1,0
249,215,1,1,0
249,97,2,2,0
249,30,1,1,0
249,792,1,1,0
249,353,1,0,1
249,26,1,1,0
249,80,1,1,0
249,8,4,2,2
249,426,1,1,0
249,207,1,0,1
249,57,3,2,0
249,148,2,2,0
249,19,1,1,0
249,208,1,1,0
249,1102,1,0,1
249,312,1,0,1
249,470,1,0,1
249,1355,1,1,0
249,137,1,1,0
249,20,1,1,0
249,75,1,1,0
249,608,1,1,0
249,28,2,2,0
249,9,2,2,0
249,16,1,1,0
249,692,2,1,1
249,24,1,1,0
249,175,1,1,0
249,200,1,1,0
249,51,2,1,1
249,218,2,1,1
249,779,1,0,0
249,147,1,1,0
249,646,1,0,1
249,734,1,1,0
249,84,3,0,2
249,18,1,1,0
249,55,1,1,0
249,158,1,1,0
249,415,1,1,0
249,542,1,1,0
249,1272,1,1,0
249,258,2,1,1
249,277,1,0,1
249,294,1,1,0
249,53,1,0,0
249,396,1,0,1
249,159,2,2,0
249,74,1,1,0
249,781,1,1,0
249,12,1,0,0
249,32,1,1,0
249,106,1,1,0
249,86,1,0,1
249,534,1,1,0
249,2854,1,1,0
249,83,1,1,0
249,933,1,1,0
249,301,1,1,0
249,685,1,0,1
249,198,1,1,0
249,1149,1,0,0
250,105,3,1,2
250,402,1,1,0
250,1,1,1,0
250,85,1,1,0
250,13,2,2,0
250,57,1,1,0
250,319,1,1,0
250,461,1,1,0
250,336,1,1,0
250,176,2,2,0
250,621,1,1,0
250,18,1,0,1
250,34,1,1,0
250,26,2,2,0
250,379,1,0,1
250,16,1,1,0
250,609,1,1,0
250,215,1,1,0
250,78,1,1,0
250,157,1,1,0
250,145,2,2,0
250,240,1,1,0
250,294,2,2,0
250,222,1,0,0
250,430,1,1,0
250,324,1,0,0
250,878,1,0,0
250,104,1,0,1
250,396,1,1,0
250,310,1,1,0
250,156,1,0,0
250,707,1,1,0
250,296,1,1,0
250,168,1,0,1
250,77,3,3,0
250,123,1,1,0
250,9,1,1,0
250,779,1,0,0
250,159,1,1,0
250,445,1,0,0
250,20,1,1,0
250,695,1,1,0
250,2,1,1,0
250,87,1,0,1
250,17,1,1,0
250,901,1,1,0
250,688,1,0,1
250,1119,1,1,0
250,1062,1,1,0
250,59,2,2,0
250,467,1,0,0
250,103,1,1,0
250,74,1,1,0
250,179,1,1,0
250,115,1,0,1
250,84,2,2,0
251,105,1,1,0
251,395,2,2,0
251,413,4,4,0
251,59,3,3,0
251,149,1,1,0
251,492,1,1,0
251,240,2,2,0
251,143,2,0,2
251,431,3,2,1
251,279,2,0,1
251,471,1,1,0
251,230,1,0,0
251,258,1,0,0
251,32,1,1,0
251,87,2,1,1
251,123,2,2,0
251,137,4,3,0
251,167,2,0,2
251,598,1,1,0
251,25,5,2,2
251,170,2,1,1
251,445,1,0,1
251,414,1,1,0
251,81,4,3,1
251,104,1,1,0
251,476,1,0,0
251,238,4,3,1
251,208,2,2,0
251,84,4,3,0
251,317,3,3,0
251,430,2,0,1
251,0,1,0,1
251,301,1,0,0
251,470,1,1,0
251,334,1,1,0
251,256,1,1,0
251,147,5,1,3
251,663,1,1,0
251,144,2,1,0
251,498,1,0,1
251,523,1,0,1
251,560,2,0,1
251,39,1,0,0
251,324,1,0,0
251,461,1,0,1
251,260,2,0,2
251,667,1,0,1
251,31,3,2,1
251,30,1,1,0
251,296,2,2,0
251,933,1,1,0
251,333,1,1,0
251,60,3,3,0
251,1423,1,1,0
251,101,3,1,2
251,358,1,1,0
251,109,1,0,0
251,107,1,0,0
251,584,2,2,0
251,439,1,1,0
251,1362,1,1,0
251,349,1,0,0
251,156,4,2,2
251,1195,1,1,0
251,98,1,0,0
251,361,1,1,0
251,408,1,0,1
251,7,4,3,1
251,282,1,0,0
251,196,1,1,0
251,21,4,2,1
251,22,1,0,1
251,280,1,1,0
251,659,1,0,1
251,320,1,1,0
251,652,2,2,0
251,310,1,1,0
251,55,1,0,1
251,1,1,1,0
251,61,2,2,0
251,402,1,0,1
251,159,1,1,0
251,13,3,1,1
251,327,1,1,0
251,815,2,1,1
251,321,1,0,0
251,246,1,0,0
251,56,1,0,1
251,483,1,1,0
251,51,1,0,0
251,2,1,0,1
251,37,1,1,0
251,18,2,2,0
251,115,1,0,1
251,609,1,1,0
251,215,1,0,0
251,146,1,0,1
251,36,2,1,1
251,199,1,1,0
251,311,1,1,0
251,148,1,1,0
251,20,1,1,0
251,646,1,1,0
251,541,1,1,0
251,24,1,1,0
251,688,1,1,0
251,374,1,1,0
251,103,1,0,1
252,105,3,2,0
252,88,2,2,0
252,439,2,1,1
252,22,2,1,1
252,26,4,4,0
252,123,4,0,3
252,12,4,2,2
252,11,5,4,1
252,396,1,1,0
252,240,1,1,0
252,415,2,2,0
252,579,1,0,0
252,17,3,1,2
252,84,5,3,2
252,310,3,2,1
252,179,1,0,1
252,33,1,1,0
252,59,1,1,0
252,58,2,1,1
252,259,3,2,1
252,87,2,2,0
252,8,3,1,2
252,156,3,2,1
252,734,1,1,0
252,51,3,1,2
252,23,2,2,0
252,28,1,1,0
252,24,1,1,0
252,7,2,1,1
252,14,1,1,0
252,104,2,2,0
252,137,3,3,0
252,208,1,1,0
252,53,6,4,2
252,55,3,3,0
252,93,1,0,0
252,282,1,0,0
252,146,2,1,1
252,0,1,1,0
252,147,2,2,0
252,25,2,1,1
252,222,1,1,0
252,359,1,1,0
252,1718,1,1,0
252,107,2,0,1
252,36,1,1,0
252,390,1,1,0
252,216,4,3,1
252,101,2,2,0
252,75,1,1,0
252,238,2,1,1
252,37,1,1,0
252,483,1,0,0
252,145,1,1,0
252,31,2,2,0
252,86,1,1,0
252,770,1,1,0
252,581,1,0,0
252,175,1,1,0
252,246,2,2,0
252,426,1,1,0
252,779,2,2,0
252,281,1,0,1
252,170,1,1,0
252,293,3,2,1
252,159,3,1,1
252,82,3,1,1
252,77,2,1,1
252,122,1,1,0
252,30,3,1,2
252,74,1,1,0
252,16,1,0,1
252,707,2,2,0
252,792,1,0,1
252,699,2,2,0
252,13,1,0,1
252,706,1,1,0
252,646,4,3,0
252,148,1,1,0
252,277,1,0,1
252,81,1,0,1
252,121,1,1,0
252,19,2,2,0
252,115,1,0,1
252,301,1,1,0
252,445,1,0,1
252,1,1,1,0
252,21,1,0,1
252,18,1,0,0
252,523,1,0,1
252,431,1,0,0
252,320,1,1,0
252,168,1,1,0
252,20,2,1,1
252,56,2,1,1
252,15,1,0,0
252,9,1,1,0
252,199,1,0,1
252,181,1,0,1
252,2526,2,2,0
252,901,1,0,0
252,467,1,0,0
252,61,1,1,0
252,695,1,1,0
252,158,1,1,0
252,318,2,0,2
252,399,1,0,1
252,635,1,1,0
253,105,4,2,2
253,310,1,0,0
253,379,5,2,1
253,282,1,1,0
253,426,1,1,0
253,534,1,1,0
253,2,1,1,0
253,137,2,2,0
253,36,2,2,0
253,295,2,1,0
253,207,1,1,0
253,20,1,1,0
253,118,2,1,0
253,619,1,1,0
253,1,1,1,0
253,22,1,1,0
253,317,1,1,0
253,395,1,0,1
253,83,1,1,0
253,179,1,1,0
253,85,3,3,0
253,349,1,1,0
253,467,1,1,0
253,334,1,0,1
253,25,2,2,0
253,170,1,1,0
253,410,1,1,0
253,815,1,1,0
253,7,1,1,0
253,56,2,2,0
253,381,1,1,0
253,277,1,1,0
253,75,1,1,0
253,97,1,1,0
253,471,1,1,0
253,98,1,1,0
253,101,1,1,0
253,23,2,2,0
253,58,1,1,0
253,169,1,1,0
253,333,1,0,1
253,159,2,0,0
253,9,3,1,2
253,419,1,1,0
253,215,2,2,0
253,147,2,1,1
253,16,1,0,1
253,81,2,2,0
253,28,3,3,0
253,300,1,1,0
253,278,1,1,0
253,336,1,1,0
253,362,1,1,0
253,93,1,1,0
253,432,1,1,0
253,84,1,1,0
253,144,3,3,0
253,175,2,2,0
253,55,2,2,0
253,21,1,1,0
253,158,1,1,0
253,145,1,1,0
253,792,1,1,0
253,196,1,1,0
253,772,1,1,0
253,156,1,1,0
253,171,1,0,0
253,854,1,0,1
253,53,2,0,2
253,24,1,1,0
253,314,1,1,0
253,238,1,0,1
253,635,1,1,0
253,13,1,1,0
253,103,2,1,0
253,272,1,1,0
253,87,1,1,0
253,770,1,1,0
253,184,1,0,1
253,17,2,1,0
253,688,1,0,1
253,692,1,0,0
253,199,1,1,0
253,311,1,0,1
253,1119,2,2,0
253,2296,1,1,0
253,2945,1,1,0
253,231,1,1,0
253,82,1,0,0
253,386,1,1,0
254,105,1,1,0
254,137,1,1,0
254,415,1,1,0
254,101,1,1,0
254,353,1,0,0
254,199,3,2,1
254,197,2,1,0
254,58,1,1,0
254,143,1,1,0
254,18,1,1,0
254,381,1,1,0
254,171,2,1,0
254,88,1,0,1
254,646,2,2,0
254,156,1,1,0
254,349,1,0,1
254,77,1,1,0
255,105,1,1,0
256,238,8,5,2
256,419,6,4,2
256,256,171,67,69
256,426,18,10,5
256,171,3,0,0
256,106,2,2,0
256,513,6,3,1
256,580,5,4,1
256,402,42,18,16
256,471,12,7,2
256,380,3,0,2
256,663,9,6,1
256,105,10,6,2
256,137,7,5,2
256,430,7,5,0
256,216,6,4,2
256,494,3,2,1
256,498,4,0,1
256,512,18,10,5
256,0,8,5,3
256,523,2,1,1
256,40,6,5,1
256,336,9,7,0
256,200,10,8,2
256,109,11,7,3
256,312,9,3,2
256,294,3,3,0
256,334,10,5,3
256,230,16,12,2
256,918,4,3,1
256,170,10,5,3
256,139,4,2,2
256,511,2,0,2
256,734,1,1,0
256,476,3,2,0
256,933,3,2,1
256,115,1,1,0
256,222,6,3,2
256,361,5,2,2
256,619,7,5,1
256,198,5,2,2
256,397,3,1,1
256,673,3,1,2
256,862,2,2,0
256,319,2,1,1
256,640,1,0,0
256,87,7,5,2
256,101,6,5,1
256,197,8,3,3
256,1,1,1,0
256,320,6,5,0
256,19,2,2,0
256,149,3,1,1
256,638,1,1,0
256,295,2,1,1
256,467,4,4,0
256,273,2,1,1
256,415,7,5,0
256,1102,1,0,0
256,82,6,2,4
256,358,4,0,2
256,93,2,2,0
256,432,6,1,1
256,52,1,0,0
256,179,3,1,2
256,31,2,1,1
256,470,2,2,0
256,461,5,3,1
256,196,2,1,1
256,107,1,0,1
256,277,4,0,4
256,83,1,0,0
256,56,7,3,3
256,492,2,0,0
256,148,11,5,4
256,707,1,1,0
256,310,2,1,1
256,144,5,3,2
256,121,1,1,0
256,327,4,2,1
256,122,6,4,2
256,408,5,2,3
256,158,9,5,4
256,429,4,2,1
256,534,6,4,2
256,584,4,1,2
256,439,4,1,1
256,414,2,1,1
256,32,4,2,2
256,674,4,1,2
256,21,2,2,0
256,145,3,1,2
256,554,7,5,1
256,508,5,2,1
256,379,5,1,2
256,215,2,2,0
256,16,1,1,0
256,741,1,1,0
256,258,3,1,0
256,659,2,2,0
256,208,5,3,2
256,300,8,7,0
256,333,3,3,0
256,296,3,3,0
256,362,3,0,0
256,653,2,2,0
256,98,1,1,0
256,77,7,5,2
256,143,1,0,0
256,84,4,4,0
256,621,1,1,0
256,123,1,1,0
256,374,1,0,1
256,104,7,4,2
256,624,3,3,0
256,199,4,3,0
256,667,1,0,0
256,18,1,0,0
256,360,6,5,1
256,234,1,1,0
256,147,1,1,0
256,608,5,0,1
256,579,3,2,0
256,339,7,5,1
256,167,1,1,0
256,272,2,1,1
256,321,3,2,0
256,9,1,0,0
256,349,4,2,0
256,246,4,3,0
256,39,1,1,0
256,445,1,1,0
256,259,2,1,1
256,317,3,1,1
256,36,4,2,0
256,413,2,0,1
256,76,1,0,0
256,299,4,1,0
256,304,1,1,0
256,1276,3,2,0
256,297,4,4,0
256,74,1,1,0
256,770,1,1,0
256,1203,1,1,0
256,279,5,3,2
256,7,5,2,2
256,58,3,3,0
256,78,1,1,0
256,363,1,0,1
256,175,6,3,3
256,816,3,2,0
256,646,1,1,0
256,777,2,2,0
256,716,2,2,0
256,831,1,1,0
256,218,2,2,0
256,278,2,2,0
256,661,6,3,1
256,700,1,1,0
256,17,1,1,0
256,156,1,1,0
256,25,4,2,1
256,340,2,2,0
256,28,4,3,1
256,159,5,1,2
256,431,3,2,1
256,347,1,1,0
256,666,1,1,0
256,240,2,1,0
256,706,3,3,0
256,850,1,1,0
256,692,2,0,2
256,30,2,2,0
256,81,4,4,0
256,248,1,1,0
256,906,1,0,0
256,24,2,2,0
256,60,2,0,1
256,207,2,1,1
256,678,1,1,0
256,684,2,1,1
256,12,1,0,1
256,282,1,0,1
256,103,2,1,0
256,1135,1,0,1
256,1133,1,1,0
256,176,2,2,0
256,359,3,2,0
256,542,1,1,0
256,75,1,0,1
256,1272,5,1,2
256,2656,1,1,0
256,854,2,1,1
256,1127,1,1,0
256,51,1,1,0
256,318,1,1,0
256,293,2,2,0
256,878,1,1,0
256,157,1,0,1
256,2,1,1,0
256,1267,1,1,0
256,13,1,0,0
256,1171,1,1,0
256,2854,1,1,0
256,2932,2,2,0
256,61,1,1,0
256,688,1,0,1
256,34,2,1,1
256,781,1,0,1
256,399,1,0,1
256,2308,1,1,0
256,717,1,1,0
256,280,1,1,0
257,238,1,1,0
257,246,1,1,0
257,259,1,1,0
257,359,1,1,0
257,692,1,1,0
257,12,1,0,1
258,339,4,1,1
258,277,4,3,1
258,77,6,4,1
258,60,1,1,0
258,199,4,3,1
258,171,5,2,1
258,147,4,2,1
258,534,6,4,1
258,347,4,3,1
258,311,1,1,0
258,260,1,0,0
258,222,4,2,2
258,619,14,7,7
258,659,2,2,0
258,168,2,2,0
258,675,16,7,5
258,340,3,3,0
258,105,6,3,0
258,144,2,1,1
258,82,14,7,4
258,103,3,1,0
258,246,9,4,3
258,513,3,2,1
258,200,3,3,0
258,713,2,0,0
258,296,2,0,2
258,139,2,1,1
258,508,2,1,1
258,511,1,0,1
258,637,1,1,0
258,692,4,4,0
258,998,1,1,0
258,80,5,3,2
258,196,6,4,1
258,156,2,1,1
258,310,1,1,0
258,360,3,0,1
258,282,4,2,0
258,75,1,1,0
258,349,5,1,3
258,663,3,2,1
258,608,2,1,1
258,258,86,34,45
258,321,3,0,3
258,579,2,0,1
258,56,2,1,1
258,461,5,0,2
258,51,2,1,1
258,695,2,1,0
258,179,2,1,1
258,706,4,3,1
258,106,2,1,1
258,31,8,6,1
258,334,4,1,1
258,256,3,1,1
258,317,1,0,0
258,197,4,3,1
258,471,1,0,0
258,678,1,1,0
258,109,3,1,2
258,28,1,1,0
258,361,2,1,1
258,76,2,1,1
258,87,3,2,0
258,584,2,2,0
258,238,2,2,0
258,57,4,1,3
258,97,4,2,1
258,312,3,0,2
258,402,1,0,0
258,379,8,2,6
258,470,1,1,0
258,336,1,1,0
258,145,2,2,0
258,301,3,2,1
258,426,4,3,1
258,299,2,1,0
258,661,2,0,1
258,88,1,1,0
258,7,1,0,0
258,159,5,3,0
258,25,4,2,0
258,300,2,1,1
258,74,2,2,0
258,430,4,2,1
258,399,3,2,1
258,30,3,2,0
258,279,1,1,0
258,494,1,0,0
258,781,16,5,7
258,688,2,1,0
258,777,5,5,0
258,770,5,4,1
258,772,1,1,0
258,512,2,1,0
258,170,2,1,1
258,23,2,1,1
258,175,2,2,0
258,21,2,2,0
258,816,4,2,1
258,707,1,1,0
258,381,4,2,2
258,716,1,1,0
258,1267,1,1,0
258,0,3,1,1
258,429,1,0,0
258,230,1,1,0
258,918,1,1,0
258,273,1,0,1
258,397,2,1,0
258,864,1,0,1
258,862,1,1,0
258,9,3,1,2
258,854,1,1,0
258,59,1,1,0
258,327,1,1,0
258,930,1,1,0
258,17,2,1,1
258,26,3,3,0
258,24,2,0,1
258,492,2,0,2
258,501,1,1,0
258,496,1,1,0
258,518,2,2,0
258,1276,1,1,0
258,1133,1,1,0
258,734,3,1,2
258,115,1,1,0
258,123,2,2,0
258,22,1,0,1
258,86,2,2,0
258,52,1,0,1
258,148,1,0,1
258,58,2,0,2
258,248,1,1,0
258,18,3,1,1
258,61,3,1,2
258,33,1,1,0
258,53,3,2,1
258,146,1,1,0
258,523,1,0,1
258,1272,1,1,0
258,32,2,0,2
258,207,2,1,1
258,933,1,1,0
258,1127,1,1,0
258,836,1,0,1
258,2534,3,2,1
258,476,1,0,1
258,358,1,0,0
258,93,1,0,1
258,78,1,1,0
258,318,2,0,2
258,439,1,1,0
258,415,1,0,1
258,36,3,2,1
258,215,4,2,1
258,467,2,1,0
258,483,1,0,0
258,1147,3,1,2
258,280,1,1,0
258,84,1,1,0
258,240,1,0,1
258,85,1,1,0
258,272,2,0,1
258,294,3,1,2
258,515,1,1,0
258,314,1,0,1
258,2932,1,0,1
258,218,3,2,0
258,646,2,1,0
258,609,1,1,0
258,831,2,1,0
258,55,2,1,0
258,779,1,1,0
258,293,1,1,0
259,238,2,2,0
259,259,175,65,72
259,13,2,2,0
259,196,2,1,0
259,123,2,2,0
259,218,2,1,1
259,144,3,3,0
259,82,3,0,3
259,379,5,3,2
259,430,2,1,1
259,216,2,2,0
259,52,1,1,0
259,294,2,2,0
259,347,1,0,1
259,230,2,1,0
259,207,3,2,0
259,940,2,2,0
259,361,7,5,0
259,380,4,2,1
259,414,2,1,1
259,359,5,4,0
259,675,2,0,0
259,197,3,2,0
259,402,3,1,0
259,312,2,1,1
259,103,3,2,1
259,419,4,2,2
259,40,2,1,0
259,147,1,1,0
259,109,3,2,0
259,471,1,1,0
259,673,3,1,2
259,1102,1,1,0
259,1171,1,0,1
259,101,3,1,1
259,19,7,6,0
259,1236,1,0,0
259,176,11,8,2
259,148,6,3,3
259,256,5,1,1
259,334,3,2,0
259,168,3,2,1
259,32,6,4,1
259,87,4,2,1
259,360,5,1,4
259,105,6,5,0
259,106,2,0,0
259,432,2,1,0
259,58,1,1,0
259,16,1,0,0
259,278,3,1,0
259,74,2,2,0
259,9,5,2,2
259,358,2,1,0
259,56,3,2,0
259,145,1,0,0
259,122,3,1,1
259,408,1,1,0
259,85,4,2,2
259,39,4,2,0
259,170,1,1,0
259,311,3,2,0
259,439,3,2,1
259,499,1,1,0
259,282,4,1,1
259,296,2,1,1
259,415,4,3,1
259,310,1,0,0
259,184,3,1,2
259,301,1,1,0
259,281,2,0,0
259,88,2,1,1
259,280,1,0,0
259,362,2,0,1
259,674,1,0,0
259,23,3,2,1
259,36,3,1,2
259,816,2,1,1
259,0,2,1,1
259,28,4,3,0
259,7,2,1,0
259,246,1,1,0
259,25,2,1,0
259,24,4,3,0
259,137,6,4,2
259,580,1,0,1
259,273,2,2,0
259,159,11,6,1
259,175,5,4,0
259,413,2,0,1
259,706,2,1,0
259,930,2,2,0
259,81,4,2,2
259,320,1,1,0
259,57,5,0,3
259,240,2,1,1
259,258,1,0,1
259,659,1,0,1
259,386,1,1,0
259,293,1,1,0
259,300,4,1,2
259,20,1,0,1
259,37,1,1,0
259,461,2,1,1
259,513,1,1,0
259,518,1,1,0
259,317,1,1,0
259,395,1,0,0
259,470,1,1,0
259,199,1,0,0
259,260,1,1,0
259,579,1,0,1
259,18,1,0,1
259,84,2,2,0
259,167,1,0,0
259,336,1,1,0
259,1,1,0,0
259,277,1,1,0
259,318,1,0,1
259,321,3,1,0
259,299,1,1,0
259,75,1,1,0
259,22,2,1,0
259,26,4,2,1
259,55,1,0,1
259,584,1,0,1
259,1046,1,0,1
259,77,4,1,3
259,51,1,1,0
259,426,4,4,0
259,234,3,3,0
259,431,1,1,0
259,86,1,1,0
259,21,1,0,1
259,327,1,1,0
259,60,1,1,0
259,523,1,0,0
259,695,2,1,1
259,179,1,1,0
259,381,1,1,0
259,772,1,0,1
259,2639,2,0,2
259,171,1,0,1
259,12,1,0,1
259,646,1,0,1
259,34,1,0,1
259,59,7,4,3
259,619,1,1,0
259,295,1,1,0
259,208,1,1,0
259,685,1,1,0
259,115,1,1,0
260,238,1,0,1
260,230,1,0,1
260,176,5,1,1
260,621,2,1,1
260,260,32,13,16
260,415,3,1,2
260,319,1,0,0
260,12,1,1,0
260,137,1,1,0
260,0,1,1,0
260,374,2,1,1
260,314,1,1,0
260,347,1,1,0
260,52,2,2,0
260,429,1,0,0
260,105,3,2,1
260,340,1,1,0
260,144,1,1,0
260,103,1,1,0
260,145,1,1,0
260,361,1,0,0
260,333,1,1,0
260,659,2,1,0
260,772,7,1,5
260,57,1,1,0
260,60,1,0,1
260,85,1,1,0
260,78,1,0,1
260,28,4,2,2
260,159,2,2,0
260,311,1,0,1
260,222,1,1,0
260,512,1,0,0
260,862,1,1,0
260,278,2,1,1
260,256,1,1,0
260,360,1,0,1
260,654,1,0,1
260,18,1,0,1
260,33,1,0,1
260,280,1,0,0
260,51,1,0,1
260,122,1,0,1
260,147,1,0,1
260,554,1,0,0
260,25,1,1,0
260,115,1,0,1
260,320,1,1,0
260,692,1,0,0
260,170,1,1,0
260,608,1,1,0
260,673,1,0,1
261,238,1,1,0
261,84,1,1,0
261,61,2,1,0
261,358,1,1,0
261,379,1,1,0
261,59,2,2,0
261,19,1,1,0
261,146,2,1,1
261,494,1,0,1
261,75,1,1,0
261,37,1,1,0
261,31,2,1,1
261,101,1,1,0
261,14,1,0,1
261,105,1,1,0
261,349,1,1,0
261,82,1,0,0
261,432,1,1,0
261,240,2,1,1
261,246,1,0,1
261,200,1,1,0
261,471,1,0,0
261,608,1,0,1
261,755,1,1,0
261,734,1,1,0
261,359,1,0,1
261,319,3,3,0
261,58,1,1,0
261,53,5,3,2
261,9,2,2,0
261,36,1,1,0
261,333,2,2,0
261,399,1,1,0
261,199,1,1,0
261,97,1,1,0
261,147,2,2,0
261,402,3,1,2
261,470,1,1,0
261,673,1,1,0
261,17,1,1,0
261,26,2,1,1
261,57,4,3,1
261,426,1,1,0
261,259,1,1,0
261,2,4,4,0
261,24,1,1,0
261,51,3,3,0
261,396,1,1,0
261,115,2,2,0
261,542,1,0,1
261,103,1,1,0
261,8,2,2,0
261,56,2,1,1
261,779,3,3,0
261,695,1,1,0
261,609,1,1,0
261,23,2,2,0
261,692,1,1,0
261,25,2,1,1
261,104,2,0,2
261,30,1,1,0
261,772,1,1,0
261,706,1,1,0
261,34,1,1,0
261,40,1,1,0
261,170,1,1,0
261,20,1,1,0
261,815,1,0,1
261,2534,1,0,0
261,13,1,0,1
261,123,1,1,0
261,22,1,0,1
261,81,1,0,1
261,33,1,1,0
261,60,1,1,0
261,218,1,1,0
261,86,1,1,0
261,15,2,1,1
261,280,1,1,0
261,77,2,2,0
261,688,1,1,0
261,184,1,0,0
261,534,1,1,0
261,2526,1,0,1
261,175,1,1,0
261,99,1,0,1
261,74,1,1,0
261,930,1,1,0
261,87,1,1,0
261,171,1,0,1
262,238,1,1,0
262,145,1,0,1
262,196,1,1,0
262,281,1,1,0
262,32,1,1,0
262,105,2,1,0
262,11,1,1,0
262,75,1,1,0
262,246,3,2,1
262,21,1,0,1
262,87,2,2,0
262,159,1,1,0
262,147,1,0,1
262,471,1,1,0
262,23,2,2,0
262,137,3,1,1
262,36,1,1,0
262,234,1,1,0
262,439,1,1,0
262,461,2,2,0
262,216,1,0,1
262,107,1,1,0
262,170,2,1,1
262,28,1,1,0
262,123,1,1,0
262,59,1,1,0
262,396,1,1,0
262,25,2,1,0
262,82,1,0,0
262,34,1,0,0
262,169,1,0,0
262,1,1,1,0
262,40,1,1,0
262,33,1,1,0
262,158,1,1,0
262,361,1,1,0
262,300,1,1,0
262,22,1,0,1
262,358,1,1,0
262,60,2,1,1
262,37,1,1,0
262,792,1,1,0
262,706,1,0,0
262,31,2,2,0
262,2,1,0,1
262,101,1,0,1
262,61,1,1,0
263,238,1,0,1
263,7,2,1,0
263,9,2,1,0
263,115,1,0,0
263,18,1,0,1
263,87,2,2,0
263,121,1,0,0
263,310,2,2,0
263,259,1,1,0
263,179,1,1,0
263,170,1,1,0
263,1,1,0,1
263,340,1,0,0
263,40,1,0,1
263,560,1,0,1
263,28,1,0,1
263,1091,1,0,0
263,21,1,1,0
263,523,1,1,0
263,106,1,1,0
263,230,1,0,0
263,584,1,1,0
263,78,1,0,1
263,508,1,0,0
263,57,1,1,0
263,1267,1,0,1
263,349,1,0,1
263,104,1,1,0
263,97,1,1,0
263,381,1,0,0
263,31,1,1,0
263,399,1,1,0
263,81,1,1,0
264,60,1,1,0
264,512,1,0,0
264,374,1,1,0
264,311,1,0,0
264,77,3,3,0
264,2,1,1,0
264,432,1,0,0
264,123,1,1,0
264,40,1,1,0
264,431,1,1,0
264,7,1,1,0
264,37,1,1,0
264,143,1,0,1
264,854,1,1,0
264,21,1,1,0
264,16,1,0,1
264,415,1,1,0
264,87,1,0,1
264,52,1,0,1
264,3132,1,0,1
264,246,1,0,1
264,115,1,0,1
265,238,1,0,1
265,0,1,1,0
265,139,1,1,0
265,146,1,0,0
265,104,1,1,0
265,272,1,1,0
265,208,1,1,0
265,310,1,1,0
265,167,2,1,1
265,175,1,1,0
265,105,1,0,0
265,21,1,1,0
265,692,1,1,0
265,53,1,1,0
265,494,1,1,0
265,432,1,0,0
265,1,1,1,0
265,81,1,0,1
265,296,1,0,1
265,1062,1,1,0
265,684,1,0,1
266,238,2,0,0
266,395,4,2,0
266,16,3,0,0
266,145,1,0,0
266,22,2,0,0
266,157,1,0,0
266,105,4,1,0
266,137,3,1,0
266,358,1,0,0
266,56,1,0,0
266,139,1,0,0
266,734,2,1,0
266,168,3,0,0
266,837,1,1,0
266,74,2,0,0
266,82,1,0,0
266,296,3,0,0
266,415,3,0,0
266,81,1,0,0
266,18,1,0,0
266,83,1,0,1
266,376,1,1,0
266,1147,1,0,0
266,77,3,1,0
266,106,1,0,0
266,706,1,1,0
266,207,1,0,0
266,258,3,1,0
266,381,2,1,0
266,688,1,0,0
266,716,1,0,0
266,1267,1,1,0
266,87,2,0,1
266,28,2,1,0
266,360,2,2,0
266,179,2,1,0
266,312,2,0,0
266,299,1,0,0
266,541,1,0,0
266,199,3,1,0
266,374,1,0,0
266,123,1,0,1
266,300,2,0,0
266,103,1,1,0
266,498,1,1,0
266,282,1,1,0
266,215,2,0,0
266,638,1,0,0
266,431,1,0,0
266,158,1,0,0
266,511,1,0,0
266,333,1,0,0
266,37,1,0,0
266,31,2,0,0
266,339,1,0,0
266,149,1,0,0
266,380,1,0,0
266,362,1,0,0
266,347,1,0,1
266,327,2,0,0
266,293,1,0,0
266,19,1,0,0
266,467,2,0,0
266,310,1,0,0
266,88,1,0,0
266,107,2,1,0
266,336,1,1,0
266,781,2,2,0
266,8,2,0,0
266,23,1,0,0
266,925,1,0,1
266,399,1,0,0
266,707,1,0,1
266,234,1,0,0
266,1272,2,0,1
266,51,1,0,0
266,741,1,0,0
266,301,1,1,0
266,280,1,0,0
266,24,1,0,1
266,159,1,1,0
266,148,1,0,0
266,147,2,1,1
266,61,1,0,0
266,97,1,0,0
266,318,5,2,0
266,508,1,0,0
266,646,2,0,0
266,609,1,0,0
266,379,1,0,0
266,121,1,0,0
266,240,1,0,0
266,878,1,0,0
266,854,1,0,0
266,408,1,0,1
266,297,1,1,0
266,208,1,0,0
266,361,1,0,0
266,84,1,0,0
266,156,1,0,0
267,238,1,0,0
267,36,1,0,0
267,430,1,0,0
267,256,1,0,0
267,25,1,0,0
267,87,3,3,0
267,145,1,0,0
267,103,1,0,0
267,1,2,1,0
267,208,3,0,1
267,432,2,0,0
267,301,1,0,0
267,179,1,0,0
267,621,1,0,0
267,1147,1,0,0
267,58,2,1,1
267,699,2,0,0
267,23,3,1,0
267,105,1,1,0
267,492,1,0,0
267,31,1,1,0
267,334,1,0,0
267,340,1,0,0
267,327,1,0,0
267,158,1,0,0
267,197,1,1,0
267,324,1,1,0
267,137,2,1,0
267,511,1,0,0
267,218,1,1,0
267,280,1,0,0
267,272,1,0,0
267,347,1,0,0
267,779,1,0,0
267,17,1,0,0
267,88,2,0,0
267,199,2,1,0
267,293,1,0,0
267,74,2,1,0
267,8,1,0,0
267,1413,1,0,0
267,231,1,0,0
267,1149,1,0,0
267,156,2,1,0
268,218,3,2,1
268,77,2,1,1
268,76,2,1,1
268,148,1,1,0
268,312,1,1,0
268,402,1,1,0
268,496,1,0,1
268,216,1,1,0
268,396,1,0,1
268,256,1,0,0
268,31,1,0,0
268,362,1,1,0
268,28,1,0,0
268,208,1,1,0
268,310,1,1,0
268,167,1,1,0
268,336,1,1,0
268,200,1,1,0
268,184,1,0,0
268,7,1,0,0
268,707,1,0,1
268,147,1,1,0
268,85,1,0,0
268,87,1,1,0
268,301,1,1,0
268,101,1,1,0
269,218,1,1,0
269,77,5,3,2
269,170,5,3,1
269,415,2,1,1
269,541,1,1,0
269,496,1,1,0
269,319,2,1,1
269,105,6,3,0
269,426,2,1,0
269,143,5,3,1
269,230,1,1,0
269,700,1,0,0
269,998,1,0,0
269,76,2,1,0
269,301,1,1,0
269,101,1,0,1
269,619,1,1,0
269,181,1,0,1
269,1082,1,0,1
269,246,1,1,0
269,584,1,1,0
269,87,2,1,0
269,107,1,0,1
269,52,1,1,0
269,659,1,0,1
269,196,1,1,0
269,310,1,0,0
269,82,4,2,0
269,59,1,1,0
269,16,1,0,0
269,402,2,1,1
269,88,1,1,0
269,327,2,1,0
269,97,1,1,0
269,296,3,1,1
269,58,2,1,1
269,317,1,1,0
269,57,1,1,0
269,300,1,1,0
269,121,3,3,0
269,410,1,1,0
269,199,2,1,1
269,272,1,0,0
269,361,1,1,0
269,304,1,0,0
269,279,3,0,0
269,299,2,1,0
269,1,2,2,0
269,238,1,1,0
269,0,1,1,0
269,294,2,1,0
269,624,1,1,0
269,379,2,1,1
269,1717,1,1,0
269,318,1,0,1
269,39,1,1,0
269,512,1,0,0
269,175,1,0,0
269,167,1,0,1
269,334,1,1,0
269,579,1,1,0
269,7,1,1,0
269,277,1,1,0
269,9,1,1,0
269,156,1,0,1
269,508,1,1,0
269,207,2,2,0
269,157,1,0,1
269,137,1,0,1
269,333,1,0,1
269,347,1,1,0
269,511,1,1,0
269,673,1,1,0
269,381,1,0,1
269,32,1,1,0
269,542,1,0,0
269,494,1,0,0
269,81,1,0,1
269,21,1,0,0
269,30,1,1,0
269,431,1,0,0
269,706,3,1,0
269,22,1,1,0
269,159,3,3,0
269,293,1,0,0
269,215,1,1,0
269,139,1,1,0
269,84,1,1,0
269,419,1,1,0
269,815,1,1,0
269,18,1,0,1
269,109,1,1,0
269,413,1,1,0
269,360,1,0,1
269,115,4,3,1
269,28,1,1,0
269,324,1,1,0
269,34,1,0,1
269,339,2,1,1
269,31,1,1,0
269,258,1,1,0
269,23,3,2,1
269,149,1,1,0
269,145,1,0,1
269,8,1,1,0
269,692,1,0,0
269,26,1,1,0
269,362,2,1,1
269,646,2,1,1
269,439,1,0,0
269,430,1,1,0
269,395,1,0,0
269,144,1,1,0
269,208,1,0,1
269,122,1,0,0
269,40,1,1,0
270,218,1,1,0
270,36,2,1,1
270,179,1,1,0
270,143,1,0,1
270,196,1,1,0
270,9,1,1,0
270,57,2,2,0
270,158,2,1,1
270,34,1,0,1
270,16,3,1,2
270,147,2,0,2
270,25,3,1,2
270,300,1,0,1
270,176,1,1,0
270,80,1,0,1
270,15,2,1,1
270,17,4,2,2
270,667,1,1,0
270,87,2,1,1
270,779,2,2,0
270,31,1,1,0
270,56,1,1,0
270,688,1,1,0
270,199,4,2,2
270,258,1,0,1
270,646,4,2,1
270,692,4,2,1
270,792,3,2,1
270,1109,1,1,0
270,7,1,0,1
270,159,4,2,2
270,144,1,0,1
270,301,1,0,1
270,51,3,2,1
270,61,2,1,1
270,55,2,0,2
270,83,1,1,0
270,781,1,0,1
270,706,1,1,0
270,359,1,0,1
270,772,1,0,1
270,168,1,1,0
270,426,1,1,0
270,167,1,0,1
270,501,1,0,1
270,246,2,2,0
270,878,1,0,0
270,23,1,0,1
270,53,1,0,1
270,121,1,1,0
270,699,1,1,0
270,609,1,0,1
270,318,1,1,0
270,200,1,0,1
271,218,1,1,0
271,137,1,1,0
271,84,1,0,1
271,40,2,2,0
271,311,2,1,1
271,103,1,1,0
271,59,2,1,1
271,396,1,1,0
271,86,1,0,1
271,294,1,0,1
271,199,1,1,0
271,419,1,0,1
271,259,1,1,0
271,470,1,1,0
271,324,1,0,1
271,93,2,2,0
271,9,1,1,0
271,123,1,1,0
271,106,1,1,0
271,238,1,1,0
271,310,1,1,0
271,8,1,1,0
271,88,1,0,1
271,20,2,0,2
271,61,1,1,0
271,300,1,1,0
271,75,1,1,0
271,501,1,1,0
271,22,1,1,0
271,58,1,1,0
271,341,1,1,0
271,170,1,1,0
271,168,1,0,1
271,17,1,1,0
271,53,3,1,2
271,159,3,1,1
271,144,1,1,0
271,176,1,1,0
272,218,1,1,0
272,84,5,2,2
272,277,1,0,0
272,360,2,1,1
272,413,1,0,1
272,216,1,0,0
272,146,3,2,1
272,494,5,2,1
272,336,2,1,1
272,496,3,2,1
272,359,1,1,0
272,673,1,1,0
272,319,1,0,1
272,272,57,29,23
272,363,1,0,1
272,327,3,1,1
272,429,1,1,0
272,159,2,1,1
272,56,1,1,0
272,512,3,2,0
272,297,1,0,1
272,296,2,0,1
272,470,2,0,1
272,380,2,2,0
272,499,1,0,1
272,314,1,1,0
272,518,1,0,1
272,1108,1,0,1
272,1091,1,0,1
272,278,3,0,3
272,399,1,1,0
272,145,1,1,0
272,402,2,1,1
272,170,1,1,0
272,542,1,1,0
272,82,1,1,0
272,121,1,1,0
272,554,2,1,1
272,678,1,0,0
272,334,1,1,0
272,663,1,1,0
272,390,1,0,0
272,149,1,1,0
272,30,1,1,0
272,294,3,2,1
272,317,1,0,1
272,300,1,0,1
272,0,1,0,1
272,200,1,0,1
272,312,1,1,0
272,374,1,1,0
272,619,1,1,0
272,1276,1,0,1
272,55,1,0,1
272,419,2,1,0
272,81,2,0,2
272,379,2,1,1
272,667,2,1,1
272,513,1,1,0
272,9,1,1,0
272,77,2,1,1
272,684,2,1,1
272,320,1,1,0
272,107,1,0,1
272,208,1,1,0
272,109,1,1,0
272,39,2,2,0
272,347,1,1,0
272,1046,1,0,1
272,1272,1,0,0
272,57,2,0,1
272,97,1,0,1
272,87,1,0,1
272,560,1,0,1
272,408,1,0,1
272,508,1,1,0
272,432,1,1,0
272,279,1,1,0
272,864,1,1,0
272,197,1,0,0
272,1357,4,2,1
272,74,1,0,1
272,240,1,1,0
272,652,1,0,0
272,144,1,1,0
272,76,1,0,1
272,106,1,0,1
272,299,1,0,1
272,339,1,1,0
272,395,1,0,1
272,439,1,0,1
272,321,1,0,1
272,815,1,0,0
273,137,1,0,1
273,31,1,1,0
273,139,4,3,0
273,476,1,1,0
273,273,53,32,14
273,320,6,4,1
273,159,1,1,0
273,358,4,4,0
273,103,1,1,0
273,426,1,0,0
273,171,1,0,1
273,374,5,3,2
273,654,1,1,0
273,415,10,3,4
273,673,2,2,0
273,278,3,1,0
273,282,2,1,0
273,513,1,1,0
273,222,1,1,0
273,87,3,2,1
273,554,2,2,0
273,431,3,1,1
273,395,3,2,0
273,432,2,1,0
273,362,2,2,0
273,381,1,1,0
273,84,3,0,2
273,216,3,0,0
273,176,5,1,4
273,621,2,2,0
273,413,3,2,0
273,109,1,1,0
273,541,1,1,0
273,1362,2,1,1
273,1423,1,1,0
273,652,2,1,0
273,208,1,1,0
273,60,1,1,0
273,277,1,1,0
273,259,2,0,1
273,534,1,1,0
273,238,2,2,0
273,272,2,1,0
273,76,1,1,0
273,146,1,1,0
273,340,1,1,0
273,175,6,4,0
273,158,1,1,0
273,280,1,0,0
273,359,1,1,0
273,542,5,3,2
273,59,1,1,0
273,317,2,2,0
273,300,2,2,0
273,77,1,1,0
273,461,1,1,0
273,496,1,1,0
273,9,2,2,0
273,122,5,3,2
273,260,1,1,0
273,52,1,0,1
273,674,1,0,1
273,28,1,1,0
273,256,1,1,0
273,230,1,0,1
273,13,1,1,0
273,327,2,2,0
273,624,1,1,0
273,101,1,0,1
273,30,1,0,0
273,296,1,0,0
273,144,2,1,1
273,815,2,1,1
273,408,1,0,0
273,55,2,2,0
273,104,1,1,0
273,105,1,1,0
273,200,2,1,0
273,170,1,1,0
274,137,3,1,2
274,208,1,1,0
274,429,3,1,1
274,207,1,1,0
274,376,1,1,0
274,167,1,0,1
274,430,1,1,0
274,1062,1,0,1
274,17,2,0,0
274,93,1,1,0
274,76,1,0,1
274,619,1,0,0
274,147,1,0,0
274,381,3,3,0
274,361,1,1,0
274,511,1,0,1
274,23,2,2,0
274,419,1,1,0
274,123,1,1,0
274,159,1,1,0
274,912,1,0,1
274,621,1,0,0
274,360,1,1,0
274,144,1,1,0
274,513,1,1,0
274,9,4,3,1
274,16,1,1,0
274,279,1,0,0
274,675,1,0,0
274,57,3,2,0
274,741,1,1,0
274,296,1,1,0
274,854,1,0,1
274,39,1,0,1
274,87,1,0,0
274,28,1,0,1
274,256,1,1,0
274,25,1,1,0
274,259,2,0,0
274,169,1,1,0
274,692,1,0,1
274,60,1,0,1
274,280,1,1,0
274,314,1,0,0
274,312,1,1,0
274,61,1,1,0
274,158,1,1,0
274,19,1,0,1
274,179,1,1,0
274,101,2,0,1
274,51,2,2,0
274,415,1,0,1
274,277,1,1,0
274,688,1,1,0
274,8,1,1,0
274,175,1,0,1
274,238,1,0,1
274,105,1,0,0
274,32,1,0,1
274,278,1,0,1
275,137,1,1,0
276,137,1,1,0
276,321,1,0,1
276,157,1,1,0
276,399,1,1,0
276,53,1,1,0
276,52,1,1,0
276,296,1,1,0
276,8,1,1,0
276,706,1,1,0
276,156,1,0,1
277,19,1,1,0
277,139,1,1,0
277,105,3,2,0
277,238,2,2,0
277,277,147,50,77
277,80,1,0,0
277,295,2,0,2
277,579,2,1,0
277,659,10,4,4
277,372,1,1,0
277,149,4,3,1
277,1062,4,3,1
277,123,1,0,1
277,104,1,1,0
277,278,1,1,0
277,144,3,2,1
277,379,2,1,0
277,59,3,3,0
277,56,5,1,3
277,492,2,0,1
277,327,10,3,4
277,638,2,1,1
277,179,3,2,1
277,334,1,1,0
277,25,2,2,0
277,299,1,1,0
277,508,2,2,0
277,1133,1,0,0
277,319,2,1,1
277,51,2,0,1
277,196,3,1,2
277,310,8,5,3
277,159,7,1,4
277,53,3,2,0
277,695,1,1,0
277,52,2,1,1
277,16,1,0,0
277,199,4,2,2
277,171,6,3,3
277,706,2,0,2
277,143,1,1,0
277,439,3,1,1
277,930,2,1,0
277,734,3,0,2
277,637,1,0,0
277,361,12,6,4
277,684,1,1,0
277,216,4,4,0
277,40,1,1,0
277,467,3,2,0
277,207,5,0,4
277,32,2,1,1
277,772,1,1,0
277,399,4,3,0
277,147,5,1,4
277,831,1,0,1
277,87,2,2,0
277,200,1,0,0
277,146,1,0,0
277,349,1,1,0
277,74,1,0,0
277,279,7,3,3
277,81,2,1,0
277,77,4,0,3
277,347,6,1,5
277,912,2,0,2
277,380,2,0,1
277,663,1,1,0
277,432,1,0,0
277,121,1,0,0
277,222,1,1,0
277,397,1,1,0
277,336,3,1,1
277,685,2,2,0
277,339,1,0,0
277,413,1,1,0
277,512,2,2,0
277,431,2,1,0
277,386,1,1,0
277,272,2,2,0
277,390,1,0,0
277,419,3,1,1
277,122,1,1,0
277,318,1,1,0
277,109,1,1,0
277,445,1,1,0
277,523,3,3,0
277,158,2,2,0
277,31,3,2,1
277,770,3,2,1
277,60,13,3,10
277,256,3,3,0
277,218,2,2,0
277,197,5,1,3
277,148,3,1,2
277,792,1,0,1
277,925,1,1,0
277,716,1,0,1
277,281,2,2,0
277,168,1,0,1
277,26,1,1,0
277,78,1,0,1
277,84,1,0,1
277,415,1,0,0
277,300,2,0,1
277,619,1,1,0
277,360,1,1,0
277,156,2,1,1
277,408,2,1,1
277,816,2,1,0
277,230,1,0,0
277,258,1,1,0
277,609,1,0,1
277,97,1,1,0
277,30,3,1,1
277,13,2,1,1
277,107,1,0,0
277,741,2,0,2
277,381,3,1,2
277,2656,1,1,0
277,17,1,0,1
277,7,4,2,2
277,137,1,1,0
277,231,5,2,3
277,246,2,1,1
277,501,3,2,1
277,312,1,0,1
277,534,1,1,0
277,198,2,1,1
277,1717,2,1,1
277,878,2,1,1
277,103,1,1,0
277,294,1,0,1
277,106,3,0,3
277,854,2,0,1
277,248,1,0,0
277,2089,1,0,1
277,36,1,1,0
277,240,2,2,0
277,301,1,1,0
277,101,1,1,0
277,23,1,0,1
277,170,2,2,0
277,176,1,1,0
277,661,1,0,1
277,948,1,1,0
277,771,1,1,0
277,1142,1,0,1
277,167,1,0,0
277,430,3,1,0
277,55,1,1,0
277,494,2,0,2
277,99,1,0,1
277,646,1,0,1
277,297,1,0,1
277,28,1,0,1
277,39,1,0,1
277,145,1,1,0
278,123,1,1,0
278,320,4,3,1
278,278,42,18,19
278,360,3,2,1
278,349,2,0,2
278,461,4,2,1
278,654,3,2,1
278,168,2,0,1
278,87,1,0,1
278,196,3,0,2
278,327,2,0,1
278,513,1,0,0
278,32,2,1,1
278,121,1,1,0
278,652,1,1,0
278,379,3,1,1
278,137,1,1,0
278,176,1,1,0
278,296,3,2,0
278,28,2,1,1
278,104,1,0,1
278,175,4,2,1
278,197,1,0,0
278,39,2,0,2
278,222,1,0,1
278,380,2,1,0
278,659,1,1,0
278,663,1,0,1
278,1276,1,1,0
278,300,2,1,1
278,402,1,1,0
278,7,2,2,0
278,115,1,0,1
278,1113,1,0,1
278,430,1,1,0
278,184,1,1,0
278,310,1,0,0
278,397,1,1,0
278,272,1,0,1
278,432,1,1,0
278,52,1,0,0
278,372,1,1,0
278,1046,1,0,0
278,207,1,0,1
278,122,1,1,0
278,426,1,0,1
278,282,2,1,0
278,40,1,0,1
278,2308,1,0,1
278,198,1,1,0
278,259,1,1,0
278,374,2,0,2
278,661,1,1,0
278,57,2,2,0
279,542,2,0,1
279,36,2,1,1
279,619,2,1,1
279,300,9,3,5
279,327,3,0,3
279,81,2,2,0
279,87,1,1,0
279,196,6,2,4
279,238,8,0,7
279,137,2,1,1
279,109,3,1,2
279,281,1,1,0
279,358,4,1,2
279,93,1,1,0
279,56,7,3,4
279,501,1,0,1
279,523,16,3,7
279,30,6,4,2
279,294,5,2,3
279,139,2,1,1
279,654,1,1,0
279,311,1,0,1
279,361,7,2,4
279,499,1,1,0
279,659,24,4,15
279,663,2,2,0
279,1148,1,1,0
279,1090,1,0,1
279,426,4,1,1
279,82,5,2,3
279,84,1,1,0
279,445,1,0,1
279,107,3,2,1
279,277,5,3,2
279,167,2,1,0
279,121,2,0,2
279,399,1,0,0
279,40,1,0,1
279,240,2,2,0
279,122,1,0,0
279,408,5,2,1
279,279,35,10,16
279,471,2,0,2
279,170,1,1,0
279,439,3,0,1
279,176,2,1,0
279,390,2,0,1
279,198,1,0,1
279,397,2,1,1
279,1276,1,0,1
279,1062,2,1,0
279,144,5,1,4
279,621,1,0,0
279,419,1,1,0
279,149,1,1,0
279,431,2,0,1
279,272,1,1,0
279,1865,1,0,1
279,395,1,1,0
279,197,4,1,3
279,608,1,1,0
279,310,5,3,0
279,317,2,0,2
279,494,3,0,3
279,534,4,0,3
279,584,1,0,1
279,230,2,1,1
279,222,3,3,0
279,864,1,0,1
279,28,1,1,0
279,360,1,0,1
279,379,1,0,1
279,216,4,2,1
279,432,1,0,1
279,78,1,1,0
279,52,1,1,0
279,512,1,1,0
279,554,1,1,0
279,158,5,2,3
279,273,2,1,1
279,380,3,2,1
279,296,1,1,0
279,467,1,0,1
279,476,2,0,1
279,498,1,0,1
279,24,1,0,1
279,104,3,0,3
279,74,1,0,1
279,103,2,1,1
279,402,1,0,1
279,0,3,1,0
279,171,2,2,0
279,918,1,0,1
279,299,1,0,1
279,32,1,1,0
279,1423,10,3,6
279,430,2,1,1
279,1088,1,0,0
279,17,1,0,1
279,159,2,0,1
279,19,1,1,0
279,347,12,2,7
279,336,1,0,1
279,638,1,1,0
279,39,1,0,1
279,334,1,0,1
279,207,1,0,1
279,1046,1,0,0
279,579,1,1,0
279,156,1,0,0
279,695,1,0,1
279,101,1,0,0
279,25,2,1,1
279,60,4,2,2
279,248,1,0,1
279,2945,2,1,1
279,301,1,0,1
279,372,1,0,1
279,318,1,1,0
279,339,1,0,1
279,321,3,1,2
279,295,1,1,0
279,31,1,0,0
279,333,2,0,2
279,415,1,0,0
279,374,1,0,0
279,145,1,1,0
279,1894,1,0,1
280,137,6,3,3
280,310,2,1,1
280,16,6,3,3
280,143,5,3,2
280,483,2,0,0
280,353,2,1,1
280,105,5,2,2
280,238,4,0,4
280,82,3,0,3
280,36,6,3,2
280,19,3,2,1
280,692,2,2,0
280,282,1,1,0
280,76,11,6,4
280,145,2,1,1
280,39,1,0,1
280,31,5,4,1
280,429,2,1,1
280,890,1,0,1
280,349,1,0,1
280,324,3,1,2
280,461,2,1,1
280,755,1,0,0
280,86,7,2,3
280,414,1,0,1
280,314,1,0,1
280,359,4,2,2
280,156,11,7,4
280,280,119,51,47
280,13,1,0,1
280,17,3,1,1
280,216,2,1,1
280,57,5,2,1
280,85,1,0,1
280,534,2,1,1
280,918,2,0,0
280,170,2,0,1
280,176,2,1,1
280,259,2,1,1
280,311,3,2,1
280,115,6,1,5
280,390,4,2,2
280,1032,2,1,1
280,159,7,2,4
280,144,2,0,1
280,107,6,2,4
280,198,4,2,1
280,376,7,3,4
280,28,3,2,0
280,399,2,2,0
280,207,7,3,3
280,295,3,2,1
280,146,3,1,2
280,336,1,1,0
280,246,2,2,0
280,580,1,0,0
280,230,2,1,1
280,508,1,1,0
280,9,5,3,2
280,8,3,2,1
280,77,3,0,2
280,88,5,3,2
280,53,17,9,7
280,147,4,1,3
280,706,3,1,1
280,688,1,0,1
280,104,2,1,1
280,103,2,1,1
280,358,1,0,0
280,93,1,1,0
280,199,4,3,1
280,179,1,0,0
280,25,4,2,2
280,327,2,1,1
280,296,1,1,0
280,492,5,4,1
280,51,9,6,2
280,439,1,1,0
280,652,1,1,0
280,34,2,1,0
280,101,4,1,0
280,98,1,1,0
280,75,3,2,1
280,512,2,1,1
280,23,3,1,1
280,26,3,3,0
280,779,2,2,0
280,281,2,1,1
280,12,3,2,1
280,467,1,1,0
280,157,1,0,1
280,707,1,0,1
280,699,7,3,4
280,770,2,0,1
280,1267,1,0,1
280,81,1,0,1
280,74,4,0,4
280,139,1,0,1
280,258,2,0,0
280,362,3,1,2
280,24,1,1,0
280,408,1,1,0
280,7,2,0,1
280,84,3,0,1
280,18,4,1,3
280,21,2,0,1
280,30,2,1,1
280,415,1,1,0
280,61,1,1,0
280,293,3,2,1
280,256,1,0,1
280,22,1,0,0
280,854,1,1,0
280,646,4,1,2
280,381,1,1,0
280,300,1,0,1
280,122,1,0,1
280,208,1,0,1
280,60,3,2,1
280,334,1,0,0
280,426,2,0,1
280,118,1,1,0
280,598,1,1,0
280,445,4,2,2
280,678,1,1,0
280,608,1,0,1
280,321,1,1,0
280,222,1,1,0
280,33,1,0,1
280,294,1,1,0
280,56,3,1,2
280,20,1,1,0
280,87,3,2,1
280,175,1,0,1
280,149,1,0,0
280,240,1,1,0
280,277,1,0,1
280,2861,1,0,1
280,695,1,0,0
280,52,1,1,0
280,523,1,0,1
280,301,1,0,0
280,716,1,1,0
280,379,1,0,1
280,948,1,1,0
280,395,1,1,0
281,137,3,1,1
281,144,4,1,2
281,93,1,0,0
281,494,1,0,0
281,334,3,2,0
281,713,1,0,0
281,883,2,1,1
281,21,1,1,0
281,87,3,3,0
281,281,55,24,20
281,156,2,1,1
281,179,16,8,7
281,31,2,0,1
281,890,1,0,1
281,483,1,0,1
281,359,1,0,1
281,248,5,2,2
281,105,4,2,0
281,197,3,2,1
281,513,2,1,0
281,471,2,1,0
281,584,1,1,0
281,324,1,1,0
281,461,1,0,0
281,579,1,1,0
281,16,1,1,0
281,199,5,1,3
281,148,1,1,0
281,143,1,1,0
281,320,1,1,0
281,300,3,1,1
281,781,1,1,0
281,147,1,1,0
281,688,1,1,0
281,19,1,1,0
281,402,1,0,1
281,258,2,2,0
281,208,2,1,1
281,84,1,0,1
281,159,3,0,1
281,358,2,1,1
281,98,7,4,0
281,419,2,1,1
281,312,1,1,0
281,85,2,2,0
281,304,5,0,5
281,82,1,1,0
281,107,2,1,1
281,103,4,3,0
281,498,1,0,0
281,296,1,1,0
281,170,1,1,0
281,198,4,3,0
281,314,1,1,0
281,361,1,0,1
281,462,2,2,0
281,238,2,1,0
281,77,3,3,0
281,341,4,3,0
281,13,1,1,0
281,123,1,1,0
281,215,5,1,1
281,492,3,1,1
281,399,4,1,1
281,426,2,2,0
281,554,1,1,0
281,408,1,1,0
281,534,1,0,0
281,499,1,1,0
281,362,2,1,0
281,542,1,1,0
281,340,3,3,0
281,413,1,1,0
281,167,2,0,2
281,327,1,0,0
281,678,1,1,0
281,28,1,1,0
281,310,2,1,1
281,1195,1,0,1
281,347,1,0,1
281,410,1,1,0
281,280,1,0,0
281,376,3,1,0
281,101,1,1,0
281,37,1,1,0
281,431,3,1,0
281,74,1,0,0
281,169,2,2,0
281,88,1,0,1
281,333,2,1,0
281,318,1,1,0
281,429,1,1,0
281,207,1,0,0
281,149,2,1,1
281,216,1,1,0
281,175,1,1,0
281,638,1,1,0
281,380,1,0,1
281,158,4,1,2
281,230,1,1,0
281,222,1,0,1
281,695,2,1,1
281,33,2,1,1
281,23,1,0,1
281,7,1,0,1
281,56,1,0,1
281,75,1,0,1
281,0,1,0,1
281,240,1,0,1
281,39,1,0,0
281,1166,2,1,0
281,8,3,2,1
281,816,1,1,0
281,777,1,1,0
281,699,1,0,1
281,61,2,2,0
281,706,1,0,1
281,792,4,0,3
281,59,1,1,0
281,381,1,1,0
281,36,1,0,0
281,115,4,1,1
281,18,2,0,2
281,60,1,0,1
281,97,1,0,1
281,1142,1,0,1
281,294,1,0,1
281,734,1,0,1
281,503,1,0,1
281,700,1,1,0
281,12,2,1,1
281,171,1,1,0
281,200,1,0,1
281,646,1,0,0
281,692,1,0,0
281,609,1,0,1
281,831,2,0,2
281,779,1,1,0
281,1102,1,0,0
281,52,1,1,0
281,293,1,1,0
282,137,1,0,0
282,395,1,1,0
282,26,2,0,2
282,8,2,0,2
282,282,14,6,5
282,246,2,2,0
282,28,2,1,1
282,432,1,0,1
282,399,1,0,1
282,40,1,1,0
282,294,1,1,0
282,598,2,0,2
282,933,1,0,1
282,339,1,0,0
282,706,1,0,1
282,24,2,1,1
282,78,1,1,0
282,461,2,1,1
282,207,1,1,0
282,625,1,1,0
282,1046,3,1,2
282,59,2,0,1
282,222,1,0,1
282,770,1,1,0
282,17,1,0,0
282,13,1,0,1
282,56,1,0,1
282,75,1,1,0
282,39,1,0,0
282,103,1,1,0
282,57,1,0,1
282,179,1,1,0
283,137,1,1,0
283,167,1,1,0
283,101,1,0,1
283,755,1,0,1
283,311,1,1,0
283,637,1,1,0
283,883,1,1,0
283,40,1,1,0
283,512,1,1,0
283,156,1,0,1
283,118,1,0,1
283,97,2,1,0
283,318,1,1,0
283,9,1,1,0
283,30,1,0,1
283,23,1,1,0
283,28,1,0,0
283,231,1,0,1
283,199,1,0,1
283,381,1,1,0
283,692,2,1,1
283,646,2,1,1
284,137,1,1,0
284,156,1,1,0
284,19,1,0,1
284,426,1,0,0
284,101,1,1,0
284,57,1,1,0
284,1109,1,1,0
284,28,1,0,1
284,688,1,1,0
284,75,1,1,0
284,706,1,1,0
284,168,1,0,1
284,58,1,1,0
284,948,1,1,0
284,930,1,0,0
285,137,1,1,0
285,57,1,1,0
285,123,1,1,0
285,258,1,0,1
285,143,1,1,0
285,61,1,1,0
285,36,1,1,0
285,37,1,1,0
285,15,1,0,1
285,144,1,1,0
285,76,1,1,0
285,347,1,1,0
285,22,1,1,0
285,706,1,0,1
285,157,1,1,0
285,104,1,0,0
285,147,1,1,0
285,159,1,1,0
286,137,1,1,0
286,55,1,1,0
286,19,1,1,0
286,85,1,1,0
286,340,1,1,0
286,145,1,1,0
286,259,1,1,0
286,297,1,1,0
286,59,1,1,0
286,37,1,1,0
286,97,1,1,0
286,312,1,1,0
286,26,1,1,0
286,84,1,1,0
286,197,1,1,0
286,1718,1,1,0
286,15,1,1,0
286,105,1,1,0
286,107,2,2,0
286,498,1,1,0
286,430,1,1,0
286,426,3,3,0
286,87,1,0,0
286,7,1,1,0
286,159,1,1,0
286,103,1,0,1
286,707,1,0,0
286,39,1,0,1
287,137,1,0,1
287,580,1,0,0
287,88,2,2,0
287,470,1,0,1
287,0,2,0,0
287,281,1,1,0
287,207,1,0,0
287,168,1,1,0
287,59,1,1,0
287,379,1,1,0
287,408,1,1,0
287,23,1,1,0
287,147,1,1,0
287,9,1,1,0
287,238,1,0,1
287,18,1,0,1
287,25,1,0,1
287,149,1,0,1
287,105,1,1,0
288,137,1,0,0
288,347,1,0,0
288,579,1,1,0
288,158,1,0,0
288,333,1,1,0
288,431,1,0,1
288,1865,1,1,0
288,659,1,0,0
288,36,1,1,0
288,37,1,1,0
288,294,1,0,1
288,2296,1,1,0
288,218,1,1,0
288,105,1,1,0
288,1149,1,0,1
289,137,1,1,0
289,105,1,1,0
289,208,1,1,0
289,107,2,2,0
289,101,1,1,0
289,59,1,1,0
289,310,1,1,0
290,137,1,1,0
290,171,1,1,0
290,467,1,0,1
290,312,1,1,0
290,518,1,1,0
290,1272,1,1,0
290,508,1,0,1
290,176,2,1,0
290,59,1,1,0
291,137,1,1,0
291,28,1,0,1
291,147,1,0,0
291,256,1,0,0
291,692,1,0,1
291,688,1,0,1
291,684,1,0,1
292,137,1,1,0
292,461,1,1,0
292,123,1,1,0
292,281,1,1,0
293,137,1,0,1
293,1,1,0,0
293,101,1,1,0
293,105,1,1,0
293,82,1,1,0
293,80,1,1,0
293,379,2,2,0
293,282,1,0,1
293,59,3,3,0
293,199,3,3,0
293,426,2,0,1
293,312,3,2,0
293,143,3,2,0
293,608,1,1,0
293,25,2,0,2
293,20,8,5,1
293,734,4,1,1
293,713,1,0,1
293,675,1,0,0
293,513,1,1,0
293,84,2,0,2
293,300,3,1,1
293,230,2,1,1
293,415,1,1,0
293,674,2,2,0
293,336,2,1,1
293,1272,3,1,1
293,28,2,2,0
293,339,1,1,0
293,93,1,0,1
293,256,3,3,0
293,534,1,0,1
293,24,1,0,1
293,381,5,4,1
293,772,1,1,0
293,159,2,2,0
293,277,2,1,0
293,281,1,0,1
293,77,1,1,0
293,53,4,3,1
293,121,3,1,1
293,215,2,2,0
293,523,2,2,0
293,816,3,3,0
293,930,4,3,1
293,258,5,4,1
293,293,23,9,5
293,688,5,3,1
293,168,2,1,0
293,169,1,0,0
293,333,1,1,0
293,9,1,1,0
293,23,7,6,1
293,8,4,3,1
293,156,1,0,0
293,399,1,0,0
293,781,1,1,0
293,147,1,1,0
293,31,9,4,3
293,467,1,1,0
293,170,2,2,0
293,157,2,2,0
293,32,1,1,0
293,26,2,2,0
293,218,1,1,0
293,419,1,0,0
293,695,2,2,0
293,508,1,0,1
293,716,2,2,0
293,7,1,1,0
293,158,1,1,0
293,280,1,0,1
293,61,1,1,0
293,301,8,5,2
293,706,4,1,3
293,2,1,0,1
293,17,1,0,0
293,55,1,1,0
293,402,1,0,0
293,184,1,0,0
293,836,1,0,1
293,11,1,0,1
293,692,2,2,0
293,609,1,0,1
293,51,3,3,0
293,327,1,1,0
293,34,2,0,1
293,87,1,1,0
293,75,1,1,0
293,707,1,1,0
293,13,1,1,0
293,57,2,1,0
293,56,2,2,0
293,145,2,2,0
293,430,1,0,1
293,2861,1,1,0
293,646,3,0,1
293,18,4,2,2
293,36,2,2,0
293,12,3,3,0
293,16,1,0,1
293,40,1,1,0
293,554,1,0,0
293,97,2,1,1
293,318,2,2,0
293,115,1,0,1
293,777,1,0,0
293,515,2,2,0
293,272,1,1,0
293,334,1,0,1
294,137,3,1,1
294,294,47,20,26
294,512,4,2,0
294,0,3,1,2
294,40,2,2,0
294,429,2,1,1
294,359,1,1,0
294,430,4,2,1
294,143,2,1,1
294,933,1,0,1
294,361,1,1,0
294,675,1,1,0
294,684,21,5,14
294,74,1,0,0
294,318,2,0,1
294,24,2,1,1
294,238,2,0,1
294,77,1,0,1
294,215,2,1,1
294,312,1,0,0
294,685,12,5,7
294,659,5,0,2
294,170,1,0,0
294,84,1,0,1
294,88,1,0,1
294,419,3,2,1
294,197,1,0,0
294,216,2,2,0
294,541,1,1,0
294,439,14,7,4
294,82,4,2,2
294,281,1,1,0
294,282,1,0,0
294,492,2,0,1
294,158,1,0,1
294,513,1,0,1
294,279,1,1,0
294,912,4,2,1
294,554,1,1,0
294,470,1,1,0
294,1355,1,0,0
294,498,4,0,1
294,175,2,1,0
294,380,1,1,0
294,619,1,0,1
294,584,1,1,0
294,347,2,1,1
294,311,1,1,0
294,663,2,0,0
294,376,1,0,0
294,230,1,0,0
294,461,1,0,1
294,139,1,1,0
294,334,2,2,0
294,169,1,0,0
294,176,1,0,1
294,471,1,0,1
294,511,1,1,0
294,699,1,0,0
294,379,4,0,3
294,301,1,0,0
294,222,1,1,0
294,2537,2,0,0
294,1276,1,1,0
294,115,1,1,0
294,104,1,1,0
294,21,1,1,0
294,30,1,1,0
294,637,1,0,1
294,168,1,0,1
294,432,1,1,0
294,159,3,0,3
294,300,1,0,0
294,19,1,1,0
294,336,1,1,0
294,25,1,1,0
294,33,1,0,0
294,179,1,0,1
294,321,1,0,1
294,426,1,0,1
294,854,1,1,0
294,26,1,0,1
294,144,1,0,1
294,277,2,1,1
294,121,1,0,1
294,483,1,0,0
294,171,2,0,2
294,327,1,0,1
294,278,1,1,0
294,106,3,1,1
294,930,1,0,1
294,103,1,0,1
294,200,2,1,0
294,579,1,1,0
294,105,1,1,0
294,862,1,0,0
295,137,1,0,0
295,320,1,1,0
295,277,12,6,4
295,358,4,4,0
295,103,1,1,0
295,197,1,1,0
295,282,1,1,0
295,76,3,2,0
295,109,1,1,0
295,295,16,6,7
295,445,2,2,0
295,940,3,1,0
295,361,12,7,3
295,380,1,1,0
295,998,1,1,0
295,663,1,0,1
295,1062,3,0,3
295,145,1,0,1
295,659,5,0,2
295,327,1,0,0
295,310,6,4,1
295,156,1,1,0
295,57,1,1,0
295,149,4,3,0
295,408,1,1,0
295,294,2,2,0
295,402,2,0,1
295,652,4,1,0
295,1717,1,0,1
295,143,2,1,1
295,347,2,1,1
295,579,1,0,0
295,678,1,1,0
295,208,2,2,0
295,84,1,0,1
295,93,2,1,1
295,85,2,0,0
295,312,1,0,0
295,296,1,0,0
295,19,2,2,0
295,104,1,1,0
295,395,1,0,0
295,413,1,1,0
295,88,3,1,1
295,60,2,1,1
295,234,1,1,0
295,179,2,1,0
295,390,1,1,0
295,314,1,1,0
295,207,3,1,1
295,144,2,1,0
295,159,4,2,2
295,31,2,1,1
295,523,1,1,0
295,21,1,0,1
295,52,1,1,0
295,359,1,1,0
295,121,1,1,0
295,379,1,1,0
295,272,1,0,1
295,199,1,0,1
295,432,1,0,1
295,494,1,1,0
295,638,1,0,0
295,97,1,1,0
295,318,1,0,1
295,349,4,1,3
295,279,2,0,2
295,439,2,1,1
295,157,1,1,0
295,619,1,0,0
295,414,2,1,1
295,1276,4,1,1
295,61,1,1,0
295,470,1,1,0
295,301,1,1,0
295,1423,2,0,1
295,55,1,0,1
295,238,2,1,0
295,18,2,2,0
295,82,4,1,2
295,430,2,1,1
295,56,2,1,1
295,684,2,1,1
295,534,1,1,0
295,115,1,1,0
295,87,1,0,1
295,360,1,0,1
295,1718,2,0,2
295,2945,1,1,0
295,498,1,1,0
295,300,1,1,0
295,336,1,1,0
295,363,1,1,0
295,105,2,1,0
295,30,1,0,1
295,685,1,1,0
295,74,2,1,1
295,339,2,1,1
295,512,1,1,0
295,700,2,1,1
295,216,1,1,0
295,673,1,0,1
295,362,2,1,0
296,137,1,1,0
296,77,3,1,2
296,431,3,3,0
296,282,1,1,0
296,59,2,1,1
296,230,1,1,0
296,296,69,38,16
296,654,2,1,1
296,862,1,1,0
296,461,3,2,1
296,13,1,1,0
296,216,1,0,1
296,432,1,0,1
296,494,1,1,0
296,426,2,1,1
296,554,1,0,1
296,301,3,3,0
296,109,5,1,3
296,297,2,1,1
296,374,6,4,2
296,22,1,1,0
296,625,1,0,1
296,673,3,1,2
296,1108,4,1,3
296,1135,2,1,1
296,1133,1,0,0
296,1102,1,1,0
296,317,4,2,1
296,74,2,2,0
296,0,1,1,0
296,122,2,1,0
296,139,3,2,1
296,652,2,2,0
296,260,2,1,1
296,28,2,1,1
296,34,1,1,0
296,175,4,2,2
296,259,1,0,0
296,360,6,5,1
296,395,3,2,0
296,498,1,0,0
296,470,2,2,0
296,32,2,1,1
296,196,1,1,0
296,320,3,1,2
296,105,2,0,1
296,310,1,1,0
296,176,4,1,3
296,397,1,0,1
296,82,2,2,0
296,413,1,0,0
296,513,2,1,0
296,659,1,1,0
296,362,2,0,1
296,399,2,2,0
296,9,1,0,1
296,121,2,2,0
296,492,1,1,0
296,238,1,1,0
296,272,1,1,0
296,30,2,1,1
296,1362,1,0,1
296,258,1,0,1
296,541,1,1,0
296,218,1,0,1
296,339,1,0,1
296,40,2,1,1
296,390,1,1,0
296,321,1,1,0
296,414,1,1,0
296,518,1,1,0
296,1272,1,1,0
296,815,1,0,1
296,87,1,1,0
296,12,1,1,0
296,508,2,0,1
296,198,1,0,0
296,25,1,0,1
296,476,1,0,1
296,273,3,0,3
296,415,2,1,1
296,222,1,0,1
296,278,1,0,0
296,334,1,1,0
296,57,2,0,2
296,781,1,1,0
296,688,1,0,1
296,104,1,1,0
296,402,1,1,0
296,97,1,0,1
296,831,2,2,0
296,56,1,0,1
296,695,1,1,0
296,16,1,0,1
296,146,1,1,0
296,200,1,1,0
296,336,1,1,0
296,608,2,1,1
296,103,1,0,0
296,512,1,0,1
296,542,2,1,1
296,23,1,1,0
297,137,2,0,1
297,638,2,1,1
297,319,1,1,0
297,297,41,13,25
297,200,4,2,2
297,471,3,1,1
297,169,1,0,0
297,445,1,1,0
297,159,2,1,1
297,106,1,1,0
297,439,1,1,0
297,208,3,0,3
297,148,10,3,6
297,430,1,0,0
297,608,2,2,0
297,390,1,0,1
297,1236,1,1,0
297,52,2,2,0
297,854,2,0,2
297,36,1,0,0
297,659,1,1,0
297,81,1,1,0
297,23,2,0,2
297,24,1,0,1
297,104,1,1,0
297,238,1,1,0
297,317,1,1,0
297,82,2,2,0
297,167,3,1,1
297,109,2,0,1
297,272,2,2,0
297,256,5,4,0
297,494,2,0,1
297,512,1,0,1
297,246,2,2,0
297,158,2,0,1
297,279,1,0,1
297,584,1,1,0
297,296,1,0,1
297,299,1,0,0
297,415,1,1,0
297,222,2,0,1
297,661,2,2,0
297,667,1,0,1
297,1272,1,0,0
297,542,2,2,0
297,215,3,1,2
297,310,1,0,1
297,467,2,1,1
297,25,1,1,0
297,461,1,0,1
297,336,1,0,1
297,334,1,1,0
297,341,1,1,0
297,379,1,1,0
297,609,1,1,0
297,88,1,1,0
297,294,1,1,0
297,515,2,0,0
297,534,2,0,2
297,259,1,1,0
297,930,2,0,2
297,380,1,0,1
297,684,1,0,1
297,218,1,1,0
297,171,1,1,0
297,28,1,1,0
297,419,1,0,0
297,216,3,1,1
297,327,1,0,0
297,301,2,0,2
297,143,1,1,0
297,170,1,0,1
297,2308,1,1,0
297,2301,1,0,1
297,145,1,1,0
297,196,1,0,0
297,176,1,0,0
297,635,1,0,0
298,137,1,1,0
298,816,1,1,0
298,358,1,1,0
298,53,2,1,1
298,105,1,1,0
299,399,2,1,1
299,299,20,14,2
299,619,1,0,1
299,413,1,1,0
299,84,2,2,0
299,1423,1,1,0
299,395,1,1,0
299,148,1,0,0
299,294,1,1,0
299,321,1,1,0
299,408,1,0,1
299,101,1,1,0
299,501,1,1,0
299,471,1,1,0
299,621,1,1,0
299,361,1,1,0
299,624,2,2,0
299,358,1,0,1
299,272,1,0,1
299,21,1,0,1
299,336,1,1,0
299,831,1,1,0
300,208,5,4,1
300,300,141,81,30
300,82,11,7,2
300,277,10,8,1
300,83,2,1,1
300,103,10,5,5
300,379,19,11,7
300,77,8,5,2
300,167,7,5,2
300,430,7,2,3
300,121,3,2,0
300,432,13,8,5
300,494,18,11,5
300,199,7,4,2
300,426,14,10,3
300,171,15,12,3
300,246,5,3,1
300,349,9,7,1
300,279,7,3,3
300,584,4,1,1
300,230,12,7,4
300,258,1,1,0
300,511,3,3,0
300,32,1,0,1
300,624,1,0,1
300,462,3,2,0
300,137,12,6,4
300,196,8,3,1
300,24,4,2,1
300,105,20,11,7
300,278,1,0,0
300,144,25,12,11
300,107,3,2,0
300,358,21,7,10
300,12,1,1,0
300,52,3,2,0
300,0,21,10,6
300,523,13,4,7
300,39,6,3,3
300,431,3,1,2
300,598,1,0,1
300,471,10,7,2
300,912,1,0,1
300,170,23,10,10
300,654,2,2,0
300,390,1,1,0
300,361,5,1,2
300,663,2,0,1
300,314,1,0,1
300,674,4,3,0
300,837,1,1,0
300,906,1,0,0
300,461,7,5,2
300,216,34,16,12
300,402,17,8,5
300,200,9,1,7
300,294,5,4,1
300,334,6,3,1
300,445,2,2,0
300,87,9,6,3
300,197,12,7,3
300,396,1,0,0
300,512,7,2,0
300,327,8,4,4
300,638,2,1,1
300,109,14,7,3
300,30,20,10,7
300,295,2,0,0
300,374,5,2,3
300,918,5,1,3
300,299,8,1,3
300,508,1,0,1
300,415,8,5,2
300,499,2,1,1
300,659,19,7,10
300,1135,1,1,0
300,1133,2,1,1
300,319,2,2,0
300,640,4,2,2
300,1148,1,0,1
300,310,6,2,3
300,76,4,3,1
300,341,1,1,0
300,40,3,2,1
300,31,20,10,10
300,297,3,2,0
300,1236,11,7,1
300,176,2,0,1
300,159,17,8,8
300,360,3,1,1
300,413,11,4,4
300,88,4,3,1
300,439,7,4,1
300,399,11,5,3
300,408,12,6,2
300,513,2,2,0
300,534,4,1,3
300,347,7,4,1
300,619,11,4,4
300,1276,15,4,8
300,101,8,4,2
300,146,5,0,3
300,336,13,6,6
300,429,2,1,1
300,397,5,3,2
300,359,4,0,3
300,81,7,3,3
300,301,4,3,1
300,673,1,1,0
300,256,6,0,3
300,240,3,1,1
300,467,2,2,0
300,296,5,3,1
300,175,7,2,3
300,60,3,3,0
300,122,6,1,1
300,376,2,0,0
300,678,2,2,0
300,7,4,3,1
300,238,10,3,7
300,19,5,2,3
300,84,6,2,3
300,492,1,1,0
300,317,5,3,1
300,541,3,2,1
300,395,4,2,1
300,222,13,3,7
300,362,7,4,2
300,340,4,2,2
300,104,5,4,1
300,419,6,4,0
300,207,3,0,1
300,304,1,1,0
300,158,5,1,2
300,621,4,0,2
300,321,3,1,1
300,579,2,0,1
300,1147,1,0,0
300,498,4,2,1
300,1195,1,0,0
300,652,3,1,1
300,1362,1,0,1
300,542,3,1,2
300,85,2,1,0
300,1355,2,1,1
300,55,4,1,2
300,22,2,2,0
300,13,3,3,0
300,772,2,0,1
300,74,5,0,5
300,75,2,1,0
300,259,2,1,0
300,380,1,0,0
300,272,4,2,0
300,282,1,1,0
300,281,1,1,0
300,123,3,1,1
300,56,14,7,6
300,215,3,0,1
300,554,2,2,0
300,147,4,2,2
300,1272,3,3,0
300,777,2,2,0
300,1127,8,2,6
300,58,1,1,0
300,363,1,1,0
300,26,1,0,1
300,16,1,1,0
300,148,6,3,2
300,816,6,2,4
300,930,2,1,1
300,707,3,1,0
300,854,1,1,0
300,864,2,0,1
300,675,1,0,0
300,78,1,0,1
300,25,5,3,2
300,8,1,1,0
300,741,2,1,1
300,688,1,0,1
300,699,1,0,1
300,53,1,1,0
300,156,2,1,1
300,381,2,2,0
300,21,1,1,0
300,184,1,0,1
300,18,1,1,0
300,149,4,2,0
300,608,2,1,0
300,661,2,2,0
300,2,1,0,1
300,1149,1,1,0
300,312,3,2,1
300,273,2,1,1
300,339,2,2,0
300,483,3,2,1
300,218,3,2,1
300,37,1,1,0
300,23,1,1,0
300,143,1,1,0
300,320,1,0,0
300,234,1,0,1
300,20,1,1,0
300,181,1,1,0
300,293,1,0,0
300,878,18,7,9
300,716,2,2,0
300,831,4,2,0
300,86,1,0,1
300,1046,1,1,0
300,145,1,1,0
300,97,1,1,0
300,781,1,1,0
300,179,2,1,1
300,609,1,0,1
300,57,2,1,1
300,318,1,1,0
300,695,1,1,0
300,933,1,1,0
300,700,1,0,1
300,2639,1,0,1
300,684,1,1,0
300,1341,1,0,0
300,581,1,1,0
300,717,4,2,2
300,945,1,0,0
300,685,2,1,1
300,28,1,1,0
301,301,121,31,81
301,312,1,0,0
301,429,2,0,1
301,374,1,1,0
301,470,1,1,0
301,299,1,1,0
301,101,1,0,1
301,123,2,1,1
301,105,1,0,0
301,278,1,1,0
301,121,13,9,3
301,498,1,0,1
301,513,1,1,0
301,200,2,0,2
301,598,2,1,1
301,584,2,0,1
301,972,1,0,1
301,175,6,3,2
301,57,4,3,1
301,40,9,2,7
301,77,3,3,0
301,179,1,1,0
301,61,1,1,0
301,145,2,0,2
301,781,1,1,0
301,318,4,3,1
301,930,1,0,0
301,168,2,2,0
301,84,1,1,0
301,19,1,1,0
301,678,1,1,0
301,75,1,1,0
301,39,1,1,0
301,862,1,0,0
301,272,2,0,1
301,30,1,1,0
301,399,1,1,0
301,534,1,1,0
301,256,1,1,0
301,706,1,0,1
301,362,2,0,1
301,1127,1,1,0
301,157,1,1,0
301,158,2,0,1
301,461,3,1,2
301,7,1,1,0
301,197,1,0,1
301,56,3,1,1
301,215,1,1,0
301,171,2,1,1
301,554,2,1,1
301,258,1,0,1
301,901,1,1,0
301,854,3,0,1
301,792,1,1,0
301,850,1,1,0
301,716,1,1,0
301,51,2,2,0
301,1272,2,1,1
301,259,2,1,1
301,772,5,1,4
301,379,2,0,2
301,280,1,1,0
301,777,1,1,0
301,1267,1,0,1
301,87,3,1,2
301,340,1,0,0
301,146,1,0,1
301,361,1,0,1
301,208,1,1,0
301,147,1,0,1
301,260,1,0,0
301,638,1,0,1
301,402,1,0,1
301,317,3,0,1
301,310,1,1,0
301,176,1,1,0
301,170,1,0,1
301,28,4,2,2
301,320,1,0,1
301,55,2,0,2
301,523,1,0,1
301,143,1,0,1
301,770,2,1,1
301,695,2,2,0
301,199,2,1,1
301,207,2,0,1
301,137,3,2,1
301,53,2,1,1
301,36,3,3,0
301,9,1,0,0
301,122,7,1,5
301,13,1,0,1
301,159,1,1,0
301,60,1,1,0
301,296,2,2,0
301,293,1,0,0
301,83,1,1,0
301,415,2,0,2
301,218,1,0,1
301,360,2,0,2
301,467,3,0,2
301,659,2,0,2
301,439,2,0,2
301,734,1,0,1
301,2639,1,0,1
301,933,2,0,2
301,688,4,1,3
301,372,3,0,3
301,503,1,0,1
301,18,2,2,0
301,58,1,1,0
301,115,1,1,0
301,59,1,0,1
301,431,1,1,0
301,231,1,0,1
301,608,1,0,0
301,234,1,0,1
301,78,1,0,1
302,208,1,0,1
302,362,1,0,0
302,273,1,1,0
302,554,1,0,0
302,216,2,1,1
302,379,2,1,1
302,107,1,0,1
302,294,1,1,0
302,358,1,0,0
302,667,1,0,0
302,176,1,0,1
302,361,1,1,0
302,359,1,0,0
302,82,1,1,0
302,432,1,0,0
302,426,1,0,1
302,109,1,1,0
302,310,1,0,1
302,374,1,0,1
302,659,2,0,2
302,170,1,1,0
302,408,1,0,0
302,59,2,1,1
302,327,1,1,0
302,197,1,0,1
302,30,2,1,1
302,159,2,1,0
302,277,1,1,0
302,296,1,0,0
302,609,1,1,0
302,101,1,0,0
302,139,1,1,0
302,238,1,1,0
302,542,1,0,0
302,57,1,1,0
302,673,1,1,0
302,84,2,1,1
303,208,1,1,0
303,105,1,1,0
303,238,1,0,0
303,199,1,1,0
303,98,1,0,1
303,87,1,1,0
303,88,1,1,0
303,76,1,1,0
303,432,1,0,0
303,84,1,0,0
303,51,1,0,1
303,396,1,1,0
303,143,1,0,1
303,362,1,1,0
303,80,1,1,0
303,246,1,1,0
303,21,1,0,1
303,53,1,0,1
303,176,1,1,0
304,395,2,2,0
304,0,1,0,0
304,147,4,4,0
304,280,1,0,1
304,304,18,15,2
304,476,1,0,0
304,542,2,1,1
304,146,2,1,1
304,890,1,1,0
304,659,3,2,1
304,181,1,1,0
304,1082,1,1,0
304,1142,7,4,3
304,101,3,2,1
304,28,1,1,0
304,7,2,1,0
304,105,3,2,1
304,238,1,1,0
304,82,3,0,1
304,216,3,1,1
304,272,1,1,0
304,149,1,1,0
304,396,3,3,0
304,492,3,1,1
304,246,3,2,1
304,318,2,1,1
304,312,1,0,1
304,402,3,3,0
304,143,1,0,1
304,347,2,1,1
304,584,2,1,0
304,15,1,0,1
304,176,1,1,0
304,410,4,1,0
304,115,2,2,0
304,361,3,2,0
304,579,1,0,0
304,674,1,1,0
304,376,1,0,0
304,439,2,2,0
304,320,1,1,0
304,413,2,2,0
304,19,3,3,0
304,171,2,1,1
304,327,2,0,1
304,470,1,0,1
304,508,1,1,0
304,300,6,4,1
304,77,4,3,1
304,207,3,2,0
304,87,4,3,0
304,17,1,1,0
304,408,1,0,0
304,86,1,1,0
304,80,1,0,0
304,1,3,3,0
304,21,1,0,1
304,259,1,0,0
304,58,1,1,0
304,273,1,1,0
304,359,1,1,0
304,1423,1,1,0
304,430,2,0,1
304,158,1,1,0
304,467,1,1,0
304,256,1,1,0
304,240,1,1,0
304,106,1,1,0
304,24,3,3,0
304,358,1,1,0
304,234,1,1,0
304,512,1,0,0
304,40,2,2,0
304,179,1,0,1
304,334,1,0,0
304,296,1,1,0
304,321,1,0,0
304,74,2,1,0
304,81,2,2,0
304,1102,1,0,0
304,104,1,1,0
304,281,3,2,1
304,1195,2,0,0
304,76,3,2,1
304,12,1,0,0
304,37,2,2,0
304,426,1,1,0
304,511,3,2,0
304,1135,2,2,0
304,349,1,0,0
304,169,1,1,0
304,60,2,1,0
304,16,1,1,0
304,652,1,1,0
304,333,1,1,0
304,200,1,1,0
304,619,1,0,0
304,678,1,1,0
304,167,1,1,0
304,1276,1,1,0
304,33,1,1,0
304,230,1,0,1
304,144,2,2,0
304,159,1,0,1
304,379,3,1,2
304,299,2,1,0
304,414,2,1,1
304,168,1,1,0
304,51,2,1,0
304,139,1,1,0
304,380,2,1,1
304,294,2,1,0
304,278,1,1,0
304,18,1,0,1
304,199,1,0,1
304,483,1,0,0
304,218,1,1,0
304,541,1,0,1
304,707,1,1,0
304,13,1,1,0
304,137,1,0,1
304,53,2,2,0
304,374,1,1,0
304,311,1,1,0
304,700,1,0,1
304,107,1,1,0
304,208,1,1,0
304,59,1,1,0
305,304,1,0,1
305,74,1,1,0
305,169,1,1,0
305,17,4,2,2
305,51,1,1,0
305,324,2,2,0
305,98,1,0,0
305,15,1,0,0
305,470,1,1,0
305,410,1,1,0
305,26,1,0,0
305,1091,1,1,0
305,106,1,1,0
305,19,1,1,0
306,304,1,1,0
306,121,2,2,0
306,362,1,0,1
306,156,3,1,1
306,282,2,0,1
306,21,1,0,0
306,77,1,0,0
306,439,2,1,1
306,410,1,1,0
306,675,1,1,0
306,57,1,1,0
306,699,1,0,1
306,9,2,1,1
306,60,1,1,0
306,598,1,1,0
306,397,1,1,0
306,197,1,1,0
306,40,1,0,1
306,277,1,1,0
306,87,1,0,1
306,16,2,1,1
306,28,1,1,0
306,56,1,0,0
306,106,1,1,0
306,12,1,1,0
306,30,1,0,0
306,706,1,0,1
306,0,1,0,1
306,74,1,0,1
306,18,1,0,1
306,53,1,0,1
306,399,1,0,1
306,199,1,0,1
306,148,1,1,0
306,609,1,0,1
306,82,1,1,0
306,415,1,0,0
307,84,1,1,0
307,121,1,1,0
307,512,1,0,0
307,118,1,0,1
307,159,2,2,0
307,358,1,0,1
307,36,1,1,0
307,513,1,1,0
307,310,2,2,0
307,40,1,0,1
307,1109,1,0,1
307,81,1,1,0
307,143,1,1,0
307,734,2,1,0
307,699,2,2,0
307,19,1,1,0
307,157,1,1,0
307,101,2,1,1
307,93,1,0,0
307,9,2,1,1
307,280,2,0,2
307,399,1,1,0
307,137,1,1,0
307,176,1,1,0
307,8,3,2,1
307,301,1,1,0
307,147,1,1,0
307,199,1,0,1
307,145,2,1,1
307,51,1,0,1
307,60,1,1,0
307,461,1,0,1
307,18,3,0,3
307,59,1,1,0
307,445,2,2,0
307,87,1,0,1
307,34,1,0,1
307,82,1,1,0
307,103,1,0,1
307,483,1,1,0
307,2,1,0,1
307,625,1,1,0
307,156,2,0,1
307,61,1,0,1
307,13,4,1,2
307,234,1,0,1
307,78,1,1,0
307,17,1,0,1
307,508,1,0,0
307,22,1,0,1
307,2935,1,1,0
307,716,1,0,1
307,646,2,1,1
307,277,1,1,0
307,76,1,0,1
307,930,1,1,0
307,333,1,0,1
307,208,1,1,0
307,75,1,0,1
308,84,1,0,0
308,396,1,1,0
308,75,1,1,0
308,410,1,1,0
308,105,1,1,0
308,123,1,1,0
308,144,1,1,0
308,107,1,1,0
308,11,3,3,0
308,78,1,1,0
308,101,1,1,0
308,678,1,1,0
308,33,1,1,0
309,84,1,0,0
309,319,1,0,1
309,9,1,0,1
309,240,1,0,1
309,123,1,1,0
309,37,1,0,1
309,361,1,1,0
309,57,1,0,1
309,81,1,1,0
309,390,1,1,0
309,542,1,1,0
309,1,1,1,0
309,74,1,0,1
309,77,1,1,0
309,20,1,1,0
309,2,1,1,0
309,13,1,1,0
309,197,1,0,0
309,25,1,1,0
309,15,1,1,0
309,26,1,0,0
309,176,1,1,0
309,75,1,1,0
310,310,156,43,82
310,541,1,0,0
310,105,3,1,2
310,294,4,3,1
310,295,1,1,0
310,18,4,2,2
310,21,1,0,1
310,37,1,0,0
310,179,5,1,2
310,340,4,3,1
310,379,2,0,1
310,430,3,1,1
310,88,2,1,1
310,256,4,0,3
310,75,1,1,0
310,143,1,0,1
310,471,3,1,0
310,608,1,1,0
310,311,1,0,0
310,361,4,1,3
310,673,1,0,0
310,1127,1,0,0
310,358,4,3,1
310,397,1,1,0
310,512,1,0,0
310,523,1,0,1
310,240,3,0,0
310,207,11,3,7
310,55,3,1,1
310,137,6,2,1
310,341,1,1,0
310,52,6,3,2
310,318,1,0,0
310,624,5,5,0
310,415,1,0,0
310,678,4,3,1
310,19,1,1,0
310,146,2,1,0
310,222,3,2,1
310,0,2,1,1
310,327,4,0,3
310,147,1,0,1
310,312,2,1,1
310,321,1,0,0
310,238,1,1,0
310,339,3,1,0
310,1135,1,0,0
310,87,4,2,0
310,197,4,0,2
310,667,2,0,1
310,77,2,1,0
310,196,1,0,0
310,7,1,0,0
310,144,1,0,0
310,175,2,1,0
310,98,1,0,0
310,60,5,1,3
310,78,1,0,0
310,234,1,0,1
310,396,1,1,0
310,426,6,4,1
310,170,2,0,2
310,511,1,0,0
310,380,1,0,0
310,168,2,2,0
310,277,4,3,0
310,445,3,2,1
310,431,1,1,0
310,374,2,0,1
310,299,2,2,0
310,1276,2,1,0
310,333,1,0,1
310,494,3,3,0
310,534,1,1,0
310,439,2,1,0
310,22,1,1,0
310,581,1,0,0
310,149,3,1,2
310,159,2,1,1
310,461,1,1,0
310,39,2,1,1
310,273,1,1,0
310,31,1,1,0
310,156,1,1,0
310,17,1,0,1
310,81,1,0,1
310,56,1,1,0
310,1147,1,0,1
310,554,1,0,1
310,158,1,1,0
310,390,1,1,0
310,145,1,1,0
310,260,1,0,1
310,33,2,1,1
310,349,1,0,1
310,684,1,0,1
310,1088,3,0,2
310,104,1,0,0
310,360,1,1,0
310,216,1,0,0
310,483,1,0,1
310,598,1,0,0
310,297,1,0,1
310,107,1,0,0
310,395,1,1,0
310,279,1,1,0
310,93,1,0,1
310,419,1,0,1
310,492,1,0,0
310,399,1,0,1
310,741,1,0,0
310,501,1,0,1
310,467,1,0,1
310,259,1,0,1
310,933,1,0,1
310,231,2,0,2
310,198,1,1,0
310,99,1,0,1
310,621,1,1,0
310,619,1,0,1
310,659,1,1,0
310,169,1,1,0
310,362,2,0,2
310,208,1,1,0
310,386,1,0,0
311,310,3,2,1
311,379,9,4,4
311,216,2,2,0
311,426,2,1,1
311,410,1,0,0
311,198,3,0,3
311,579,4,2,1
311,196,8,4,3
311,105,3,1,1
311,36,1,1,0
311,146,7,3,2
311,246,4,4,0
311,147,12,7,5
311,312,4,1,3
311,170,7,2,2
311,314,1,1,0
311,542,1,0,1
311,363,2,2,0
311,21,2,2,0
311,179,6,5,0
311,78,2,1,1
311,26,2,1,1
311,208,4,0,4
311,317,2,1,1
311,277,3,2,1
311,360,3,2,0
311,1113,1,0,0
311,215,2,1,1
311,122,4,1,2
311,638,2,0,2
311,158,1,1,0
311,106,1,1,0
311,297,2,1,1
311,890,1,0,1
311,431,1,1,0
311,374,3,1,1
311,508,1,0,1
311,207,4,2,2
311,511,2,1,0
311,22,1,0,1
311,635,3,2,1
311,222,3,1,1
311,380,2,2,0
311,414,2,2,0
311,663,2,1,1
311,496,1,0,1
311,862,1,1,0
311,1091,1,1,0
311,972,2,1,1
311,1090,1,0,1
311,1032,2,1,1
311,1082,2,1,0
311,1142,4,1,2
311,7,1,1,0
311,11,1,0,1
311,87,7,4,1
311,56,3,2,1
311,23,1,0,0
311,349,2,1,0
311,311,64,21,36
311,518,1,0,1
311,376,2,1,1
311,318,2,1,1
311,777,1,1,0
311,238,4,2,0
311,395,1,1,0
311,88,5,1,3
311,333,5,2,2
311,256,3,2,1
311,52,4,1,2
311,296,2,2,0
311,76,9,4,4
311,461,1,0,1
311,470,1,1,0
311,19,7,5,1
311,16,1,1,0
311,60,3,2,1
311,339,2,0,1
311,347,7,3,4
311,608,3,1,1
311,678,1,1,0
311,98,3,1,1
311,301,3,2,0
311,402,1,1,0
311,445,3,2,0
311,300,3,0,2
311,57,5,3,2
311,240,5,2,0
311,334,2,0,1
311,28,3,3,0
311,144,2,1,0
311,554,3,3,0
311,541,2,2,0
311,159,2,1,0
311,169,1,1,0
311,381,2,1,1
311,281,1,1,0
311,430,6,5,1
311,432,2,0,2
311,58,1,0,1
311,864,3,2,1
311,319,2,2,0
311,336,1,1,0
311,104,1,1,0
311,772,1,0,1
311,121,2,1,1
311,1272,2,1,0
311,293,1,0,0
311,137,4,3,0
311,327,3,1,1
311,81,5,5,0
311,30,6,3,3
311,103,3,2,1
311,77,5,1,3
311,282,6,2,1
311,40,2,0,1
311,321,2,1,0
311,2537,1,1,0
311,74,5,1,3
311,9,1,0,0
311,734,2,1,1
311,24,2,1,1
311,1423,1,0,0
311,408,3,1,1
311,390,3,0,2
311,167,2,0,1
311,260,1,1,0
311,218,1,1,0
311,234,4,2,2
311,492,5,1,3
311,101,2,1,1
311,115,3,0,3
311,31,1,1,0
311,278,1,0,0
311,419,1,1,0
311,25,2,1,1
311,415,3,1,1
311,123,1,1,0
311,358,1,1,0
311,39,3,3,0
311,280,2,0,1
311,1127,1,1,0
311,836,1,0,0
311,53,2,2,0
311,8,1,0,0
311,171,2,0,2
311,476,1,1,0
311,184,1,1,0
311,13,2,1,0
311,107,2,0,1
311,0,1,1,0
311,148,1,1,0
311,534,2,1,0
311,467,2,2,0
311,51,1,1,0
311,17,4,1,3
311,175,2,1,0
311,413,2,2,0
311,197,3,2,1
311,231,2,0,2
311,494,1,1,0
311,230,5,3,0
311,918,1,0,1
311,32,2,2,0
311,684,1,0,1
311,157,1,1,0
311,145,1,1,0
311,624,1,1,0
311,82,2,1,1
311,149,1,1,0
311,471,1,1,0
311,584,2,1,0
311,259,1,0,1
311,361,2,0,2
311,362,2,0,2
311,646,2,0,0
311,609,2,2,0
311,439,2,0,1
311,199,1,1,0
311,1236,1,0,1
311,659,2,0,2
311,109,1,1,0
311,84,4,3,0
311,83,3,1,0
311,399,2,1,0
311,294,1,0,1
311,143,1,0,1
311,18,1,1,0
311,815,1,0,0
312,310,1,1,0
312,494,2,0,2
312,554,3,2,0
312,429,1,0,1
312,39,1,1,0
312,230,7,3,4
312,461,4,0,2
312,380,9,4,2
312,659,2,1,0
312,661,3,3,0
312,663,16,4,8
312,105,2,2,0
312,430,3,1,2
312,109,3,2,0
312,312,28,15,9
312,580,1,1,0
312,294,1,1,0
312,918,3,0,3
312,363,1,1,0
312,208,2,2,0
312,339,6,2,2
312,56,1,0,1
312,512,10,6,1
312,240,2,2,0
312,279,2,1,0
312,476,1,0,1
312,143,3,1,0
312,1272,3,0,0
312,25,1,0,0
312,349,2,2,0
312,1,1,1,0
312,101,3,1,1
312,28,1,1,0
312,17,1,1,0
312,158,3,2,1
312,511,3,2,0
312,499,1,1,0
312,341,1,0,0
312,13,1,0,0
312,84,3,3,0
312,171,2,1,1
312,471,3,1,0
312,415,1,1,0
312,674,6,2,3
312,321,4,2,1
312,408,3,2,1
312,402,2,1,1
312,534,9,2,6
312,374,2,1,1
312,334,5,0,5
312,296,2,0,1
312,24,4,1,3
312,238,2,1,1
312,432,1,1,0
312,256,2,1,1
312,40,2,2,0
312,426,1,0,1
312,439,2,2,0
312,652,1,0,0
312,621,5,3,1
312,361,1,0,0
312,541,2,0,0
312,397,3,3,0
312,624,1,1,0
312,462,1,0,0
312,301,2,1,1
312,340,1,0,0
312,1355,1,1,0
312,395,1,0,0
312,234,1,0,0
312,277,2,1,1
312,360,1,0,0
312,98,1,0,0
312,347,2,0,1
312,299,1,0,0
312,273,1,1,0
312,678,1,1,0
312,314,1,0,0
312,513,4,1,2
312,390,3,0,1
312,483,1,0,0
312,104,1,0,1
312,358,2,1,1
312,379,1,0,1
312,198,1,0,1
312,320,1,0,1
312,467,2,0,1
312,144,1,1,0
312,55,1,0,1
312,197,1,1,0
312,30,1,0,1
312,175,1,1,0
312,74,2,1,0
312,419,2,1,0
312,137,2,0,2
312,619,1,0,1
312,359,2,1,1
312,542,1,0,1
312,23,1,0,1
312,300,1,0,1
312,82,2,0,2
312,77,3,0,2
312,272,2,0,2
312,912,1,1,0
312,0,2,0,1
312,246,1,1,0
312,501,1,0,0
312,598,2,0,1
312,170,1,0,1
312,222,2,0,2
312,86,1,0,0
312,362,1,0,1
312,684,1,1,0
312,146,1,1,0
312,20,1,1,0
312,260,1,0,0
312,716,1,0,1
312,2308,2,2,0
312,2945,3,2,0
312,862,2,0,2
312,19,1,0,0
313,310,1,1,0
313,184,1,1,0
313,176,1,0,1
313,498,1,0,0
313,314,1,0,0
314,310,6,2,3
314,144,1,1,0
314,445,3,1,1
314,492,2,1,0
314,560,1,0,1
314,349,1,1,0
314,87,4,3,1
314,358,3,2,1
314,580,1,0,1
314,713,1,1,0
314,314,15,9,3
314,18,4,1,2
314,295,1,1,0
314,196,1,1,0
314,300,2,1,0
314,171,2,1,1
314,1090,1,0,1
314,175,1,0,1
314,85,2,1,0
314,88,1,1,0
314,149,3,1,1
314,146,1,0,0
314,74,3,2,0
314,399,2,1,0
314,31,1,0,0
314,277,2,2,0
314,158,1,0,0
314,52,1,1,0
314,19,3,2,1
314,0,4,3,0
314,501,1,1,0
314,8,1,1,0
314,147,1,0,1
314,395,1,0,0
314,432,1,0,0
314,215,2,0,1
314,294,1,1,0
314,534,1,1,0
314,579,1,1,0
314,471,1,1,0
314,75,1,1,0
314,77,1,0,1
314,179,1,1,0
314,386,1,1,0
314,390,1,0,1
314,1127,1,1,0
314,197,1,1,0
314,779,1,1,0
314,159,3,1,2
314,107,1,1,0
314,770,2,0,1
314,494,1,1,0
314,176,1,1,0
314,34,1,0,0
314,148,3,2,1
314,24,1,0,0
314,361,1,1,0
314,912,1,1,0
314,56,1,1,0
314,347,2,0,1
314,143,2,1,0
314,741,1,0,0
314,207,4,1,3
314,168,2,1,0
314,23,1,0,1
314,137,2,0,2
314,121,1,0,1
314,327,1,0,0
314,312,1,0,0
314,362,1,0,1
314,878,1,0,0
314,430,1,0,1
314,240,1,1,0
314,231,14,3,8
314,503,1,0,1
314,57,1,1,0
314,216,1,0,0
314,695,1,0,0
314,699,1,0,0
314,363,1,0,1
314,498,1,1,0
314,208,1,1,0
315,310,1,1,0
315,74,1,1,0
316,310,1,0,0
316,179,1,1,0
316,39,1,0,1
316,511,1,1,0
316,167,1,0,1
316,55,1,1,0
316,471,1,0,1
316,16,1,1,0
316,430,1,1,0
316,75,1,1,0
316,408,1,1,0
316,84,2,2,0
316,57,1,1,0
316,36,1,1,0
316,23,1,1,0
316,17,1,0,0
316,327,1,0,0
316,13,2,0,1
316,61,1,0,1
316,281,1,0,1
316,707,1,0,0
316,58,1,0,1
316,930,1,1,0
316,646,1,1,0
317,317,51,19,21
317,320,12,8,2
317,278,5,3,0
317,144,3,1,1
317,88,1,1,0
317,541,1,0,0
317,496,1,1,0
317,667,1,1,0
317,82,2,1,1
317,395,2,1,1
317,296,2,2,0
317,234,1,1,0
317,40,1,0,1
317,654,1,1,0
317,659,2,1,1
317,700,1,1,0
317,862,1,1,0
317,208,3,3,0
317,175,5,5,0
317,410,1,1,0
317,139,3,1,1
317,277,1,1,0
317,256,3,0,3
317,122,5,5,0
317,230,3,2,1
317,314,1,1,0
317,353,1,0,1
317,432,1,0,0
317,16,1,1,0
317,512,2,2,0
317,327,4,3,1
317,554,3,3,0
317,445,1,0,1
317,653,1,1,0
317,25,3,2,0
317,470,1,1,0
317,273,1,1,0
317,358,1,0,1
317,240,1,0,0
317,321,1,1,0
317,36,1,1,0
317,196,1,1,0
317,374,3,2,0
317,176,2,2,0
317,673,2,2,0
317,13,2,1,1
317,300,1,0,1
317,156,1,0,1
317,60,1,0,1
317,32,1,1,0
317,74,1,1,0
317,402,1,0,1
317,692,1,1,0
317,57,1,0,0
317,56,2,1,0
317,301,1,0,1
317,170,1,0,1
317,461,2,2,0
317,28,3,2,0
317,426,1,1,0
317,123,1,0,1
317,415,1,1,0
317,53,1,0,0
317,30,3,0,2
317,1142,1,1,0
317,184,1,0,1
317,84,1,0,0
317,159,1,0,1
317,238,1,1,0
317,200,1,0,0
317,431,1,1,0
318,170,13,3,6
318,300,4,3,1
318,339,3,2,0
318,98,1,1,0
318,77,20,9,9
318,59,3,1,1
318,19,2,2,0
318,215,9,5,4
318,122,1,0,1
318,318,183,94,84
318,429,6,3,1
318,39,40,10,24
318,295,4,1,2
318,259,1,1,0
318,324,4,1,2
318,321,3,3,0
318,397,2,2,0
318,579,22,10,7
318,81,5,3,2
318,87,11,7,3
318,34,8,7,1
318,123,1,1,0
318,105,3,2,0
318,107,2,2,0
318,272,4,2,2
318,11,3,3,0
318,56,15,8,6
318,78,4,2,0
318,240,9,4,3
318,638,3,1,2
318,158,5,5,0
318,279,5,0,3
318,508,3,1,1
318,207,7,2,4
318,755,1,1,0
318,692,3,1,2
318,462,1,1,0
318,184,2,1,0
318,584,22,10,10
318,167,3,1,0
318,156,9,3,4
318,25,4,3,1
318,175,3,1,2
318,61,5,3,2
318,103,3,1,1
318,216,2,0,1
318,0,5,2,3
318,408,10,6,3
318,97,13,9,4
318,311,5,5,0
318,380,1,0,1
318,414,2,1,1
318,198,4,4,0
318,496,2,1,1
318,362,2,0,1
318,1102,3,0,3
318,181,3,1,0
318,113,2,0,2
318,137,7,5,1
318,159,9,5,2
318,379,5,1,3
318,395,4,2,0
318,93,2,2,0
318,396,5,3,0
318,312,4,1,1
318,359,2,2,0
318,673,1,1,0
318,28,3,2,0
318,419,9,2,5
318,176,3,2,1
318,23,6,3,3
318,695,5,2,2
318,334,5,1,2
318,16,8,4,3
318,199,7,2,3
318,179,9,7,1
318,361,4,2,2
318,17,3,2,1
318,74,6,2,4
318,277,6,3,1
318,358,1,1,0
318,36,9,6,3
318,413,13,5,5
318,53,14,10,3
318,432,1,1,0
318,341,3,2,0
318,492,3,3,0
318,171,8,2,5
318,301,3,2,1
318,297,3,2,0
318,534,1,0,1
318,471,2,1,1
318,499,3,2,1
318,439,6,4,1
318,299,1,0,0
318,511,1,0,0
318,625,1,1,0
318,666,1,1,0
318,238,5,3,1
318,208,1,1,0
318,144,4,3,1
318,60,7,3,4
318,57,6,4,1
318,75,5,3,2
318,854,4,1,2
318,716,2,1,1
318,831,1,1,0
318,101,7,6,1
318,26,3,2,0
318,541,1,1,0
318,494,2,1,1
318,147,5,2,2
318,470,1,1,0
318,684,1,1,0
318,7,7,5,2
318,169,2,1,1
318,256,2,2,0
318,652,1,0,1
318,84,7,3,4
318,498,3,1,1
318,40,4,2,2
318,336,7,5,2
318,1423,2,2,0
318,282,1,1,0
318,327,6,4,1
318,106,6,2,2
318,410,1,1,0
318,1091,1,1,0
318,76,2,1,0
318,678,6,3,1
318,24,4,1,2
318,273,1,1,0
318,333,4,4,0
318,554,2,2,0
318,1236,1,1,0
318,281,5,2,3
318,85,1,1,0
318,1021,2,1,1
318,21,4,3,1
318,12,3,3,0
318,121,2,0,0
318,234,5,2,2
318,402,2,1,1
318,431,2,2,0
318,349,6,2,3
318,912,1,1,0
318,461,5,0,4
318,222,1,0,0
318,86,3,1,1
318,1895,1,1,0
318,1,2,1,1
318,51,10,4,5
318,80,1,1,0
318,399,10,6,0
318,513,2,2,0
318,294,6,5,0
318,1362,1,1,0
318,340,2,1,1
318,619,2,1,0
318,13,3,2,1
318,18,10,6,3
318,145,3,2,1
318,31,6,3,2
318,196,3,0,1
318,310,6,4,2
318,360,7,1,3
318,512,2,0,1
318,467,7,4,2
318,32,1,1,0
318,168,2,1,0
318,663,1,1,0
318,230,1,0,1
318,9,1,1,0
318,523,2,1,0
318,200,1,0,0
318,143,5,2,3
318,707,2,1,1
318,1203,1,1,0
318,157,3,1,1
318,688,2,1,0
318,781,2,2,0
318,258,2,2,0
318,381,1,1,0
318,933,1,1,0
318,149,2,0,2
318,426,1,1,0
318,317,1,1,0
318,635,1,1,0
318,55,3,1,1
318,706,4,3,0
318,148,2,2,0
318,792,1,1,0
318,699,2,2,0
318,609,3,2,1
318,772,2,1,0
318,1272,1,1,0
318,293,3,0,1
318,374,2,0,2
318,445,1,1,0
318,674,1,0,1
318,1113,2,1,0
318,83,2,0,2
318,659,2,0,1
318,8,4,1,2
318,115,3,1,1
318,248,2,0,1
318,30,2,1,0
318,816,1,1,0
318,1121,3,0,3
318,741,4,0,3
318,637,1,1,0
318,608,1,0,0
318,314,1,0,1
318,2,1,1,0
318,278,1,0,0
318,430,5,0,4
318,146,2,1,1
318,501,1,0,1
318,347,3,2,1
318,483,1,1,0
318,1279,2,1,1
318,1717,1,1,0
318,1142,1,0,1
318,280,2,1,1
318,218,3,2,1
318,58,5,2,2
318,246,1,1,0
318,646,4,4,0
318,2861,1,1,0
318,88,2,0,2
318,930,4,0,4
318,890,1,0,1
318,2089,1,0,1
318,2639,1,0,0
318,390,1,0,1
318,700,1,0,1
318,864,1,0,1
318,542,2,0,2
318,1127,1,1,0
318,1357,1,1,0
318,33,1,1,0
318,20,2,2,0
318,2301,1,0,1
318,734,1,0,0
318,3132,1,1,0
318,878,1,0,0
318,883,1,0,1
318,197,1,0,0
318,580,2,2,0
318,37,1,0,1
319,317,1,0,1
319,413,1,0,0
319,272,2,0,1
319,494,2,1,1
319,319,24,6,18
319,534,1,1,0
319,222,1,1,0
319,619,1,1,0
319,918,2,0,2
319,659,3,1,2
319,511,1,0,1
319,716,1,0,0
319,246,1,1,0
319,273,1,1,0
319,57,1,0,1
319,467,3,0,2
319,104,3,2,1
319,175,1,0,1
319,103,1,0,1
319,77,1,1,0
319,282,1,1,0
319,426,1,0,1
319,200,2,0,0
319,374,1,0,1
319,334,1,1,0
319,347,1,0,1
319,230,2,0,2
319,296,1,1,0
319,461,1,0,1
319,414,1,1,0
319,663,1,0,1
319,864,2,1,1
319,1276,1,0,1
319,362,1,0,1
319,256,1,1,0
319,512,2,1,1
319,170,1,1,0
319,39,2,2,0
319,379,1,0,1
319,146,1,0,1
319,159,1,1,0
319,390,1,1,0
319,74,1,0,1
319,167,1,0,1
319,430,1,0,1
319,60,2,0,1
319,327,1,1,0
319,158,2,2,0
319,312,1,0,1
319,439,1,0,1
319,415,1,0,0
319,105,1,0,1
319,216,1,0,1
319,139,1,1,0
319,621,1,0,0
319,321,5,0,4
319,372,1,0,1
319,1133,1,1,0
319,476,1,0,1
319,395,1,0,1
319,304,1,1,0
319,445,1,1,0
319,240,1,1,0
319,318,1,0,1
319,1127,1,0,1
319,32,1,0,1
319,432,1,1,0
319,700,1,0,0
319,99,1,1,0
319,300,1,0,0
319,1149,1,1,0
319,7,1,1,0
320,320,59,30,18
320,321,2,1,0
320,471,1,1,0
320,339,1,1,0
320,82,1,1,0
320,175,5,2,1
320,169,1,1,0
320,57,1,1,0
320,429,2,2,0
320,534,2,2,0
320,608,1,1,0
320,654,2,1,0
320,273,5,2,2
320,414,1,1,0
320,579,1,0,0
320,673,5,5,0
320,883,1,1,0
320,156,2,0,2
320,494,2,1,0
320,512,3,1,2
320,139,2,1,1
320,862,1,1,0
320,1126,1,1,0
320,222,1,1,0
320,277,2,2,0
320,379,1,1,0
320,16,2,0,2
320,1272,1,1,0
320,461,3,2,1
320,137,2,1,1
320,75,1,1,0
320,347,1,0,1
320,122,3,1,1
320,1127,1,1,0
320,317,6,5,1
320,272,1,1,0
320,58,1,1,0
320,659,1,1,0
320,55,1,0,1
320,30,1,0,0
320,402,1,0,1
320,28,2,2,0
320,9,1,0,1
320,374,1,1,0
320,40,1,1,0
320,296,2,1,1
320,1135,1,1,0
320,695,1,0,1
320,301,2,1,1
320,56,1,1,0
320,240,1,1,0
320,415,1,1,0
320,159,2,0,1
320,554,1,1,0
320,176,3,3,0
320,59,1,1,0
320,700,1,0,0
320,105,1,0,1
320,542,1,0,0
320,25,1,1,0
320,170,1,1,0
320,635,1,1,0
321,320,1,1,0
321,471,2,2,0
321,621,1,0,0
321,321,37,10,18
321,362,7,4,3
321,542,2,1,0
321,358,2,2,0
321,216,3,2,1
321,431,1,0,0
321,419,2,0,1
321,240,1,1,0
321,122,1,1,0
321,534,2,1,1
321,713,1,1,0
321,496,3,3,0
321,319,3,1,1
321,1171,1,1,0
321,1179,1,0,1
321,87,6,4,0
321,282,1,1,0
321,16,1,0,1
321,659,1,1,0
321,32,2,2,0
321,327,2,0,2
321,862,1,1,0
321,31,1,0,1
321,340,2,1,1
321,310,2,2,0
321,494,1,0,0
321,334,2,1,1
321,1147,1,0,1
321,380,1,1,0
321,336,2,2,0
321,439,2,1,0
321,198,1,1,0
321,399,2,2,0
321,167,3,2,1
321,143,3,2,0
321,85,1,1,0
321,413,1,0,1
321,579,3,2,0
321,376,1,1,0
321,707,1,0,0
321,379,1,1,0
321,179,1,0,1
321,279,1,0,1
321,360,2,0,1
321,430,2,2,0
321,77,2,1,1
321,88,1,1,0
321,146,1,0,1
321,52,1,1,0
321,145,1,1,0
321,312,1,1,0
321,39,3,2,1
321,1423,1,0,1
321,196,1,1,0
321,109,2,0,1
321,426,1,1,0
321,318,1,1,0
321,513,1,0,0
321,200,4,2,1
321,608,1,0,0
321,299,1,0,0
321,508,3,0,3
321,1298,1,0,0
321,1062,1,1,0
321,339,1,0,1
321,246,1,1,0
321,82,1,1,0
321,56,2,0,1
321,197,1,1,0
321,30,1,1,0
321,230,3,3,0
321,215,1,1,0
321,18,1,0,1
321,106,1,1,0
321,741,1,0,0
321,121,1,1,0
321,101,1,1,0
321,103,2,0,2
321,24,1,0,1
321,1157,1,0,1
321,300,1,0,0
321,272,2,1,1
321,147,1,0,1
321,311,1,1,0
321,333,1,1,0
321,159,1,0,1
321,374,1,0,1
321,432,1,1,0
322,320,1,0,0
322,692,1,1,0
322,59,2,1,1
322,98,1,1,0
322,40,1,1,0
322,93,1,1,0
322,81,1,1,0
322,123,1,1,0
322,415,1,1,0
322,31,1,1,0
322,699,1,0,1
322,359,1,1,0
322,76,1,0,1
323,320,1,1,0
323,97,1,1,0
323,374,1,1,0
324,353,1,0,1
324,430,1,1,0
324,246,1,1,0
324,324,12,8,3
324,32,1,0,1
324,272,1,1,0
324,619,1,1,0
324,699,2,1,1
324,579,1,1,0
324,159,1,0,1
324,280,1,1,0
324,137,1,1,0
324,358,1,0,0
324,415,1,0,0
324,28,2,0,0
324,310,2,2,0
324,256,1,0,0
324,341,1,0,0
324,334,1,0,0
324,359,1,0,0
324,376,1,1,0
324,678,1,1,0
324,147,1,0,0
324,339,1,0,0
324,98,1,1,0
324,234,1,0,0
324,347,1,0,1
324,40,1,1,0
324,156,1,0,1
324,199,1,1,0
324,61,1,1,0
324,170,1,0,1
324,2,1,1,0
324,461,1,1,0
324,402,1,0,0
325,18,2,2,0
325,105,1,0,0
325,299,1,1,0
325,554,1,1,0
325,51,1,1,0
325,8,1,0,1
325,88,1,1,0
325,168,1,0,1
325,121,1,1,0
325,462,1,1,0
325,945,1,0,0
325,300,1,0,0
325,84,1,0,0
325,396,1,1,0
325,159,3,2,1
325,281,1,0,1
325,103,1,1,0
325,26,1,1,0
325,13,1,1,0
325,17,2,0,2
325,781,1,0,0
325,706,2,1,1
325,925,1,0,0
325,816,2,1,0
325,97,1,1,0
325,277,2,0,0
325,426,1,0,1
325,74,1,1,0
325,40,1,0,0
325,179,1,1,0
325,688,1,0,0
326,18,1,1,0
326,55,1,1,0
326,144,1,1,0
327,159,4,3,0
327,278,3,1,1
327,327,164,80,58
327,215,3,1,1
327,584,5,5,0
327,692,1,1,0
327,372,2,1,1
327,837,1,1,0
327,998,2,1,1
327,310,3,1,1
327,28,3,1,2
327,238,2,2,0
327,317,4,3,1
327,300,5,3,1
327,339,1,0,0
327,82,4,2,1
327,358,3,2,1
327,272,5,1,2
327,12,1,0,1
327,56,6,4,2
327,432,8,4,3
327,148,3,3,0
327,146,4,3,1
327,399,2,1,1
327,40,1,1,0
327,240,4,3,1
327,408,15,9,6
327,246,3,2,1
327,97,1,1,0
327,158,3,2,1
327,109,3,2,1
327,30,4,4,0
327,374,3,2,1
327,471,3,0,2
327,296,5,3,0
327,918,1,1,0
327,170,20,6,6
327,470,2,2,0
327,311,2,1,0
327,659,5,4,0
327,496,1,1,0
327,542,4,2,1
327,319,2,1,1
327,1102,1,0,1
327,376,2,2,0
327,1082,1,1,0
327,1179,1,1,0
327,104,2,0,0
327,281,2,1,0
327,149,2,0,1
327,513,2,2,0
327,347,6,5,0
327,273,3,2,0
327,415,1,0,0
327,18,3,3,0
327,87,9,4,3
327,34,2,2,0
327,196,2,1,1
327,7,3,2,1
327,175,2,1,1
327,197,2,1,1
327,256,1,0,1
327,494,5,3,1
327,145,1,0,1
327,279,3,0,2
327,207,3,1,1
327,115,2,1,0
327,685,2,1,1
327,103,1,0,1
327,426,4,2,0
327,638,2,2,0
327,106,1,0,1
327,230,2,2,0
327,380,1,1,0
327,14,1,1,0
327,36,2,1,1
327,554,1,1,0
327,85,2,1,0
327,84,5,4,1
327,198,1,0,1
327,77,5,3,0
327,199,6,4,1
327,139,1,0,0
327,76,1,0,1
327,200,4,1,2
327,467,3,3,0
327,499,2,2,0
327,312,1,1,0
327,621,2,1,0
327,321,1,1,0
327,1423,1,0,1
327,624,1,1,0
327,31,2,1,1
327,137,1,1,0
327,379,4,2,1
327,16,2,0,1
327,410,2,2,0
327,297,1,1,0
327,362,1,1,0
327,678,1,1,0
327,523,4,4,0
327,318,5,4,1
327,390,1,0,0
327,122,2,1,0
327,397,1,1,0
327,349,1,1,0
327,511,1,1,0
327,169,1,1,0
327,419,2,2,0
327,301,2,0,1
327,361,3,3,0
327,277,5,4,1
327,60,2,2,0
327,336,2,1,1
327,816,2,2,0
327,32,1,1,0
327,1127,2,1,0
327,363,2,1,0
327,706,1,0,1
327,508,1,1,0
327,707,2,2,0
327,901,2,2,0
327,854,1,0,1
327,168,1,1,0
327,144,5,1,2
327,700,4,2,2
327,413,2,1,0
327,663,1,1,0
327,359,2,1,0
327,402,1,1,0
327,741,2,2,0
327,781,2,2,0
327,381,3,2,0
327,81,1,1,0
327,512,1,0,0
327,216,4,2,1
327,684,1,0,1
327,24,2,0,1
327,294,1,1,0
327,39,8,5,2
327,439,1,1,0
327,579,1,0,1
327,282,1,1,0
327,59,1,1,0
327,176,1,1,0
327,646,2,1,1
327,609,1,0,1
327,88,3,0,2
327,2534,1,1,0
327,218,1,1,0
327,74,3,1,2
327,831,2,2,0
327,23,1,0,1
327,430,1,0,1
327,515,1,1,0
327,234,1,1,0
327,231,1,0,1
327,864,2,0,2
327,9,1,0,0
327,121,2,1,1
327,948,2,0,1
327,143,1,0,1
327,699,1,0,1
327,429,1,1,0
327,779,1,1,0
327,654,1,1,0
327,78,1,0,1
327,25,2,1,1
327,222,1,1,0
327,19,1,1,0
327,280,1,0,1
328,176,1,1,0
328,395,1,1,0
328,429,1,1,0
328,314,1,0,0
328,273,1,0,1
328,300,1,1,0
328,652,2,2,0
328,511,1,1,0
328,28,2,2,0
328,293,1,1,0
328,1267,1,0,1
328,318,1,1,0
328,294,2,2,0
328,25,2,1,1
328,439,1,1,0
328,169,1,1,0
328,415,1,1,0
328,75,1,1,0
328,1,1,1,0
328,101,2,1,1
328,74,1,1,0
328,282,1,0,0
328,93,1,0,1
328,379,1,0,0
328,175,1,0,1
328,21,2,1,1
328,156,1,1,0
328,31,2,1,1
328,646,1,1,0
328,78,1,1,0
328,9,1,1,0
328,216,1,1,0
328,30,2,0,1
328,280,1,1,0
328,695,1,0,0
328,301,1,1,0
328,23,1,1,0
328,18,1,0,0
328,157,1,1,0
328,82,1,0,0
328,121,1,0,1
328,170,1,1,0
328,149,1,0,1
328,85,1,1,0
328,2861,1,1,0
328,171,1,0,0
328,147,1,1,0
328,197,1,0,0
328,608,1,1,0
328,104,1,0,0
328,238,1,0,0
328,402,1,1,0
328,87,1,0,1
329,159,1,1,0
329,272,1,1,0
329,147,1,1,0
329,115,1,0,1
329,171,2,1,1
329,541,1,1,0
329,706,1,0,0
329,84,1,0,1
329,88,1,1,0
329,699,1,0,0
329,60,1,0,0
329,692,1,0,1
329,53,1,0,0
329,197,1,0,0
329,97,1,0,0
329,215,1,1,0
329,426,1,1,0
329,646,1,1,0
329,281,1,0,0
329,199,2,1,1
329,148,2,0,1
329,301,1,0,1
329,318,1,0,1
330,300,2,1,0
330,207,1,0,0
330,82,2,2,0
330,139,2,1,0
330,996,1,1,0
330,88,1,1,0
330,240,2,0,1
330,432,1,1,0
330,584,2,1,0
330,170,2,2,0
330,208,4,1,3
330,327,1,0,0
330,402,1,1,0
330,98,1,1,0
330,299,1,1,0
330,673,2,1,1
330,7,1,1,0
330,9,5,2,2
330,216,1,0,0
330,408,1,1,0
330,25,5,3,2
330,415,1,0,0
330,76,1,0,1
330,347,1,1,0
330,24,1,0,0
330,105,4,4,0
330,260,1,1,0
330,360,1,1,0
330,333,1,0,0
330,675,2,0,0
330,55,2,2,0
330,23,1,1,0
330,58,2,2,0
330,115,2,2,0
330,109,1,1,0
330,87,1,0,0
330,104,1,0,0
330,238,1,1,0
330,84,3,1,1
330,159,5,1,3
330,19,2,0,0
330,431,3,0,1
330,273,1,1,0
330,692,1,0,0
330,52,1,1,0
330,358,1,0,0
330,334,1,1,0
330,148,1,1,0
330,26,1,1,0
330,175,1,1,0
330,294,1,0,1
330,2,1,0,1
330,259,1,1,0
330,430,2,1,1
330,53,1,1,0
330,12,1,1,0
330,215,1,0,0
330,143,1,0,1
330,40,1,1,0
330,200,1,1,0
330,716,1,1,0
330,30,1,0,0
330,122,1,0,1
330,149,1,1,0
331,300,1,0,0
331,144,1,0,0
331,11,2,2,0
331,311,1,1,0
331,340,1,1,0
331,234,1,1,0
331,26,2,2,0
331,105,7,7,0
331,137,4,3,0
331,580,1,0,0
331,713,1,1,0
331,998,1,1,0
331,430,2,1,0
331,652,3,1,1
331,76,1,1,0
331,439,2,2,0
331,336,2,2,0
331,19,4,3,1
331,24,1,1,0
331,93,1,0,1
331,107,1,1,0
331,88,4,2,0
331,374,1,1,0
331,198,1,1,0
331,82,2,1,0
331,103,1,1,0
331,333,1,0,0
331,145,1,1,0
331,327,1,1,0
331,560,1,0,1
331,97,1,1,0
331,118,1,1,0
331,653,1,1,0
331,1,1,1,0
331,410,1,1,0
331,304,2,2,0
331,432,1,1,0
331,179,1,0,0
331,101,3,3,0
331,57,4,4,0
331,0,2,1,1
331,390,2,0,1
331,1102,1,0,1
331,376,1,0,0
331,87,2,2,0
331,310,1,1,0
331,358,1,1,0
331,362,2,2,0
331,18,2,2,0
331,147,2,2,0
331,619,1,1,0
331,169,1,1,0
331,77,6,5,1
331,31,3,2,1
331,7,1,1,0
331,256,1,1,0
331,513,1,1,0
331,347,1,1,0
331,230,1,0,1
331,222,1,1,0
331,61,3,3,0
331,483,1,1,0
331,36,1,1,0
331,16,1,1,0
331,777,1,0,0
331,28,1,1,0
331,58,1,1,0
331,40,2,1,1
331,692,1,1,0
331,12,2,1,1
331,386,1,0,0
331,51,2,0,2
331,83,1,0,0
331,171,2,1,0
331,293,1,1,0
331,850,1,1,0
331,156,2,2,0
331,159,1,1,0
331,272,1,1,0
331,158,1,1,0
331,2,2,1,0
331,53,1,0,1
331,25,1,1,0
331,734,1,0,0
331,294,1,1,0
331,280,1,1,0
331,30,1,1,0
331,60,2,1,1
331,39,1,1,0
331,361,1,1,0
331,23,1,1,0
331,15,1,0,1
331,121,2,0,2
331,115,2,2,0
331,74,1,0,1
331,14,1,0,0
331,59,1,1,0
331,1119,2,1,0
331,2328,1,1,0
331,56,1,1,0
331,779,1,1,0
331,1413,1,1,0
331,277,1,1,0
331,52,1,1,0
331,301,1,1,0
331,431,1,1,0
331,883,1,1,0
331,55,1,0,0
331,379,1,0,1
331,175,1,1,0
331,246,1,1,0
331,240,1,0,0
331,282,1,1,0
331,84,1,0,1
331,541,1,1,0
332,300,2,1,1
332,77,2,2,0
332,88,1,1,0
332,216,1,1,0
332,246,1,0,0
332,312,1,1,0
332,36,2,1,1
332,84,1,1,0
332,667,1,0,1
332,56,1,1,0
332,467,1,1,0
332,86,1,1,0
332,31,1,1,0
332,598,1,1,0
332,381,1,0,1
332,792,1,0,1
332,25,1,1,0
332,23,1,1,0
332,199,1,0,1
332,508,1,0,0
332,121,1,1,0
333,278,2,1,0
333,167,3,0,0
333,336,2,1,1
333,109,1,0,0
333,294,3,3,0
333,347,5,1,3
333,414,1,1,0
333,659,1,0,0
333,684,2,2,0
333,81,1,0,1
333,320,1,0,0
333,339,2,1,1
333,360,4,2,2
333,230,3,2,1
333,462,1,1,0
333,105,7,5,0
333,84,1,0,0
333,534,4,3,1
333,297,3,1,1
333,207,3,1,1
333,208,4,2,0
333,419,1,0,0
333,296,2,1,0
333,518,1,0,0
333,1108,1,0,0
333,7,7,4,2
333,215,3,1,0
333,918,3,0,2
333,685,1,0,1
333,426,3,0,3
333,28,2,0,1
333,512,1,1,0
333,862,1,1,0
333,1149,1,0,1
333,56,2,1,0
333,13,2,2,0
333,333,11,6,4
333,200,2,1,0
333,470,1,1,0
333,621,1,1,0
333,666,1,1,0
333,216,1,0,1
333,341,2,1,0
333,358,3,0,0
333,170,1,1,0
333,104,3,0,0
333,137,4,3,0
333,310,1,0,0
333,121,1,0,0
333,147,4,1,2
333,312,10,1,2
333,279,2,1,0
333,101,2,1,0
333,238,3,1,0
333,107,2,0,2
333,430,4,2,0
333,169,1,0,0
333,234,2,1,1
333,396,1,1,0
333,0,3,3,0
333,638,2,0,0
333,402,2,1,0
333,143,2,2,0
333,608,2,0,0
333,439,3,2,0
333,258,1,1,0
333,461,3,1,0
333,663,2,0,0
333,579,1,1,0
333,340,5,2,3
333,159,4,2,1
333,76,2,1,1
333,19,2,2,0
333,199,4,1,1
333,499,1,1,0
333,374,1,1,0
333,584,2,0,0
333,1362,1,1,0
333,511,2,1,1
333,415,2,1,0
333,362,3,2,0
333,349,3,2,1
333,334,9,2,4
333,713,1,0,1
333,74,1,0,0
333,196,2,2,0
333,24,1,1,0
333,175,2,1,1
333,149,2,0,0
333,494,2,0,0
333,376,1,1,0
333,240,2,0,0
333,179,2,1,0
333,295,1,1,0
333,431,2,0,0
333,273,3,1,1
333,222,4,2,2
333,380,2,2,0
333,674,6,3,1
333,277,5,2,1
333,413,2,1,0
333,467,2,0,0
333,57,2,0,1
333,156,1,0,0
333,158,2,1,0
333,397,2,1,0
333,122,1,1,0
333,87,1,1,0
333,272,1,1,0
333,513,1,1,0
333,256,5,2,2
333,619,2,1,0
333,399,1,0,0
333,146,1,1,0
333,246,1,0,0
333,675,1,0,0
333,31,3,2,0
333,1276,1,0,1
333,16,1,1,0
333,21,2,1,1
333,688,1,1,0
333,1272,3,0,2
333,60,1,0,1
333,248,2,1,0
333,2,1,1,0
333,318,1,0,1
333,148,3,3,0
333,300,1,0,1
333,61,1,1,0
333,17,1,0,0
333,734,2,1,0
333,88,2,1,1
333,40,1,1,0
333,32,1,1,0
333,39,1,1,0
333,2854,3,1,1
333,716,1,1,0
333,293,1,0,1
333,123,1,1,0
333,717,1,0,1
333,930,1,1,0
333,695,1,0,1
334,278,3,2,1
334,339,8,5,3
334,431,1,1,0
334,584,2,1,0
334,230,26,19,6
334,320,3,1,0
334,216,2,2,0
334,396,1,0,0
334,171,7,6,1
334,334,38,18,12
334,471,2,2,0
334,918,21,7,9
334,659,8,4,2
334,661,2,2,0
334,640,1,1,0
334,674,13,2,8
334,175,1,0,1
334,0,7,3,4
334,122,4,1,3
334,311,2,0,1
334,397,2,1,1
334,663,39,14,21
334,483,1,1,0
334,518,3,1,2
334,362,3,2,1
334,1133,8,5,2
334,1090,2,0,1
334,87,1,1,0
334,105,6,3,2
334,36,1,0,1
334,60,2,1,0
334,426,8,5,1
334,512,11,6,1
334,511,2,2,0
334,492,2,1,0
334,402,6,2,3
334,579,3,3,0
334,1149,1,1,0
334,106,2,1,1
334,281,1,1,0
334,624,2,2,0
334,61,1,1,0
334,358,3,2,1
334,109,3,2,0
334,534,12,8,3
334,608,3,2,0
334,299,1,0,0
334,621,5,4,1
334,380,6,4,1
334,675,1,1,0
334,1147,1,0,0
334,282,2,0,1
334,333,2,1,1
334,652,1,1,0
334,39,3,2,0
334,143,1,0,1
334,461,2,1,0
334,246,2,1,1
334,296,4,2,1
334,272,3,2,0
334,432,8,4,4
334,149,3,2,1
334,419,1,0,1
334,349,3,1,1
334,347,2,1,1
334,340,5,2,1
334,196,2,1,1
334,137,4,2,0
334,1865,1,1,0
334,317,2,1,1
334,277,1,1,0
334,379,3,0,0
334,399,3,2,1
334,312,17,7,5
334,321,3,2,1
334,198,1,1,0
334,74,1,1,0
334,1272,7,3,2
334,82,3,1,1
334,197,3,2,1
334,256,2,1,1
334,146,1,1,0
334,279,3,1,1
334,170,1,0,1
334,619,5,1,2
334,13,1,0,1
334,777,2,1,1
334,513,2,1,1
334,32,2,1,1
334,28,1,1,0
334,123,1,1,0
334,104,3,0,2
334,238,2,1,0
334,208,2,2,0
334,40,3,2,1
334,360,1,1,0
334,56,2,2,0
334,78,2,0,1
334,494,4,1,2
334,240,2,2,0
334,148,2,2,0
334,145,1,0,1
334,554,3,2,1
334,408,2,2,0
334,158,2,1,1
334,200,3,1,2
334,501,1,1,0
334,297,1,0,1
334,30,2,2,0
334,374,2,2,0
334,176,1,1,0
334,222,4,3,1
334,361,2,1,1
334,673,1,0,1
334,301,1,1,0
334,179,1,1,0
334,376,1,0,0
334,310,2,1,0
334,7,1,0,1
334,430,2,1,0
334,121,1,1,0
334,58,1,1,0
334,439,2,1,1
334,101,1,0,1
334,542,3,0,2
334,167,1,0,1
334,476,3,2,1
334,57,2,2,0
334,1046,2,0,2
334,734,1,0,1
334,1171,2,1,0
334,159,1,1,0
334,1717,1,0,1
334,2308,1,0,0
334,2945,1,0,0
334,2854,5,2,1
334,498,1,0,1
334,2301,1,1,0
334,24,1,0,1
334,654,1,1,0
334,97,1,1,0
334,685,1,1,0
334,144,1,1,0
334,88,1,1,0
335,278,1,0,0
335,78,1,0,0
335,246,1,1,0
335,297,1,1,0
335,197,1,0,0
335,554,2,1,1
335,380,1,1,0
335,513,2,1,1
335,93,1,1,0
335,176,1,0,0
335,101,3,2,1
335,84,1,1,0
335,430,1,1,0
335,410,1,0,0
335,912,1,0,1
335,304,1,0,0
335,419,1,1,0
335,621,1,1,0
335,273,2,2,0
335,426,1,1,0
335,260,1,1,0
335,24,1,1,0
335,512,2,2,0
335,347,1,0,1
335,81,1,1,0
335,123,1,0,1
335,238,1,1,0
335,32,1,1,0
335,240,1,1,0
335,21,1,0,0
335,327,1,1,0
335,52,1,0,1
335,30,1,1,0
335,74,1,0,1
335,362,1,0,0
335,408,2,2,0
335,98,1,1,0
335,28,1,0,1
336,278,2,2,0
336,358,3,3,0
336,494,5,3,2
336,336,110,53,49
336,361,1,1,0
336,17,1,1,0
336,0,4,1,2
336,399,11,6,5
336,171,2,2,0
336,200,1,1,0
336,508,3,1,2
336,380,2,1,1
336,461,3,1,1
336,76,1,0,1
336,26,2,1,1
336,156,1,1,0
336,52,2,0,2
336,492,1,0,1
336,301,1,0,1
336,109,1,0,1
336,297,2,1,1
336,534,4,2,2
336,176,1,1,0
336,362,2,1,1
336,1090,1,1,0
336,640,1,0,1
336,684,1,1,0
336,82,1,1,0
336,56,2,1,1
336,256,1,1,0
336,706,2,1,0
336,334,1,0,0
336,170,20,9,6
336,215,6,2,3
336,310,2,0,2
336,93,1,0,1
336,240,2,1,0
336,816,1,0,0
336,985,1,1,0
336,1267,1,0,0
336,470,1,1,0
336,511,2,2,0
336,80,1,1,0
336,541,1,0,1
336,105,1,1,0
336,580,1,0,1
336,430,3,1,2
336,246,1,1,0
336,432,1,0,0
336,272,2,2,0
336,408,2,0,1
336,912,1,1,0
336,299,3,2,1
336,621,2,1,1
336,579,1,0,0
336,713,1,1,0
336,339,1,0,0
336,523,2,2,0
336,9,1,1,0
336,77,4,3,1
336,688,1,1,0
336,137,1,0,0
336,772,1,1,0
336,23,2,1,1
336,413,2,0,2
336,327,1,1,0
336,854,1,0,1
336,1109,1,1,0
336,238,1,0,1
336,74,1,0,1
336,103,2,1,1
336,379,3,1,2
336,419,1,1,0
336,57,2,0,2
336,199,1,0,1
336,148,2,1,1
336,294,2,0,2
336,39,2,2,0
336,431,1,0,1
336,279,2,1,1
336,347,1,1,0
336,230,1,1,0
336,296,1,0,1
336,258,2,1,0
336,311,1,0,1
336,222,2,1,1
336,321,2,1,1
336,663,1,0,1
336,314,2,2,0
336,1276,3,0,3
336,862,1,1,0
336,319,1,0,1
336,104,2,1,1
336,218,3,0,3
336,741,1,0,1
336,792,1,0,0
336,59,1,1,0
336,75,2,0,2
336,381,2,2,0
336,2,1,1,0
336,175,2,0,1
336,147,1,1,0
336,304,1,0,1
336,281,1,0,0
336,197,3,0,3
336,638,1,0,1
336,439,2,0,2
336,415,2,1,1
336,81,2,1,1
336,770,1,0,1
336,87,1,1,0
336,18,1,0,1
336,34,1,1,0
336,30,1,1,0
336,933,1,1,0
336,707,2,2,0
336,149,1,0,1
336,146,3,2,0
336,143,1,1,0
336,84,1,0,0
336,318,1,0,1
336,13,1,0,1
336,53,1,0,1
336,695,1,1,0
336,207,1,0,1
336,692,1,1,0
336,771,1,1,0
336,21,1,0,1
336,646,1,1,0
336,659,1,0,1
336,159,2,0,1
336,1149,1,0,0
336,234,1,0,0
336,471,1,1,0
336,259,1,0,0
336,31,1,0,1
337,278,1,0,0
337,80,1,1,0
337,76,1,0,1
337,282,1,1,0
337,148,1,1,0
337,103,1,1,0
337,88,1,1,0
337,234,2,1,1
337,381,1,1,0
337,13,2,2,0
337,24,3,1,2
337,7,2,1,1
337,77,1,1,0
337,501,1,1,0
337,31,2,2,0
337,39,2,2,0
337,28,1,1,0
337,358,1,1,0
337,16,1,1,0
337,156,1,1,0
337,51,1,1,0
337,168,1,1,0
337,609,1,1,0
337,20,2,2,0
337,19,1,1,0
337,339,1,1,0
337,58,1,1,0
337,60,1,1,0
337,56,1,1,0
337,878,1,1,0
337,143,1,1,0
337,2,1,1,0
337,18,1,1,0
337,144,1,1,0
337,246,1,0,0
337,159,1,1,0
338,278,1,1,0
338,2,1,1,0
339,93,2,1,1
339,319,1,0,1
339,339,19,10,5
339,230,13,1,9
339,84,2,0,1
339,471,2,1,0
339,374,2,0,1
339,430,1,1,0
339,512,5,3,1
339,624,1,1,0
339,415,1,1,0
339,208,1,0,1
339,216,1,0,0
339,272,2,2,0
339,0,3,2,0
339,311,1,0,1
339,380,2,1,0
339,336,1,1,0
339,60,1,0,1
339,240,1,1,0
339,145,1,1,0
339,431,2,0,1
339,397,1,0,1
339,246,2,2,0
339,511,1,0,0
339,399,1,1,0
339,294,1,1,0
339,534,2,0,1
339,167,1,1,0
339,282,1,1,0
339,40,1,1,0
339,349,1,1,0
339,663,1,0,0
339,376,1,0,0
339,334,1,0,1
339,321,1,0,1
339,75,1,1,0
339,157,1,1,0
339,426,1,0,1
339,621,4,1,1
339,716,1,0,0
339,1272,2,1,1
339,87,1,0,0
339,918,1,0,1
339,317,1,1,0
339,2169,4,0,4
339,28,1,0,1
339,104,1,0,0
339,461,2,0,2
339,176,1,0,1
339,413,1,1,0
339,312,1,0,1
339,259,1,0,1
339,542,1,1,0
339,515,1,0,1
339,770,1,1,0
339,688,3,2,0
339,347,1,0,1
339,218,1,0,0
339,9,1,0,1
339,646,1,0,1
339,523,1,1,0
339,513,1,1,0
339,105,1,1,0
340,339,2,0,1
340,358,1,1,0
340,608,1,0,1
340,361,1,1,0
340,667,1,0,0
340,334,10,5,4
340,918,1,0,0
340,430,1,0,0
340,175,3,1,2
340,158,3,2,1
340,534,4,4,0
340,461,3,1,2
340,321,1,1,0
340,340,24,14,8
340,246,1,0,0
340,336,2,1,1
340,512,3,2,0
340,426,1,1,0
340,200,2,1,1
340,471,2,2,0
340,28,3,1,2
340,256,4,2,1
340,52,1,1,0
340,333,2,1,1
340,216,2,1,1
340,439,2,2,0
340,107,1,1,0
340,678,1,0,1
340,105,1,1,0
340,663,5,3,1
340,379,2,1,1
340,282,2,2,0
340,462,1,1,0
340,215,1,1,0
340,40,1,1,0
340,109,1,0,0
340,22,1,1,0
340,397,1,0,1
340,362,1,1,0
340,23,2,1,1
340,104,1,0,0
340,39,2,2,0
340,347,1,1,0
340,176,3,2,1
340,222,3,3,0
340,0,3,2,1
340,314,1,0,0
340,171,2,1,0
340,312,3,1,2
340,230,3,2,0
340,299,1,1,0
340,1276,1,1,0
340,137,3,2,1
340,85,3,2,0
340,360,2,2,0
340,413,1,1,0
340,523,4,3,0
340,399,2,1,1
340,402,1,0,0
340,296,1,0,1
340,674,1,1,0
340,816,1,1,0
340,208,1,1,0
340,82,1,0,1
340,554,1,1,0
340,653,1,0,1
340,36,1,1,0
340,1272,2,0,1
340,147,1,0,1
340,297,1,1,0
340,81,1,1,0
340,13,1,1,0
340,278,1,1,0
340,148,1,1,0
340,513,1,0,1
340,179,1,0,0
340,445,1,1,0
340,207,1,0,1
340,311,1,1,0
340,666,1,0,1
340,24,1,0,1
340,2526,1,1,0
340,218,1,1,0
340,156,1,1,0
340,2296,1,1,0
340,2328,1,1,0
340,2929,1,0,1
340,2854,1,1,0
340,2935,1,1,0
340,19,1,0,1
340,293,4,3,1
340,258,1,0,1
341,339,1,0,0
341,98,6,6,0
341,415,1,1,0
341,341,29,20,5
341,259,1,1,0
341,74,2,1,1
341,215,1,0,0
341,171,1,0,1
341,26,1,1,0
341,379,1,1,0
341,666,1,1,0
341,483,4,3,0
341,1423,1,1,0
341,158,1,0,0
341,238,1,1,0
341,513,1,1,0
341,105,1,0,1
341,432,1,1,0
341,439,2,1,1
341,324,2,2,0
341,390,1,1,0
341,24,1,1,0
341,122,1,0,0
341,408,1,1,0
341,17,5,3,0
341,103,1,0,0
341,179,1,1,0
341,118,1,0,0
341,542,1,1,0
341,87,2,2,0
341,334,1,1,0
341,36,1,1,0
341,37,1,1,0
341,1203,1,0,0
341,361,1,1,0
341,88,2,2,0
341,75,1,1,0
341,176,1,0,0
341,624,1,1,0
341,61,1,1,0
342,339,1,0,0
342,324,1,1,0
342,362,1,0,0
342,17,1,0,0
343,339,1,0,0
343,300,1,1,0
343,149,1,1,0
343,541,1,0,0
343,137,1,1,0
343,34,1,0,1
343,104,1,1,0
343,88,1,1,0
343,83,1,1,0
343,652,1,0,1
343,170,1,0,1
344,74,1,1,0
344,419,1,0,0
344,333,1,0,0
344,282,4,1,1
344,272,1,1,0
344,101,2,0,0
344,158,1,0,0
344,390,2,0,1
344,372,1,1,0
344,1090,1,1,0
344,415,1,0,0
344,144,1,1,0
344,103,2,2,0
344,259,2,0,0
344,294,1,1,0
344,107,1,0,1
344,146,1,1,0
344,429,1,1,0
344,296,2,1,1
344,98,1,0,1
344,314,1,1,0
344,483,1,0,0
344,137,2,1,1
344,57,1,0,0
344,347,1,1,0
344,675,1,0,0
344,319,2,0,1
344,706,1,0,0
344,143,1,0,1
344,184,1,0,1
344,918,1,0,1
344,93,2,0,1
344,234,1,1,0
344,246,1,1,0
344,109,1,1,0
344,608,1,1,0
344,115,1,1,0
344,168,1,0,0
344,0,1,0,1
344,78,2,1,1
344,445,2,1,0
344,238,1,0,0
344,339,2,0,1
344,83,1,0,1
344,467,1,0,1
344,87,2,0,1
344,53,1,0,1
344,77,1,1,0
344,123,1,1,0
344,148,1,0,0
344,39,2,0,0
344,311,1,0,1
344,399,2,1,1
344,327,1,1,0
344,218,2,2,0
344,147,2,1,1
344,51,1,0,1
344,376,1,0,0
344,273,1,1,0
344,815,1,1,0
345,74,2,1,1
345,106,1,0,0
345,318,1,0,0
345,143,3,0,1
345,483,1,0,0
345,7,2,2,0
345,82,1,0,1
345,30,1,0,0
345,280,2,0,0
345,104,2,2,0
345,432,1,0,0
345,395,1,0,0
345,109,1,0,0
345,282,1,0,0
345,19,1,1,0
345,16,1,0,0
345,399,1,0,0
345,445,1,0,0
345,320,1,0,1
345,379,1,0,0
345,716,2,0,0
345,17,1,0,0
345,169,1,0,0
345,98,1,0,0
345,327,1,0,0
345,170,1,1,0
345,258,1,1,0
345,321,1,1,0
345,87,1,0,0
345,410,1,1,0
345,159,1,0,0
345,93,1,0,0
345,145,2,2,0
345,408,1,0,0
345,123,1,0,0
345,208,1,1,0
345,103,1,0,0
345,498,1,0,0
345,197,1,0,0
345,199,5,2,0
345,55,2,1,0
345,146,1,1,0
345,501,1,1,0
345,402,1,0,0
345,1,1,0,0
345,84,2,2,0
345,238,1,0,0
345,663,1,0,0
345,390,1,0,0
345,296,2,1,1
345,33,2,2,0
345,310,1,0,1
345,57,1,1,0
345,58,1,0,1
345,779,1,0,0
345,36,1,0,0
345,777,1,0,0
345,101,3,0,0
345,105,1,0,0
345,706,3,0,0
345,51,1,0,1
345,81,1,0,0
345,83,1,1,0
345,415,1,0,0
345,60,1,0,0
345,8,1,0,0
345,430,1,0,0
345,300,1,1,0
345,61,3,1,0
345,240,3,0,0
345,734,1,0,1
345,0,1,0,0
345,471,1,0,0
345,26,1,0,0
346,74,2,2,0
346,734,1,1,0
346,101,1,1,0
346,77,1,1,0
346,56,1,1,0
346,137,1,1,0
346,341,1,0,0
346,410,1,1,0
346,167,1,1,0
346,282,1,0,1
346,143,1,0,1
346,1236,1,1,0
346,259,1,0,1
346,666,1,0,0
346,176,1,1,0
346,415,1,0,1
346,300,1,1,0
346,36,1,1,0
346,11,1,1,0
346,105,1,1,0
346,37,1,1,0
347,413,2,0,0
347,432,2,0,0
347,492,2,0,0
347,336,2,1,1
347,408,2,0,1
347,208,1,0,0
347,310,2,2,0
347,534,2,1,1
347,608,3,2,0
347,347,24,10,11
347,196,1,0,0
347,358,2,0,1
347,216,1,0,1
347,121,1,0,0
347,144,2,0,1
347,327,1,1,0
347,82,1,1,0
347,103,2,0,2
347,579,1,1,0
347,430,1,0,1
347,294,2,1,1
347,499,1,0,0
347,340,1,1,0
347,301,1,1,0
347,25,1,1,0
347,339,2,1,1
347,36,1,1,0
347,122,1,0,1
347,402,1,1,0
347,230,2,0,1
347,324,1,1,0
347,280,1,1,0
347,653,1,1,0
347,1091,1,1,0
347,98,1,0,0
347,39,1,0,0
347,1276,1,0,0
347,321,3,2,1
347,379,1,0,0
347,60,1,1,0
347,523,1,0,0
347,659,5,1,3
347,77,1,0,1
347,296,1,0,1
347,684,1,0,1
347,105,1,1,0
347,197,1,0,1
347,312,1,0,1
347,170,2,0,2
347,222,1,0,1
347,619,1,0,0
347,360,2,2,0
347,390,1,0,0
347,56,1,1,0
347,0,1,1,0
347,831,1,0,1
347,862,1,0,1
347,40,1,0,1
347,259,1,1,0
347,31,1,0,1
347,238,1,1,0
347,279,1,0,0
348,144,2,1,0
348,580,1,1,0
348,78,1,1,0
348,692,1,1,0
348,93,1,0,0
348,159,1,1,0
348,11,1,1,0
348,25,3,0,2
348,137,1,0,1
348,157,2,0,2
348,360,1,0,1
348,57,2,1,1
348,256,1,1,0
348,55,1,1,0
348,101,1,1,0
348,123,1,1,0
348,238,1,1,0
348,97,1,1,0
348,184,1,1,0
348,88,1,0,1
348,492,1,1,0
348,2,2,2,0
348,75,1,1,0
348,258,1,0,1
348,560,1,1,0
348,310,2,0,2
348,706,1,0,0
348,19,1,1,0
348,716,1,0,1
348,74,1,1,0
348,7,1,0,0
348,646,1,1,0
349,144,1,0,0
349,282,1,0,1
349,216,1,1,0
349,349,20,9,10
349,410,1,0,1
349,619,4,0,3
349,80,1,0,0
349,358,1,1,0
349,294,2,0,2
349,230,2,0,1
349,380,1,0,1
349,324,1,0,1
349,621,2,1,1
349,107,1,1,0
349,84,1,1,0
349,426,2,1,1
349,399,2,1,1
349,439,1,1,0
349,470,1,1,0
349,359,2,1,0
349,673,1,1,0
349,87,1,1,0
349,1811,1,1,0
349,196,1,1,0
349,238,1,1,0
349,9,1,1,0
349,175,1,1,0
349,413,1,0,1
349,402,1,1,0
349,260,1,0,1
349,397,2,1,0
349,659,1,1,0
349,675,1,1,0
349,638,1,0,0
349,310,2,1,0
349,379,1,1,0
349,334,1,0,1
349,361,2,1,0
349,1276,1,0,1
349,39,1,0,1
349,523,1,1,0
349,432,1,1,0
349,661,2,1,1
349,81,1,1,0
349,200,1,1,0
349,256,1,1,0
349,30,1,0,0
349,930,1,1,0
349,414,1,1,0
349,105,1,0,0
349,2534,1,0,0
350,144,2,1,1
350,58,1,0,1
350,31,1,1,0
350,314,1,1,0
350,143,1,1,0
350,300,1,1,0
350,121,1,1,0
350,159,2,0,0
350,281,1,1,0
350,663,1,1,0
350,36,1,1,0
350,277,1,0,1
350,53,1,0,1
350,184,1,0,1
350,688,1,1,0
350,168,2,0,2
350,8,2,1,0
350,75,1,1,0
350,2,1,1,0
350,512,4,1,0
350,13,1,0,1
350,123,1,0,1
350,2861,1,1,0
350,646,1,0,1
350,139,1,0,1
350,84,1,0,1
350,560,1,0,1
351,144,1,0,1
351,12,1,1,0
352,144,1,1,0
352,716,1,1,0
353,82,1,1,0
353,52,1,1,0
353,512,3,0,0
353,25,1,1,0
353,461,1,1,0
353,198,1,1,0
353,353,6,4,1
353,304,1,0,1
353,282,1,1,0
353,39,1,0,0
353,273,1,0,1
353,673,1,1,0
353,340,1,1,0
353,300,1,1,0
353,74,5,2,3
353,77,1,1,0
353,700,1,0,1
353,53,1,1,0
353,327,1,1,0
353,467,1,1,0
353,523,1,1,0
353,635,2,2,0
353,143,1,1,0
353,692,1,0,1
353,699,1,1,0
353,13,1,1,0
353,61,1,1,0
353,103,1,1,0
353,33,1,1,0
353,0,1,1,0
353,199,1,1,0
353,145,1,1,0
353,280,1,1,0
353,60,1,1,0
353,31,1,0,1
353,184,1,0,0
353,646,2,0,0
353,281,1,1,0
353,169,1,0,1
353,408,1,1,0
353,376,1,0,0
353,30,1,0,0
353,218,1,0,0
353,277,1,0,1
353,148,1,0,0
353,23,2,2,0
353,415,1,1,0
353,76,1,1,0
354,82,1,0,0
354,277,1,0,0
354,26,1,1,0
355,82,1,1,0
355,336,1,1,0
355,1109,1,1,0
356,82,1,1,0
356,430,1,1,0
356,146,1,1,0
356,512,1,1,0
356,318,3,3,0
356,260,1,1,0
356,359,1,0,1
356,40,2,1,1
356,13,1,1,0
356,317,1,1,0
356,28,2,1,1
356,159,1,0,0
356,37,4,3,1
356,148,1,1,0
356,143,1,1,0
356,667,1,1,0
356,208,1,0,1
356,8,1,0,1
356,171,1,1,0
356,716,1,1,0
356,7,1,1,0
356,93,1,0,1
356,272,1,1,0
356,145,1,1,0
356,11,1,1,0
356,362,1,1,0
356,246,1,1,0
356,97,1,1,0
356,87,1,1,0
356,358,1,1,0
356,98,2,2,0
356,123,1,1,0
356,88,1,1,0
356,347,1,1,0
356,158,1,1,0
356,168,1,0,0
356,419,1,1,0
356,259,1,1,0
356,379,1,0,1
356,85,1,1,0
356,137,1,1,0
356,56,1,1,0
356,20,1,0,1
356,18,1,0,1
356,77,1,1,0
356,30,1,1,0
356,199,1,0,0
357,107,1,1,0
357,432,1,0,0
357,675,1,1,0
357,523,1,1,0
357,75,1,1,0
357,93,1,0,1
357,199,3,2,1
357,23,1,1,0
357,24,1,1,0
357,360,1,1,0
357,198,1,0,0
357,673,1,1,0
357,208,1,1,0
357,15,1,0,1
357,143,1,1,0
357,925,1,0,0
357,501,1,1,0
357,86,1,1,0
357,83,1,0,0
358,358,105,61,27
358,395,1,1,0
358,216,11,9,1
358,432,10,8,0
358,256,4,1,2
358,408,3,1,1
358,301,1,1,0
358,297,2,2,0
358,347,10,7,2
358,361,3,2,0
358,619,6,5,1
358,663,1,0,0
358,621,1,1,0
358,277,2,2,0
358,379,4,3,0
358,52,2,0,0
358,327,4,2,0
358,349,1,0,0
358,170,7,4,1
358,207,1,0,0
358,397,2,1,1
358,372,2,2,0
358,998,1,0,0
358,300,13,9,4
358,413,3,1,1
358,197,6,2,2
358,430,3,2,0
358,149,2,1,1
358,158,2,2,0
358,107,1,0,0
358,215,6,2,1
358,399,3,2,1
358,336,3,3,0
358,246,2,1,0
358,295,1,0,0
358,32,3,2,1
358,312,3,2,1
358,608,1,1,0
358,101,4,2,1
358,23,1,0,1
358,26,2,1,1
358,104,6,3,3
358,159,15,9,3
358,238,9,7,1
358,77,6,2,3
358,93,1,0,1
358,492,1,1,0
358,0,9,5,1
358,294,5,2,2
358,584,3,0,1
358,470,6,5,0
358,260,1,1,0
358,415,3,2,1
358,471,1,1,0
358,179,3,1,1
358,87,6,1,4
358,121,1,0,1
358,659,8,4,2
358,854,1,0,0
358,144,8,8,0
358,431,2,2,0
358,598,1,1,0
358,296,5,3,1
358,105,7,5,0
358,208,2,1,0
358,9,1,0,0
358,652,1,0,0
358,146,3,2,0
358,318,3,2,1
358,31,2,1,0
358,299,3,1,0
358,579,1,1,0
358,1423,3,3,0
358,511,3,0,0
358,82,3,3,0
358,98,1,0,0
358,419,1,0,0
358,234,2,1,1
358,426,2,1,0
358,513,5,1,1
358,143,1,1,0
358,176,7,3,4
358,667,1,1,0
358,122,1,0,0
358,541,1,1,0
358,86,1,1,0
358,624,1,1,0
358,196,1,1,0
358,145,1,1,0
358,534,3,2,0
358,334,2,1,0
358,912,2,0,2
358,637,2,2,0
358,1102,1,0,1
358,376,2,1,0
358,16,1,1,0
358,106,1,1,0
358,374,4,3,1
358,410,1,1,0
358,362,2,1,0
358,462,1,0,1
358,831,1,1,0
358,339,1,1,0
358,56,2,1,1
358,171,2,2,0
358,508,2,0,0
358,175,3,2,0
358,30,16,13,3
358,390,1,0,0
358,320,1,0,1
358,279,1,1,0
358,494,2,1,1
358,137,2,1,1
358,147,1,1,0
358,779,1,1,0
358,81,1,1,0
358,518,1,1,0
358,60,1,1,0
358,554,1,1,0
358,381,1,1,0
358,770,1,1,0
358,7,3,1,1
358,19,2,1,0
358,2534,1,0,0
358,678,1,1,0
358,310,3,0,3
358,402,2,1,1
358,542,1,1,0
358,340,1,1,0
358,222,1,0,1
358,523,1,1,0
358,359,1,1,0
358,74,1,0,0
358,28,2,1,0
358,273,1,1,0
358,25,2,1,1
358,200,2,1,1
358,230,2,0,0
358,198,1,0,1
358,55,1,1,0
358,461,1,0,1
358,34,1,0,0
359,277,3,1,1
359,379,8,7,0
359,432,3,2,0
359,492,5,3,1
359,579,2,1,1
359,359,66,30,31
359,103,2,1,0
359,83,2,1,0
359,336,1,0,1
359,580,2,1,1
359,198,6,3,3
359,295,3,2,0
359,280,1,1,0
359,390,3,2,1
359,940,3,2,1
359,372,1,0,0
359,542,5,4,1
359,376,17,11,3
359,149,4,4,0
359,87,3,3,0
359,320,1,0,1
359,430,1,0,1
359,93,1,1,0
359,40,1,0,1
359,147,2,1,1
359,184,2,1,1
359,471,2,0,2
359,314,1,1,0
359,105,3,2,0
359,395,1,0,0
359,60,2,2,0
359,58,2,1,1
359,259,3,3,0
359,413,2,1,1
359,170,1,1,0
359,815,1,1,0
359,88,2,2,0
359,76,4,3,1
359,234,1,0,0
359,402,2,2,0
359,296,2,1,0
359,1236,1,0,0
359,158,1,1,0
359,84,1,1,0
359,197,3,1,0
359,347,1,1,0
359,439,4,1,1
359,673,4,3,0
359,327,1,0,1
359,279,1,0,0
359,659,4,2,1
359,7,1,1,0
359,137,1,0,1
359,339,1,1,0
359,98,1,0,0
359,333,1,1,0
359,399,1,0,0
359,621,1,1,0
359,115,2,2,0
359,260,1,0,0
359,74,6,3,3
359,1811,1,0,0
359,169,1,0,0
359,179,1,0,0
359,39,1,0,0
359,230,2,1,0
359,25,2,1,1
359,176,4,4,0
359,200,1,0,0
359,299,1,1,0
359,625,1,1,0
359,56,3,2,1
359,37,1,0,0
359,104,2,0,1
359,144,2,2,0
359,21,1,1,0
359,106,5,4,0
359,361,2,0,2
359,24,3,3,0
359,82,1,1,0
359,36,1,1,0
359,156,6,3,3
359,85,2,0,1
359,584,1,1,0
359,33,4,2,2
359,699,5,0,5
359,175,2,1,1
359,374,1,1,0
359,461,1,1,0
359,864,1,0,1
359,862,1,1,0
359,171,1,0,1
359,310,2,1,1
359,358,1,1,0
359,380,1,0,1
359,53,1,1,0
359,304,1,1,0
359,494,1,1,0
359,218,1,0,0
359,59,3,2,1
359,19,1,1,0
359,646,1,1,0
359,159,5,5,0
359,107,1,0,1
359,61,1,0,1
359,240,1,0,1
359,638,1,0,1
359,685,1,0,1
359,1046,1,0,1
359,684,1,1,0
359,419,1,1,0
359,199,1,0,1
359,109,1,0,1
359,1272,2,0,1
359,948,3,1,2
359,771,2,0,0
359,300,1,0,1
359,57,2,1,1
359,30,1,1,0
359,619,2,1,1
359,121,1,1,0
359,246,1,0,1
359,2360,2,2,0
359,1341,1,1,0
359,28,1,0,1
359,415,1,1,0
359,317,1,1,0
359,883,1,0,0
360,360,37,16,16
360,496,1,0,0
360,513,3,1,1
360,296,10,3,5
360,101,1,0,0
360,238,1,0,0
360,461,1,0,1
360,103,2,1,1
360,197,1,0,0
360,430,5,1,0
360,158,1,0,1
360,294,5,1,3
360,334,1,0,0
360,259,3,1,0
360,415,5,1,0
360,198,1,0,0
360,30,1,1,0
360,396,1,0,1
360,40,2,0,2
360,470,1,1,0
360,0,1,1,0
360,272,1,1,0
360,121,2,0,0
360,347,2,1,1
360,362,2,2,0
360,462,1,1,0
360,87,1,1,0
360,105,2,1,0
360,215,1,1,0
360,426,5,3,1
360,580,1,1,0
360,28,3,2,1
360,314,1,1,0
360,674,1,0,0
360,278,1,0,0
360,494,1,0,1
360,1236,1,1,0
360,300,1,0,0
360,653,1,0,0
360,77,2,1,1
360,9,1,1,0
360,831,1,0,1
360,16,1,1,0
360,467,1,0,1
360,619,1,0,1
360,137,3,0,3
360,75,1,1,0
360,208,2,0,2
360,175,2,1,0
360,19,1,1,0
360,200,2,0,2
360,104,7,2,1
360,234,1,0,1
360,399,1,1,0
360,2169,1,0,1
360,339,2,1,1
360,179,1,1,0
360,277,3,1,1
360,109,1,1,0
360,361,1,0,1
360,99,1,0,1
360,216,1,1,0
360,374,2,1,1
360,663,1,1,0
360,311,1,0,1
360,432,1,0,1
360,673,1,1,0
360,321,1,0,0
360,176,1,0,1
360,145,1,0,1
360,413,1,0,0
360,534,1,0,1
360,918,1,0,1
360,139,3,0,3
360,930,1,1,0
360,2089,1,0,1
360,39,1,0,1
360,395,1,0,0
360,122,1,1,0
360,222,1,0,1
360,282,1,0,1
360,439,1,0,0
360,199,1,0,0
360,279,1,0,1
360,32,3,2,1
360,608,1,1,0
360,512,1,0,1
360,273,1,1,0
361,360,6,2,3
361,361,49,17,26
361,621,1,1,0
361,653,2,2,0
361,137,1,1,0
361,198,1,0,1
361,379,1,0,1
361,498,1,1,0
361,295,2,1,1
361,496,1,1,0
361,430,1,0,0
361,238,1,1,0
361,445,2,0,2
361,144,2,1,1
361,277,6,2,3
361,80,1,1,0
361,216,1,0,0
361,396,1,0,1
361,40,1,1,0
361,1142,1,1,0
361,359,2,0,2
361,1062,9,5,4
361,105,1,1,0
361,76,2,1,0
361,87,1,0,1
361,494,2,1,0
361,399,2,0,2
361,30,2,1,1
361,471,1,1,0
361,170,1,1,0
361,34,2,0,2
361,413,1,0,0
361,1718,6,1,4
361,1423,1,1,0
361,93,1,0,0
361,432,5,4,1
361,402,2,1,1
361,256,2,0,0
361,374,2,2,0
361,52,2,0,1
361,347,3,0,2
361,624,2,1,1
361,358,2,2,0
361,25,1,1,0
361,674,1,0,0
361,340,1,1,0
361,74,1,1,0
361,122,1,0,1
361,294,2,1,0
361,637,1,0,0
361,579,1,0,0
361,419,2,1,1
361,147,1,1,0
361,115,1,1,0
361,1355,1,1,0
361,1717,3,2,1
361,339,1,1,0
361,281,3,2,0
361,0,1,0,0
361,659,8,3,2
361,511,1,0,0
361,619,5,2,2
361,207,2,0,2
361,678,2,0,1
361,176,1,0,1
361,171,2,1,1
361,461,3,1,2
361,380,3,1,1
361,675,1,1,0
361,18,3,2,1
361,684,1,0,0
361,327,3,0,2
361,57,1,0,1
361,8,1,0,1
361,258,1,0,0
361,734,1,1,0
361,310,3,2,1
361,542,1,1,0
361,688,1,0,1
361,231,1,0,1
361,770,1,1,0
361,667,1,0,1
361,59,1,0,1
361,149,1,1,0
361,259,2,0,2
361,159,2,1,1
361,439,1,0,0
361,222,2,0,1
361,282,1,0,0
361,878,1,0,0
361,101,1,1,0
361,717,1,0,1
362,360,5,4,0
362,470,2,2,0
362,299,2,2,0
362,222,7,3,3
362,362,61,31,23
362,339,3,1,1
362,379,6,3,1
362,282,2,1,0
362,494,14,10,3
362,240,2,1,0
362,171,7,4,1
362,397,1,1,0
362,372,1,1,0
362,661,7,3,4
362,998,1,1,0
362,461,5,4,0
362,534,2,2,0
362,34,1,1,0
362,238,1,0,0
362,84,2,0,1
362,144,3,2,1
362,430,3,1,1
362,93,1,1,0
362,60,1,1,0
362,57,1,1,0
362,19,2,1,1
362,492,1,0,0
362,0,3,2,1
362,327,3,3,0
362,554,5,3,1
362,158,3,1,2
362,429,2,0,1
362,334,3,2,1
362,584,2,1,1
362,170,11,5,3
362,445,1,1,0
362,139,3,1,2
362,499,1,1,0
362,1102,2,1,1
362,1031,1,1,0
362,640,1,0,1
362,1147,4,0,2
362,101,6,4,2
362,320,1,0,1
362,300,3,1,1
362,77,4,4,0
362,256,3,1,1
362,215,2,1,0
362,512,6,3,1
362,336,1,0,1
362,179,3,2,0
362,312,2,2,0
362,471,2,1,0
362,918,2,0,2
362,259,1,1,0
362,637,4,2,0
362,380,3,3,0
362,854,1,1,0
362,659,5,3,1
362,32,5,4,0
362,196,2,0,1
362,137,6,4,2
362,82,2,1,0
362,419,3,3,0
362,56,1,1,0
362,121,2,2,0
362,432,5,4,1
362,146,1,0,1
362,426,2,1,1
362,122,1,0,1
362,106,2,1,1
362,431,5,3,1
362,598,1,1,0
362,279,1,1,0
362,608,1,1,0
362,258,1,0,1
362,511,3,2,1
362,674,5,3,1
362,542,2,1,1
362,2,1,1,0
362,159,4,2,2
362,98,1,1,0
362,413,3,1,0
362,200,3,3,0
362,652,1,1,0
362,579,5,2,3
362,381,1,1,0
362,28,2,1,0
362,281,1,0,0
362,39,3,1,1
362,321,16,7,8
362,105,3,2,0
362,169,1,0,0
362,396,1,1,0
362,439,7,4,2
362,347,2,2,0
362,912,1,1,0
362,296,4,2,1
362,621,1,1,0
362,198,1,0,1
362,410,1,0,0
362,462,1,0,0
362,349,2,0,0
362,149,2,1,1
362,395,1,0,0
362,175,2,1,0
362,685,1,1,0
362,88,1,0,1
362,83,1,0,1
362,513,1,0,1
362,374,3,2,1
362,207,2,1,1
362,408,7,4,2
362,467,5,1,3
362,619,3,3,0
362,1276,3,2,1
362,340,1,0,0
362,707,3,3,0
362,673,4,2,2
362,40,2,1,1
362,104,1,0,1
362,415,1,1,0
362,399,1,0,1
362,414,3,2,0
362,87,3,2,1
362,78,1,0,0
362,498,1,0,1
362,145,3,1,1
362,663,1,1,0
362,864,1,1,0
362,301,1,1,0
362,197,1,0,0
362,277,1,1,0
362,816,2,1,1
362,31,1,0,1
362,1,1,1,0
362,21,1,0,0
362,81,2,1,0
362,1113,1,0,1
362,1423,2,1,1
362,2534,4,1,2
362,278,1,0,1
362,103,1,0,1
362,58,1,1,0
362,1142,1,1,0
362,310,2,2,0
362,317,1,1,0
362,402,3,2,1
362,52,1,1,0
362,638,2,0,2
362,246,1,1,0
362,273,1,1,0
362,230,2,2,0
362,24,5,3,1
362,294,1,0,1
362,319,1,1,0
362,476,1,0,0
362,684,1,1,0
362,2656,1,0,1
362,358,1,1,0
362,216,2,0,1
362,109,1,1,0
362,199,1,0,0
362,523,2,1,0
362,85,1,0,1
362,515,1,1,0
362,930,1,0,1
362,734,1,1,0
362,115,1,0,0
362,646,1,0,0
362,699,1,1,0
362,272,1,1,0
362,147,1,1,0
362,30,1,1,0
362,22,1,1,0
362,390,1,0,0
362,654,2,1,1
362,208,1,0,1
362,99,1,1,0
362,581,1,1,0
362,1149,1,1,0
362,361,1,0,0
363,360,2,1,1
363,76,1,1,0
363,494,8,6,1
363,363,9,1,5
363,462,1,0,0
363,123,2,1,1
363,82,1,1,0
363,39,2,1,1
363,918,1,1,0
363,476,1,0,0
363,222,4,4,0
363,399,2,2,0
363,105,2,2,0
363,706,1,1,0
363,32,2,1,0
363,215,5,2,0
363,176,1,1,0
363,147,2,1,1
363,621,2,1,1
363,200,2,0,0
363,341,1,0,1
363,523,1,0,1
363,415,1,1,0
363,659,3,2,1
363,692,1,0,0
363,408,2,1,0
363,663,2,1,1
363,432,1,1,0
363,402,2,1,0
363,584,1,0,0
363,816,1,1,0
363,312,3,0,1
363,381,1,1,0
363,149,1,1,0
363,52,1,1,0
363,1423,1,0,1
363,361,2,0,1
363,430,2,1,1
363,282,1,0,1
363,508,1,1,0
363,554,2,1,1
363,362,2,2,0
363,19,2,1,0
363,299,1,1,0
363,259,1,0,1
363,81,1,0,0
363,336,1,0,1
363,933,1,0,1
363,101,1,1,0
363,815,1,0,1
363,30,1,1,0
363,419,1,1,0
363,179,1,0,0
363,216,1,1,0
364,360,1,0,1
364,31,1,1,0
364,240,1,1,0
364,296,1,1,0
364,300,1,1,0
364,19,1,1,0
365,360,1,0,0
365,109,2,0,0
365,324,1,1,0
365,123,1,1,0
366,360,1,1,0
366,16,1,1,0
366,159,1,0,0
367,9,1,1,0
367,103,2,2,0
367,494,1,0,1
367,143,1,1,0
367,2,1,0,1
367,53,3,2,1
367,59,1,1,0
367,11,1,0,1
367,310,1,1,0
367,20,3,1,1
367,17,4,4,0
367,317,1,1,0
367,121,2,2,0
367,426,1,1,0
367,40,2,2,0
367,106,2,1,1
367,176,1,1,0
367,83,1,1,0
367,57,1,1,0
367,341,1,1,0
367,28,2,2,0
367,7,2,2,0
367,137,2,1,1
367,87,1,1,0
367,1102,1,1,0
367,15,2,2,0
367,584,1,1,0
367,37,1,0,1
367,60,2,1,1
367,76,1,1,0
367,51,2,2,0
367,78,2,2,0
367,692,3,2,1
367,84,1,0,1
367,144,1,0,1
367,646,2,2,0
367,609,2,1,1
367,175,1,1,0
367,218,1,1,0
367,18,2,0,2
367,33,2,2,0
367,77,1,1,0
367,61,1,1,0
367,82,1,1,0
367,26,3,2,1
367,147,1,1,0
367,31,1,0,1
367,93,1,1,0
367,461,1,1,0
367,19,1,1,0
367,390,1,0,1
367,386,1,1,0
367,81,1,0,1
367,280,1,0,1
367,12,2,2,0
367,55,2,1,1
367,22,1,0,1
367,2328,1,1,0
367,199,1,0,1
367,379,1,1,0
367,99,1,1,0
367,318,1,1,0
367,101,1,0,1
367,104,1,1,0
367,75,2,2,0
367,816,1,1,0
368,9,1,1,0
368,123,1,0,1
368,238,1,0,1
368,137,2,2,0
368,234,1,1,0
368,279,1,0,0
368,461,1,1,0
368,390,1,1,0
368,713,1,0,1
368,339,1,1,0
368,360,2,1,1
368,25,1,0,1
368,246,1,1,0
368,560,1,1,0
368,158,1,1,0
368,87,1,1,0
368,318,1,0,1
368,147,1,0,1
368,97,2,0,1
368,707,1,0,1
368,77,1,1,0
368,176,1,0,1
368,301,1,1,0
368,930,1,1,0
368,31,1,1,0
368,78,1,0,1
368,772,1,0,1
368,179,1,1,0
368,74,1,1,0
368,171,1,0,1
368,53,1,0,1
368,121,1,1,0
368,399,1,1,0
368,61,1,1,0
368,439,1,0,0
368,334,1,1,0
368,374,1,1,0
368,84,1,1,0
368,28,1,0,1
368,609,1,1,0
369,9,1,1,0
369,104,1,0,0
369,1,1,1,0
369,75,1,1,0
369,55,1,0,0
369,430,1,1,0
369,815,1,1,0
369,51,2,2,0
369,8,1,1,0
369,2,1,1,0
369,105,2,2,0
369,260,1,1,0
369,36,1,0,1
369,238,1,1,0
369,12,1,1,0
369,15,1,1,0
369,87,1,0,0
369,215,1,0,0
369,56,3,1,2
369,86,2,1,1
369,168,1,1,0
369,17,1,1,0
369,23,1,1,0
369,399,1,1,0
369,159,1,1,0
369,700,2,2,0
369,26,1,1,0
370,9,1,1,0
370,512,1,0,1
370,327,1,1,0
370,408,1,1,0
370,470,1,0,0
370,17,1,1,0
370,147,1,1,0
370,511,1,0,0
370,157,1,0,0
370,159,1,1,0
370,207,1,0,0
371,9,1,1,0
371,1090,1,1,0
371,293,2,0,0
372,175,8,3,5
372,272,2,0,2
372,512,2,1,0
372,301,5,0,1
372,372,23,4,19
372,663,2,1,1
372,137,2,1,0
372,278,10,7,2
372,360,4,1,3
372,513,2,2,0
372,906,1,1,0
372,310,1,0,1
372,281,1,1,0
372,197,5,5,0
372,222,2,2,0
372,918,1,0,1
372,674,4,2,2
372,181,1,0,0
372,1090,1,0,1
372,1062,2,1,1
372,320,3,3,0
372,282,2,2,0
372,56,1,1,0
372,321,2,2,0
372,494,3,2,0
372,0,1,1,0
372,40,2,1,1
372,145,2,1,1
372,312,1,1,0
372,279,1,0,1
372,734,1,1,0
372,476,1,1,0
372,361,3,2,0
372,362,3,2,1
372,511,1,1,0
372,431,3,3,0
372,149,2,2,0
372,621,3,2,0
372,200,1,0,1
372,379,1,1,0
372,196,1,1,0
372,123,3,2,1
372,159,1,1,0
372,339,1,1,0
372,146,1,1,0
372,426,1,1,0
372,148,1,0,1
372,638,1,1,0
372,31,2,1,0
372,349,1,1,0
372,374,5,1,2
372,230,3,2,0
372,296,1,1,0
372,299,1,1,0
372,273,1,0,1
372,619,2,0,1
372,32,1,1,0
372,673,1,1,0
372,1113,1,1,0
372,317,1,0,0
372,12,1,0,1
372,176,1,1,0
372,198,1,1,0
372,659,2,1,1
372,542,1,0,1
372,158,1,0,1
372,461,2,1,1
372,121,1,0,0
372,432,2,2,0
372,772,1,1,0
372,300,1,0,1
372,9,1,0,0
372,216,1,0,1
372,122,8,4,3
372,297,1,0,1
372,259,3,1,1
372,415,1,0,1
372,319,1,0,0
372,2089,1,0,1
372,327,1,1,0
372,147,1,1,0
372,667,1,0,0
372,1357,1,1,0
372,2308,1,1,0
372,240,1,1,0
372,144,2,1,1
372,584,1,0,0
372,380,2,0,1
372,608,2,1,1
372,28,1,1,0
372,419,1,0,1
372,675,1,1,0
372,408,1,0,1
372,179,1,1,0
372,471,1,1,0
372,39,1,0,1
372,1894,1,0,1
372,862,1,1,0
373,175,1,1,0
373,304,1,1,0
373,167,1,1,0
373,147,1,1,0
373,410,1,0,0
373,22,1,1,0
373,16,2,2,0
373,75,1,1,0
373,296,1,0,0
373,176,1,1,0
373,2,1,1,0
373,23,1,1,0
373,2203,1,0,0
373,483,1,0,0
373,21,1,1,0
373,82,1,0,1
373,259,1,1,0
374,374,105,61,31
374,139,4,3,1
374,541,3,1,1
374,360,1,1,0
374,395,1,0,1
374,40,3,1,2
374,336,3,2,0
374,312,2,2,0
374,143,1,1,0
374,334,3,3,0
374,471,2,1,1
374,230,3,2,1
374,296,8,6,1
374,299,1,1,0
374,621,1,1,0
374,414,1,1,0
374,906,1,0,1
374,359,2,2,0
374,32,22,14,6
374,277,1,1,0
374,103,3,2,0
374,216,4,2,1
374,272,3,0,2
374,492,1,1,0
374,608,1,0,1
374,115,2,1,1
374,362,4,2,1
374,1108,1,0,1
374,376,1,0,0
374,82,3,2,1
374,197,2,0,1
374,57,2,2,0
374,554,4,2,2
374,461,6,4,1
374,415,4,1,2
374,579,2,1,0
374,542,1,0,1
374,282,2,2,0
374,121,5,3,1
374,512,3,1,0
374,176,7,2,4
374,1276,1,0,1
374,26,1,0,1
374,430,3,1,1
374,652,1,1,0
374,88,2,1,0
374,30,5,5,0
374,293,1,1,0
374,707,1,1,0
374,80,1,1,0
374,159,4,3,1
374,98,1,1,0
374,402,4,3,0
374,273,14,7,4
374,148,2,2,0
374,36,3,1,1
374,560,1,0,0
374,339,4,2,1
374,59,1,1,0
374,280,1,1,0
374,175,2,1,1
374,320,3,2,1
374,167,1,1,0
374,25,2,1,0
374,12,1,1,0
374,87,2,2,0
374,699,1,1,0
374,831,1,1,0
374,317,6,2,1
374,259,2,0,2
374,208,5,4,1
374,9,3,3,0
374,1272,1,1,0
374,104,1,1,0
374,105,2,2,0
374,358,1,1,0
374,122,4,2,1
374,85,1,0,0
374,815,1,1,0
374,379,1,0,1
374,78,1,0,1
374,170,1,0,1
374,619,1,1,0
374,673,3,2,1
374,101,3,2,1
374,399,1,0,1
374,107,1,0,0
374,106,1,1,0
374,476,1,0,1
374,2656,1,0,0
374,84,4,2,2
374,419,4,3,1
374,278,2,1,0
374,426,1,1,0
374,624,2,1,1
374,55,1,0,1
374,200,1,0,0
374,297,1,1,0
374,2089,1,1,0
374,28,2,2,0
374,198,1,1,0
374,0,1,0,1
374,862,1,0,1
374,327,1,0,1
374,779,1,1,0
374,7,1,0,1
374,158,1,0,0
374,31,1,1,0
374,256,1,0,1
374,534,1,0,1
374,408,1,0,1
374,584,1,1,0
374,21,1,0,0
374,144,1,1,0
374,432,1,1,0
375,61,2,1,1
375,314,1,0,0
375,39,1,0,1
375,414,1,0,1
375,1102,1,0,1
375,88,3,1,1
375,890,1,1,0
375,347,1,0,0
375,93,1,1,0
375,312,1,0,0
375,234,1,0,0
375,101,1,1,0
375,341,2,0,1
375,327,1,0,0
375,402,1,1,0
375,395,1,0,0
375,430,1,1,0
375,197,2,0,1
375,379,1,0,1
375,87,2,0,2
375,170,1,0,1
375,661,1,0,1
375,51,2,2,0
375,734,1,0,0
375,179,4,0,3
375,349,1,0,1
375,137,2,1,0
375,277,1,1,0
375,334,1,0,1
375,912,2,0,2
375,26,1,0,1
375,361,1,0,1
375,31,1,1,0
375,625,1,0,0
375,310,1,0,1
375,483,1,0,1
375,684,1,0,1
375,15,1,0,1
375,103,1,1,0
375,83,3,0,3
375,685,1,1,0
375,716,1,1,0
375,40,1,0,1
375,25,1,0,1
375,294,1,0,1
375,508,1,0,1
375,222,1,0,0
375,300,1,1,0
376,395,1,0,0
376,198,1,0,0
376,359,2,0,1
376,380,1,1,0
376,31,1,1,0
376,246,1,1,0
376,199,1,0,1
376,87,1,0,1
376,379,1,0,1
376,376,4,0,2
377,281,1,0,1
377,106,3,1,2
377,318,1,0,1
377,144,1,0,1
377,171,1,1,0
377,381,1,0,1
377,13,1,0,1
377,508,1,1,0
377,159,4,2,1
377,7,1,0,1
377,9,1,1,0
377,925,1,1,0
377,609,1,1,0
377,103,1,1,0
377,379,1,1,0
377,199,1,1,0
378,281,1,1,0
378,156,2,1,1
378,256,2,0,1
378,334,1,1,0
378,40,1,1,0
378,431,1,1,0
378,430,1,1,0
378,74,1,1,0
378,36,1,0,1
378,93,1,0,1
378,512,1,0,1
378,240,1,0,1
378,34,1,1,0
378,24,1,1,0
378,426,1,1,0
378,246,1,1,0
378,280,1,1,0
378,7,1,1,0
378,21,1,1,0
378,341,1,1,0
378,277,1,0,0
378,659,1,1,0
378,77,1,1,0
378,215,1,0,0
378,28,1,0,1
378,84,1,0,0
378,653,1,0,0
378,106,1,1,0
378,381,1,0,0
378,688,1,0,1
378,199,1,1,0
378,101,1,1,0
378,296,1,0,1
378,18,1,1,0
378,523,1,0,0
378,2526,1,1,0
378,51,1,1,0
378,890,1,0,1
378,2639,1,0,1
378,1119,1,1,0
378,2203,1,0,0
378,1357,1,0,0
378,1171,1,1,0
378,2956,1,1,0
378,301,1,0,1
378,692,1,0,0
378,646,1,1,0
378,23,1,1,0
378,318,1,0,1
378,311,1,0,1
378,98,1,1,0
379,380,7,4,3
379,379,136,43,79
379,430,25,8,14
379,512,8,2,3
379,294,17,6,8
379,402,4,3,0
379,347,8,2,4
379,439,9,4,3
379,445,2,1,1
379,470,8,5,1
379,372,1,0,0
379,362,4,1,2
379,684,6,2,4
379,1,4,1,1
379,144,5,2,2
379,76,3,2,1
379,432,8,3,5
379,171,8,5,3
379,109,3,3,0
379,534,5,4,1
379,608,2,1,1
379,940,1,1,0
379,692,1,0,1
379,361,6,2,3
379,359,1,0,1
379,862,4,2,1
379,996,1,0,0
379,431,3,0,2
379,295,1,0,1
379,467,1,1,0
379,471,2,0,1
379,146,1,1,0
379,105,7,4,1
379,310,4,2,1
379,278,8,1,5
379,282,4,1,3
379,216,7,2,2
379,256,8,1,5
379,1113,1,1,0
379,215,2,1,1
379,498,11,2,7
379,492,1,1,0
379,0,5,2,2
379,408,4,4,0
379,30,4,2,1
379,230,3,2,1
379,933,1,0,1
379,311,3,2,0
379,260,3,1,1
379,496,2,1,1
379,483,1,0,1
379,319,2,1,1
379,1127,1,1,0
379,1090,1,0,1
379,1082,1,1,0
379,1179,1,1,0
379,9,1,0,1
379,98,1,0,0
379,75,1,0,1
379,200,2,0,2
379,415,4,0,3
379,198,3,1,1
379,84,3,1,2
379,87,7,4,3
379,320,1,0,1
379,358,6,4,1
379,494,6,1,2
379,659,11,4,7
379,419,3,1,2
379,39,5,5,0
379,170,8,6,2
379,93,2,2,0
379,499,2,0,1
379,24,2,1,0
379,18,2,0,1
379,148,3,3,0
379,327,1,1,0
379,179,1,0,1
379,103,3,1,1
379,107,3,0,3
379,167,4,0,2
379,272,2,0,1
379,426,3,2,1
379,143,2,2,0
379,349,5,2,2
379,621,2,1,0
379,60,3,0,3
379,511,1,0,0
379,321,4,1,1
379,912,1,0,1
379,299,3,1,0
379,508,2,0,1
379,197,2,1,0
379,341,1,0,0
379,1423,2,1,1
379,513,4,0,2
379,334,3,2,0
379,28,4,1,0
379,523,3,2,1
379,196,6,2,2
379,149,1,0,0
379,234,1,1,0
379,461,5,1,1
379,685,3,0,2
379,376,1,0,0
379,397,1,1,0
379,638,1,1,0
379,296,2,1,1
379,238,4,1,2
379,300,2,1,1
379,175,2,0,1
379,52,1,0,1
379,312,2,1,1
379,304,2,1,0
379,413,6,2,1
379,336,2,1,1
379,675,1,0,0
379,429,1,0,0
379,619,3,1,1
379,333,1,0,1
379,159,18,11,6
379,277,3,1,1
379,36,2,1,1
379,706,2,2,0
379,147,1,0,0
379,123,1,1,0
379,317,2,0,2
379,360,2,1,1
379,56,4,3,1
379,584,2,0,2
379,414,1,0,1
379,663,1,0,1
379,1276,1,0,1
379,2537,1,0,1
379,734,1,0,1
379,598,1,1,0
379,673,1,0,1
379,137,1,1,0
379,1298,1,0,1
379,81,2,2,0
379,339,1,0,1
379,77,5,1,4
379,25,2,2,0
379,82,1,0,1
379,240,2,1,1
379,99,1,0,0
379,33,2,0,1
379,59,1,0,1
379,106,3,2,0
379,19,1,0,1
379,97,1,0,1
379,1272,4,0,3
379,609,1,0,1
379,2656,2,0,0
379,1121,1,0,0
379,770,2,1,1
379,381,1,1,0
379,340,1,0,1
379,85,1,0,1
379,374,1,1,0
379,279,2,0,2
379,297,1,0,1
379,145,1,0,1
379,218,3,0,3
379,61,1,0,1
379,199,1,0,1
379,246,1,0,0
379,31,1,1,0
379,930,1,0,1
379,222,1,0,1
379,231,1,0,1
379,23,1,1,0
379,12,1,0,1
379,318,2,0,2
379,646,1,1,0
379,32,1,0,1
379,259,1,1,0
379,74,1,1,0
379,695,1,1,0
379,554,1,1,0
379,115,1,0,1
379,21,1,1,0
379,637,1,1,0
379,158,1,1,0
380,380,12,2,9
380,663,1,1,0
380,103,1,1,0
380,82,1,0,0
380,2169,1,0,1
380,379,1,0,1
380,426,1,0,1
380,513,1,1,0
380,109,1,1,0
380,230,2,0,2
380,621,3,2,1
380,39,1,0,1
380,429,1,0,0
380,661,1,1,0
380,339,1,1,0
380,512,4,1,1
380,334,1,0,1
380,361,1,0,1
380,278,1,0,0
380,57,1,1,0
381,358,6,2,3
381,197,5,3,2
381,0,1,1,0
381,429,2,2,0
381,279,2,1,1
381,397,1,1,0
381,998,1,1,0
381,272,2,0,2
381,215,2,1,1
381,158,1,1,0
381,399,2,1,1
381,107,1,0,1
381,659,2,0,1
381,277,4,1,3
381,179,1,1,0
381,31,3,1,2
381,20,1,1,0
381,675,1,0,0
381,103,1,1,0
381,498,1,1,0
381,149,1,1,0
381,60,3,3,0
381,318,2,2,0
381,930,2,1,1
381,87,1,0,0
381,106,1,0,1
381,381,64,29,27
381,831,1,0,1
381,238,1,0,1
381,374,1,1,0
381,706,1,0,1
381,171,4,1,2
381,741,2,0,2
381,688,2,1,1
381,1272,2,1,1
381,9,1,0,1
381,207,3,1,2
381,240,4,3,1
381,8,1,0,1
381,159,5,3,1
381,59,1,1,0
381,56,3,2,0
381,523,6,3,2
381,143,1,1,0
381,280,1,0,1
381,82,1,1,0
381,23,3,2,0
381,17,1,0,0
381,51,1,0,1
381,61,2,1,0
381,156,2,2,0
381,199,2,1,1
381,430,2,0,1
381,294,1,1,0
381,359,1,1,0
381,77,1,0,1
381,148,1,0,1
381,231,1,0,1
381,770,1,0,1
381,13,1,0,1
381,53,1,0,1
381,695,1,1,0
381,16,1,0,1
381,646,1,0,1
381,692,2,0,1
381,115,1,0,0
381,101,1,1,0
381,216,1,0,1
381,147,2,2,0
381,297,2,0,2
381,30,2,2,0
381,170,4,0,4
381,176,1,1,0
381,661,2,0,2
381,699,1,1,0
381,74,1,1,0
381,25,1,0,0
381,717,1,0,1
382,358,1,0,1
382,360,1,0,1
382,426,1,0,0
382,580,1,1,0
383,358,2,1,0
383,470,1,1,0
383,314,1,0,1
383,107,1,1,0
383,101,1,0,1
383,26,1,1,0
383,299,1,0,0
383,19,1,1,0
383,57,1,1,0
383,336,1,0,1
383,706,1,1,0
383,9,1,1,0
383,431,1,1,0
383,17,1,1,0
383,58,2,1,1
383,215,1,1,0
383,925,1,0,0
383,159,1,1,0
384,358,1,1,0
384,101,1,1,0
384,82,1,0,0
384,16,2,1,1
384,15,1,1,0
384,11,1,1,0
384,523,2,1,1
384,21,1,0,0
384,93,1,1,0
384,678,1,1,0
384,137,1,0,1
384,40,1,0,1
384,2,1,1,0
384,98,1,1,0
384,1,1,1,0
384,22,1,1,0
384,157,1,1,0
384,294,1,0,1
384,76,1,0,1
384,23,1,0,1
384,300,1,1,0
384,59,2,1,0
384,273,1,1,0
385,103,1,1,0
385,93,1,1,0
385,499,1,1,0
385,414,1,1,0
385,87,2,1,0
385,216,2,1,1
385,25,2,2,0
385,207,1,0,0
385,619,1,1,0
385,179,1,0,1
385,55,2,1,1
385,168,2,0,1
385,429,1,0,1
385,143,3,2,1
385,170,1,1,0
385,36,2,0,1
385,413,1,1,0
385,58,1,0,1
385,439,3,2,1
385,390,1,1,0
385,171,2,1,1
385,925,1,1,0
385,26,2,1,0
385,9,4,3,1
385,304,2,1,0
385,584,1,0,0
385,341,1,0,0
385,105,1,0,0
385,772,1,0,0
385,80,1,1,0
385,52,1,0,0
385,148,3,2,1
385,104,1,1,0
385,347,3,1,1
385,1,1,1,0
385,145,2,1,1
385,51,1,1,0
385,57,2,1,1
385,256,1,1,0
385,652,1,1,0
385,277,3,2,1
385,933,1,0,0
385,311,1,1,0
385,238,1,1,0
385,208,1,1,0
385,84,1,1,0
385,175,1,0,1
385,21,1,1,0
385,415,1,0,1
385,31,1,1,0
385,37,1,1,0
385,59,4,1,1
385,399,2,1,0
385,106,1,1,0
385,15,1,1,0
385,167,1,1,0
385,554,1,1,0
385,199,1,1,0
385,97,1,1,0
385,82,1,1,0
385,2,2,1,1
385,258,1,0,0
385,18,1,1,0
385,56,2,0,0
385,121,1,0,1
385,122,1,0,0
385,13,1,0,1
385,218,2,1,1
385,113,1,1,0
385,7,1,1,0
385,534,1,1,0
385,359,1,0,1
385,12,1,0,0
385,53,1,1,0
385,692,1,0,1
385,61,1,0,0
385,83,1,0,0
385,779,2,1,1
385,318,1,1,0
385,240,1,0,0
385,156,1,0,1
385,23,1,1,0
385,200,1,1,0
386,103,3,3,0
386,379,1,0,0
386,462,1,0,0
386,137,8,5,2
386,278,3,3,0
386,78,1,0,1
386,415,1,1,0
386,372,1,1,0
386,461,1,1,0
386,87,2,1,0
386,28,3,1,2
386,426,2,2,0
386,638,1,0,1
386,31,2,1,1
386,467,2,0,1
386,347,1,0,1
386,1091,2,1,1
386,1102,1,0,0
386,1090,1,0,1
386,1126,1,1,0
386,24,2,0,2
386,167,2,1,1
386,282,9,3,5
386,147,2,1,1
386,246,1,0,1
386,296,2,1,1
386,386,23,14,8
386,320,1,1,0
386,513,3,1,1
386,179,1,1,0
386,339,2,2,0
386,297,1,0,0
386,159,1,1,0
386,512,2,2,0
386,675,1,1,0
386,1,1,1,0
386,208,1,1,0
386,419,1,1,0
386,216,1,1,0
386,678,2,1,1
386,109,1,0,1
386,312,1,0,1
386,349,1,0,1
386,115,1,0,0
386,362,1,1,0
386,123,1,1,0
386,156,1,1,0
386,175,1,0,1
386,74,3,1,2
386,75,3,2,1
386,105,3,2,0
386,310,3,1,0
386,199,1,1,0
386,40,2,1,0
386,157,1,1,0
386,184,2,2,0
386,55,1,0,1
386,279,1,1,0
386,36,3,1,2
386,84,1,1,0
386,82,1,1,0
386,430,1,0,0
386,93,1,1,0
386,146,2,2,0
386,494,1,0,1
386,374,2,1,1
386,258,1,0,1
386,198,2,2,0
386,359,2,1,1
386,1143,1,1,0
386,360,1,0,1
386,554,1,1,0
386,334,2,1,1
386,207,1,1,0
386,34,1,1,0
386,26,1,1,0
386,85,1,1,0
386,637,1,1,0
386,542,1,1,0
386,1062,1,1,0
386,149,1,0,1
386,81,1,1,0
386,25,2,2,0
386,148,2,0,2
386,299,1,1,0
386,1046,1,0,1
386,57,1,1,0
386,933,6,2,4
386,32,2,2,0
386,176,2,1,0
386,51,1,0,1
386,0,1,1,0
386,534,1,0,1
386,2526,4,1,3
386,101,1,0,0
386,56,1,0,0
386,301,1,1,0
386,2639,9,0,9
386,2328,4,3,1
386,666,2,0,2
386,2554,2,2,0
386,1119,1,0,1
386,2929,4,3,1
386,2586,1,1,0
386,1171,3,3,0
386,2935,1,1,0
386,30,1,1,0
386,197,1,1,0
386,121,1,1,0
386,272,1,0,1
386,7,1,0,1
387,103,1,1,0
387,109,1,1,0
387,9,2,0,1
387,22,2,2,0
387,82,1,1,0
387,23,2,1,1
387,831,1,0,0
387,301,1,0,1
388,103,1,0,1
388,196,1,1,0
388,339,1,0,0
388,584,1,1,0
388,57,1,0,0
388,716,1,1,0
388,659,1,0,0
388,222,1,1,0
389,33,1,1,0
390,470,1,1,0
390,280,1,1,0
390,84,1,0,0
390,419,2,1,0
390,258,1,0,1
390,390,3,1,1
390,625,1,0,1
390,1032,2,0,2
390,9,1,1,0
390,56,1,1,0
390,199,2,1,1
390,106,1,1,0
390,376,1,0,0
390,483,1,0,0
390,39,1,1,0
390,673,1,0,0
390,77,1,0,0
390,272,2,1,0
390,24,1,0,0
390,359,2,0,1
390,281,1,1,0
390,498,1,1,0
390,61,2,0,1
390,33,1,0,1
390,327,1,0,1
390,30,2,0,0
390,215,1,0,1
390,19,1,0,1
390,87,1,0,1
390,23,1,0,1
390,17,1,1,0
390,167,1,0,0
390,76,1,0,1
390,57,1,0,1
390,492,4,0,4
390,399,1,0,0
390,699,2,0,1
390,1046,1,0,1
390,542,1,0,1
390,156,1,0,0
390,121,1,0,1
390,321,1,1,0
390,2360,1,1,0
390,1341,1,0,1
391,379,2,2,0
391,149,1,1,0
391,246,1,1,0
391,158,1,1,0
391,659,2,2,0
391,299,1,0,0
391,74,1,0,1
391,216,1,1,0
391,492,2,2,0
391,16,2,1,1
391,179,1,1,0
391,439,1,0,1
391,23,1,0,1
391,362,2,2,0
391,779,1,1,0
391,148,1,0,1
391,609,1,1,0
391,836,1,1,0
391,25,1,1,0
391,692,2,0,2
391,33,1,1,0
391,12,1,1,0
391,215,1,1,0
391,53,1,1,0
391,878,1,1,0
391,707,1,1,0
391,646,2,1,0
391,18,1,1,0
391,76,1,0,1
391,661,1,1,0
391,945,1,1,0
392,379,1,1,0
392,82,1,1,0
392,197,3,3,0
392,432,2,2,0
392,467,1,1,0
392,314,1,1,0
392,340,1,1,0
392,277,2,2,0
392,93,1,0,1
392,56,1,0,0
392,51,1,1,0
392,31,1,0,0
392,159,1,1,0
392,179,1,1,0
392,168,1,1,0
392,494,1,1,0
392,156,1,1,0
392,143,1,1,0
392,688,1,1,0
392,925,1,1,0
392,781,1,1,0
393,379,1,0,1
393,101,1,0,0
393,339,1,0,0
393,170,1,1,0
393,259,1,0,0
393,181,1,0,0
394,379,1,1,0
394,36,1,0,1
394,646,1,0,1
394,930,1,1,0
395,395,40,28,10
395,87,3,2,1
395,608,2,1,0
395,673,2,0,1
395,499,2,1,0
395,175,2,2,0
395,358,3,2,0
395,379,2,0,2
395,240,1,0,0
395,408,1,1,0
395,179,1,0,0
395,462,2,1,0
395,7,1,1,0
395,234,1,1,0
395,445,1,1,0
395,883,1,1,0
395,652,1,0,1
395,143,1,0,1
395,402,3,2,0
395,105,2,2,0
395,272,3,2,1
395,75,1,0,0
395,492,1,1,0
395,554,1,0,1
395,579,1,1,0
395,216,1,1,0
395,511,1,1,0
395,176,3,2,1
395,1,1,1,0
395,238,1,1,0
395,208,1,1,0
395,84,2,1,1
395,11,1,0,0
395,336,2,0,2
395,97,1,1,0
395,301,1,0,0
395,349,1,1,0
395,334,1,1,0
395,415,2,1,1
395,300,3,1,1
395,60,2,2,0
395,171,1,1,0
395,149,1,0,1
395,200,1,1,0
395,399,1,0,1
395,30,2,0,0
395,278,2,0,2
395,101,1,0,1
395,310,1,1,0
395,167,1,0,1
395,282,2,0,2
395,327,1,0,1
395,319,1,1,0
395,741,1,0,1
395,55,1,0,1
395,77,1,1,0
395,317,1,1,0
395,13,1,0,0
395,122,1,0,1
395,25,2,1,0
395,542,1,0,1
395,432,1,1,0
395,273,2,2,0
396,395,1,0,1
396,179,3,3,0
396,429,4,2,1
396,299,2,2,0
396,508,3,3,0
396,476,2,0,0
396,380,1,0,0
396,146,1,1,0
396,396,23,13,5
396,511,2,2,0
396,273,1,1,0
396,101,3,2,1
396,432,3,2,0
396,414,1,1,0
396,1109,2,1,0
396,98,2,0,1
396,16,4,3,0
396,122,1,0,0
396,294,1,0,1
396,143,4,4,0
396,34,1,1,0
396,334,1,0,0
396,23,1,0,1
396,277,1,0,1
396,76,1,0,0
396,148,1,0,1
396,240,1,1,0
396,207,1,0,1
396,381,1,1,0
396,512,1,1,0
396,312,4,1,0
396,53,1,1,0
396,19,3,3,0
396,159,1,1,0
396,197,1,1,0
396,82,1,1,0
396,170,2,1,0
396,238,2,2,0
396,104,2,2,0
396,105,1,1,0
396,36,1,1,0
396,77,1,1,0
396,430,1,0,0
396,93,2,2,0
396,399,2,1,0
396,361,1,1,0
396,462,1,1,0
396,621,2,2,0
396,321,2,1,0
396,359,1,1,0
396,7,2,2,0
396,84,1,1,0
396,58,1,0,0
396,52,1,1,0
396,258,1,1,0
396,13,1,0,1
396,144,1,1,0
396,199,2,1,0
396,281,2,1,1
396,167,1,1,0
396,415,1,1,0
396,341,1,0,0
396,410,1,0,0
396,499,1,1,0
396,579,1,0,0
396,340,2,1,0
396,1423,1,0,0
396,640,1,0,0
396,208,1,1,0
396,296,1,0,0
396,300,1,0,0
396,39,1,1,0
396,426,2,0,0
396,402,1,1,0
396,230,2,1,0
396,619,1,0,0
396,198,1,1,0
396,168,1,1,0
396,333,1,1,0
396,638,1,0,0
396,109,1,0,0
396,663,1,1,0
396,692,1,1,0
396,30,2,0,0
396,1203,1,1,0
396,87,2,2,0
396,854,1,0,0
396,59,2,0,1
396,12,1,0,0
396,584,1,1,0
396,336,1,0,1
396,379,1,0,1
396,57,1,0,0
396,78,1,1,0
396,362,1,1,0
396,56,1,0,1
397,395,1,0,0
397,397,26,10,12
397,512,2,1,1
397,312,1,1,0
397,777,2,2,0
397,215,1,0,0
397,179,2,1,0
397,349,3,1,1
397,430,1,1,0
397,554,1,1,0
397,663,3,1,1
397,380,2,1,1
397,659,3,2,1
397,674,5,1,0
397,101,1,1,0
397,327,1,0,0
397,258,1,1,0
397,34,1,1,0
397,318,1,1,0
397,294,1,1,0
397,426,1,1,0
397,619,5,3,2
397,471,1,1,0
397,432,3,0,2
397,513,1,0,0
397,534,1,0,0
397,661,8,3,2
397,621,2,0,2
397,362,1,0,0
397,158,1,1,0
397,334,1,1,0
397,1276,1,1,0
397,781,1,1,0
397,684,1,0,1
397,97,1,0,0
398,395,1,1,0
398,98,1,0,1
398,327,1,0,1
398,462,1,0,0
398,34,1,1,0
398,123,2,1,1
398,159,2,2,0
398,156,1,1,0
398,200,2,2,0
398,294,1,1,0
398,295,1,0,1
398,273,1,0,1
398,674,1,1,0
398,77,5,2,3
398,170,1,1,0
398,144,1,0,1
398,107,3,1,1
398,197,2,1,1
398,240,2,1,0
398,314,3,2,0
398,55,1,0,1
398,310,2,1,0
398,339,1,0,0
398,439,2,1,0
398,508,1,0,1
398,7,1,1,0
398,171,1,0,1
398,513,1,0,0
398,84,4,0,2
398,9,1,1,0
398,88,1,0,0
398,60,1,1,0
398,336,1,1,0
398,81,2,2,0
398,105,2,1,1
398,304,1,0,0
398,379,1,1,0
398,59,1,1,0
398,554,2,1,0
398,208,1,1,0
398,541,1,0,0
398,272,2,1,1
398,347,1,1,0
398,376,1,1,0
398,282,1,0,0
398,341,1,0,0
398,579,1,1,0
398,349,1,1,0
398,238,1,1,0
398,101,3,1,0
398,413,1,1,0
398,109,1,0,0
398,230,4,2,0
398,86,1,0,0
398,103,1,1,0
398,39,1,1,0
398,196,2,0,1
398,430,2,2,0
398,534,1,0,0
398,779,2,2,0
398,692,1,0,0
398,75,1,1,0
398,854,2,0,0
398,179,1,0,1
398,21,1,1,0
398,25,1,1,0
398,143,1,1,0
398,258,1,1,0
398,198,1,1,0
398,26,1,1,0
398,1,1,0,1
398,57,2,1,1
398,176,1,0,0
398,259,1,0,0
398,28,3,3,0
398,260,1,0,1
398,56,1,1,0
398,87,1,1,0
398,78,1,1,0
398,122,1,1,0
398,147,1,1,0
398,334,1,1,0
398,415,2,0,1
398,53,1,0,1
398,301,1,0,1
398,320,1,0,1
398,300,1,0,1
398,390,1,0,1
398,215,1,0,1
398,23,2,1,1
398,216,1,0,0
398,85,2,0,1
398,381,1,1,0
398,36,1,1,0
398,831,1,1,0
398,169,1,1,0
398,512,1,1,0
398,1135,1,0,0
398,673,1,0,1
399,98,2,1,0
399,512,3,2,0
399,399,212,92,83
399,408,14,7,5
399,109,2,2,0
399,374,4,3,1
399,584,8,2,6
399,230,3,2,1
399,299,23,7,8
399,324,1,1,0
399,637,2,2,0
399,1,3,2,0
399,17,3,2,0
399,208,7,3,3
399,83,1,0,0
399,215,4,3,1
399,494,20,13,7
399,240,7,4,1
399,246,3,2,1
399,318,4,2,2
399,918,1,0,1
399,654,1,1,0
399,621,4,2,1
399,260,2,1,0
399,222,12,5,3
399,619,7,3,3
399,713,3,2,0
399,314,2,1,0
399,363,1,1,0
399,998,1,1,0
399,159,9,6,2
399,300,4,3,1
399,413,42,13,20
399,179,7,5,2
399,659,4,3,1
399,101,6,2,4
399,24,2,2,0
399,310,3,2,1
399,360,8,2,3
399,77,16,11,4
399,167,5,0,2
399,430,18,8,4
399,498,1,1,0
399,933,1,0,1
399,426,4,2,1
399,327,10,6,1
399,31,10,5,5
399,580,1,1,0
399,415,3,2,1
399,361,7,3,3
399,372,1,1,0
399,483,1,0,1
399,362,3,1,1
399,674,3,1,2
399,1102,3,2,1
399,1090,1,0,1
399,1088,2,1,1
399,1062,2,1,1
399,1148,1,0,1
399,238,5,3,1
399,339,9,4,3
399,74,3,0,2
399,419,11,9,2
399,197,7,4,3
399,58,3,1,2
399,146,5,3,2
399,396,2,1,0
399,492,4,1,1
399,148,8,7,1
399,336,21,12,9
399,301,3,2,1
399,312,4,2,1
399,143,12,7,4
399,280,1,1,0
399,198,3,3,0
399,358,4,2,2
399,121,3,1,2
399,256,1,1,0
399,23,7,3,4
399,82,4,3,0
399,56,5,4,1
399,158,5,1,3
399,334,5,3,0
399,170,16,9,7
399,854,3,0,3
399,277,6,2,2
399,103,5,3,2
399,379,10,7,3
399,471,5,4,1
399,608,7,2,5
399,652,2,2,0
399,499,1,0,0
399,321,6,2,3
399,579,10,6,3
399,353,1,1,0
399,772,2,1,1
399,36,3,1,0
399,53,2,1,1
399,523,2,2,0
399,816,3,2,1
399,168,2,1,1
399,777,2,1,0
399,84,10,8,2
399,144,2,1,1
399,137,4,3,0
399,107,6,3,2
399,402,4,1,2
399,273,3,2,1
399,104,2,2,0
399,9,5,2,1
399,272,4,1,2
399,513,2,1,0
399,511,2,0,0
399,624,2,2,0
399,395,3,2,0
399,554,1,0,0
399,667,1,1,0
399,87,3,0,1
399,147,6,5,1
399,279,6,5,1
399,0,11,5,6
399,171,6,4,1
399,106,3,1,2
399,912,1,0,1
399,461,2,1,0
399,376,1,0,1
399,93,3,3,0
399,1195,1,0,1
399,234,2,2,0
399,296,3,2,0
399,207,4,3,1
399,678,1,1,0
399,216,8,4,3
399,85,1,1,0
399,28,8,4,3
399,145,2,1,1
399,97,3,3,0
399,878,2,1,1
399,122,4,2,1
399,347,7,4,2
399,39,9,5,3
399,78,1,0,1
399,429,1,0,1
399,534,5,3,1
399,467,4,2,1
399,52,1,0,0
399,706,2,2,0
399,32,4,3,0
399,1267,3,1,1
399,1203,1,0,1
399,81,2,0,2
399,175,3,2,1
399,258,5,1,4
399,541,1,0,1
399,653,1,1,0
399,60,3,0,0
399,508,3,1,2
399,707,2,1,1
399,716,3,2,1
399,831,2,2,0
399,196,6,2,3
399,7,3,2,1
399,349,2,1,0
399,25,2,1,1
399,864,5,3,2
399,862,1,0,1
399,123,1,0,1
399,218,2,0,1
399,320,1,1,0
399,278,3,0,2
399,80,2,1,1
399,88,5,4,1
399,76,1,1,0
399,149,2,1,1
399,297,7,5,2
399,30,6,2,3
399,431,3,1,1
399,139,4,2,1
399,22,1,1,0
399,397,1,1,0
399,55,2,1,1
399,781,2,2,0
399,381,1,1,0
399,19,2,0,2
399,432,1,1,0
399,200,1,0,0
399,248,1,0,1
399,734,1,1,0
399,439,2,0,2
399,176,4,2,1
399,115,2,1,1
399,294,5,1,2
399,319,1,0,1
399,341,1,0,0
399,20,1,1,0
399,673,1,0,0
399,282,1,0,1
399,59,1,1,0
399,259,1,1,0
399,105,1,0,0
399,311,3,2,1
399,8,2,1,1
399,21,2,1,0
399,295,1,1,0
399,157,1,0,1
399,13,2,0,0
399,663,1,1,0
399,901,2,2,0
399,1157,1,1,0
399,18,1,0,1
399,12,1,1,0
399,199,4,3,1
399,646,3,1,0
399,925,2,2,0
399,609,1,0,1
399,1413,1,1,0
399,57,2,2,0
399,51,1,1,0
399,156,1,0,1
399,1109,1,0,1
399,2308,2,1,1
399,1082,1,0,1
399,359,1,1,0
399,34,1,0,0
399,386,1,0,1
399,75,1,1,0
399,741,1,0,1
399,792,1,1,0
400,98,1,1,0
400,25,1,1,0
400,83,1,1,0
400,659,1,1,0
400,319,1,0,1
400,511,1,1,0
400,28,2,1,1
400,11,1,1,0
400,97,1,0,1
400,107,1,1,0
400,37,1,0,1
400,334,1,0,0
400,87,1,0,0
400,36,3,1,2
400,56,1,1,0
400,58,1,1,0
400,16,1,1,0
400,314,1,0,1
400,692,1,1,0
400,349,2,1,0
400,2,2,2,0
400,390,1,0,0
400,503,1,1,0
400,508,1,0,0
400,55,2,1,1
400,159,1,1,0
400,51,1,0,0
400,76,1,0,1
400,8,1,0,1
401,36,1,1,0
401,144,1,0,1
401,16,1,1,0
401,123,1,1,0
401,93,1,1,0
401,439,1,1,0
401,321,1,1,0
401,2,1,1,0
401,8,1,1,0
401,168,1,0,0
401,106,1,0,1
401,30,1,1,0
401,104,1,0,0
401,925,1,0,0
401,23,1,1,0
401,9,1,0,0
401,85,1,0,0
401,56,1,1,0
401,336,1,0,0
401,515,1,0,0
401,609,1,1,0
401,59,1,1,0
401,158,1,1,0
402,432,20,12,3
402,494,11,6,3
402,426,19,13,4
402,327,7,3,1
402,554,4,2,2
402,513,4,3,1
402,580,6,6,0
402,402,157,83,52
402,279,2,1,0
402,445,1,1,0
402,139,12,10,2
402,621,10,7,0
402,476,1,0,0
402,637,4,1,0
402,115,2,0,1
402,222,6,2,2
402,372,2,0,1
402,663,7,4,2
402,82,20,13,3
402,294,1,1,0
402,0,8,2,2
402,349,5,1,1
402,619,6,4,0
402,321,4,3,0
402,674,2,1,0
402,149,2,2,0
402,461,19,11,6
402,101,11,8,2
402,300,14,8,3
402,107,1,0,0
402,430,1,1,0
402,156,2,1,1
402,216,17,8,3
402,215,1,0,0
402,301,1,1,0
402,431,17,8,3
402,334,7,3,3
402,415,5,1,3
402,40,6,3,1
402,208,18,11,3
402,413,3,2,1
402,419,3,1,1
402,256,30,11,14
402,512,4,4,0
402,200,26,18,5
402,39,5,3,2
402,471,24,15,5
402,918,8,2,5
402,511,4,3,0
402,654,2,1,1
402,362,5,3,0
402,1133,1,1,0
402,1090,1,0,1
402,1119,1,1,0
402,640,2,2,0
402,17,2,0,0
402,80,1,1,0
402,36,1,0,0
402,179,2,1,0
402,374,5,4,0
402,23,1,0,0
402,105,19,12,3
402,103,2,0,2
402,246,4,3,1
402,734,3,1,2
402,380,8,3,3
402,170,6,3,2
402,336,2,1,1
402,638,1,1,0
402,408,2,2,0
402,158,10,7,2
402,147,2,1,1
402,584,2,2,0
402,181,1,0,0
402,159,11,8,2
402,16,1,0,0
402,148,5,3,2
402,816,1,0,0
402,692,1,1,0
402,339,4,0,3
402,171,1,1,0
402,579,4,3,1
402,7,8,4,3
402,238,6,6,0
402,122,5,4,0
402,24,2,0,1
402,312,5,3,2
402,462,3,2,0
402,87,3,1,0
402,167,1,1,0
402,76,1,1,0
402,234,2,1,1
402,176,2,0,0
402,499,2,2,0
402,1423,1,1,0
402,310,3,3,0
402,52,2,1,0
402,360,2,1,0
402,395,1,1,0
402,198,2,1,0
402,340,1,1,0
402,1236,1,1,0
402,78,1,1,0
402,492,1,0,0
402,86,1,0,0
402,104,9,7,2
402,277,4,2,0
402,379,2,2,0
402,282,2,0,0
402,347,2,1,1
402,109,5,2,1
402,30,6,5,1
402,143,1,1,0
402,534,7,5,2
402,230,7,4,2
402,296,4,2,0
402,361,2,2,0
402,376,1,0,0
402,240,2,1,0
402,396,1,0,0
402,608,4,2,1
402,397,5,3,1
402,320,3,0,0
402,390,1,0,0
402,175,5,3,1
402,358,6,5,1
402,467,1,1,0
402,304,1,1,0
402,272,5,2,1
402,121,1,0,1
402,297,1,0,1
402,429,1,0,0
402,259,3,1,1
402,32,1,1,0
402,661,2,1,1
402,673,1,1,0
402,439,2,1,1
402,1203,1,1,0
402,9,3,3,0
402,901,1,0,1
402,414,2,1,1
402,864,1,1,0
402,84,7,5,2
402,273,3,0,2
402,21,5,5,0
402,19,2,2,0
402,836,1,0,0
402,56,2,1,1
402,55,2,2,0
402,85,1,1,0
402,77,3,3,0
402,659,2,1,1
402,317,3,1,1
402,1062,1,0,0
402,144,5,2,2
402,1046,1,1,0
402,1135,2,1,1
402,218,1,1,0
402,18,2,0,1
402,57,1,0,1
402,295,1,0,1
402,772,1,0,1
402,199,1,0,0
402,137,1,1,0
402,498,1,0,0
402,28,2,2,0
402,2932,1,1,0
402,399,1,0,0
402,258,1,1,0
402,716,1,1,0
402,483,1,1,0
402,359,1,0,0
402,1149,1,0,0
402,684,1,0,0
402,281,1,0,0
402,945,1,1,0
402,74,1,1,0
403,36,2,1,1
403,16,3,2,1
403,31,1,1,0
403,439,2,1,0
403,22,2,1,1
403,32,1,0,0
403,2,3,2,0
403,123,3,2,1
403,19,4,4,0
403,246,2,1,0
403,580,1,1,0
403,374,1,0,1
403,654,1,1,0
403,755,1,1,0
403,940,1,1,0
403,906,1,0,1
403,104,1,0,0
403,175,1,1,0
403,61,2,2,0
403,137,2,1,1
403,55,3,2,1
403,159,1,0,0
403,34,1,1,0
403,278,1,0,1
403,82,1,1,0
403,9,2,2,0
403,156,1,1,0
403,494,1,1,0
403,638,2,1,0
403,170,1,1,0
403,609,2,1,0
403,208,2,2,0
403,84,1,0,1
403,93,2,1,1
403,11,2,1,1
403,199,2,2,0
403,179,1,0,0
403,238,1,1,0
403,318,2,0,1
403,26,4,2,0
403,40,1,0,0
403,513,1,0,1
403,8,1,1,0
403,101,1,1,0
403,21,1,1,0
403,145,1,1,0
403,461,2,1,0
403,59,3,3,0
403,147,1,0,0
403,81,2,2,0
403,88,2,1,0
403,143,1,1,0
403,13,2,2,0
403,7,2,2,0
403,17,1,1,0
403,56,2,1,0
403,508,1,0,0
403,168,1,1,0
403,14,2,1,1
403,176,2,2,0
403,105,2,2,0
403,18,1,1,0
403,107,1,1,0
403,58,1,1,0
403,0,2,1,1
403,184,3,3,0
403,296,1,0,1
403,772,1,0,1
403,706,1,0,0
403,85,1,0,0
403,60,1,0,1
403,280,1,1,0
403,415,1,0,0
403,379,2,2,0
403,272,1,1,0
403,256,2,1,1
403,259,3,2,0
403,20,1,1,0
403,86,1,1,0
403,118,1,1,0
403,321,2,0,2
403,1021,1,0,1
403,76,1,1,0
403,492,1,1,0
403,97,1,0,1
403,349,1,1,0
403,340,1,1,0
403,37,1,0,1
403,115,1,1,0
403,74,1,0,1
403,57,2,1,1
403,878,2,2,0
403,445,1,0,1
403,688,1,0,0
403,23,2,2,0
403,362,1,1,0
403,51,2,0,2
403,33,1,1,0
403,12,1,1,0
403,408,1,0,0
403,30,1,1,0
403,646,1,0,0
403,273,1,1,0
404,36,1,1,0
404,321,1,0,0
404,277,1,1,0
404,282,1,0,1
404,467,2,1,0
404,296,1,1,0
404,105,1,1,0
404,238,3,2,0
404,439,1,1,0
404,30,1,0,1
404,1272,1,0,0
404,281,3,3,0
404,430,1,0,0
404,248,1,0,1
404,256,1,0,1
404,402,2,2,0
404,260,1,1,0
404,542,2,1,1
404,106,1,1,0
404,179,3,1,1
404,158,1,1,0
404,361,1,1,0
404,695,1,0,1
404,318,1,1,0
404,419,2,1,0
404,137,1,1,0
404,167,1,0,0
404,170,1,1,0
404,501,2,2,0
404,176,1,1,0
404,471,1,1,0
404,349,1,0,0
404,498,1,0,0
404,81,1,0,0
404,513,1,1,0
404,333,1,0,1
404,512,1,0,0
404,159,3,1,2
404,230,1,0,0
404,317,2,2,0
404,215,1,1,0
404,7,1,1,0
404,21,1,1,0
404,741,1,0,1
404,781,1,1,0
404,20,2,1,1
404,854,1,0,0
404,259,1,0,1
404,19,3,1,1
404,301,1,1,0
404,297,1,1,0
404,347,1,0,0
404,362,1,1,0
404,234,1,0,1
404,390,1,0,0
404,1133,1,1,0
404,33,1,0,1
404,59,2,0,2
404,646,3,1,1
404,31,1,1,0
404,74,2,1,1
404,60,1,1,0
404,199,2,1,0
404,279,1,0,1
404,109,1,1,0
405,36,1,1,0
405,246,1,0,0
406,36,2,1,1
407,77,3,3,0
407,146,1,1,0
407,408,1,1,0
407,312,3,2,0
407,470,2,2,0
407,461,2,1,1
407,386,2,0,2
407,87,5,4,0
407,137,4,4,0
407,82,1,1,0
407,76,2,1,1
407,57,3,2,0
407,234,3,2,0
407,492,2,1,0
407,240,1,0,0
407,513,1,0,1
407,179,2,1,1
407,340,3,2,0
407,24,1,1,0
407,104,1,1,0
407,277,1,1,0
407,9,3,1,2
407,21,2,1,0
407,523,2,1,1
407,675,1,1,0
407,281,1,1,0
407,432,1,0,0
407,256,1,1,0
407,115,1,0,1
407,85,1,0,0
407,28,2,2,0
407,7,5,4,1
407,84,5,4,1
407,53,3,0,1
407,282,1,0,1
407,426,1,1,0
407,336,2,2,0
407,18,1,0,1
407,695,2,0,2
407,215,2,0,1
407,75,3,3,0
407,327,2,2,0
407,706,1,0,1
407,259,2,1,1
407,699,1,1,0
407,2,1,1,0
407,13,3,1,1
407,175,1,0,1
407,103,1,0,0
407,395,1,1,0
407,431,1,1,0
407,396,1,0,0
407,554,2,1,0
407,93,2,1,1
407,402,1,1,0
407,23,1,1,0
407,674,1,0,0
407,314,1,0,0
407,673,2,1,1
407,339,1,0,0
407,294,1,0,0
407,26,4,4,0
407,74,3,0,0
407,358,1,1,0
407,1195,1,0,0
407,499,1,0,0
407,101,2,1,1
407,22,1,1,0
407,56,1,0,0
407,149,1,1,0
407,280,1,0,0
407,222,2,2,0
407,122,1,1,0
407,139,1,0,1
407,318,2,1,1
407,30,4,1,2
407,157,1,1,0
407,246,1,0,0
407,25,2,2,0
407,379,1,1,0
407,584,1,0,0
407,55,1,0,0
407,199,1,1,0
407,781,1,1,0
407,105,2,0,2
407,15,1,0,0
407,361,1,1,0
407,8,1,1,0
407,258,1,1,0
407,1109,1,1,0
407,1267,2,1,0
407,238,1,0,0
407,196,1,0,1
407,542,1,1,0
407,78,1,1,0
407,296,1,1,0
407,508,1,0,1
407,483,1,1,0
407,159,2,1,0
407,121,1,1,0
407,147,2,1,1
407,273,1,0,0
407,39,1,0,1
407,97,1,1,0
407,107,1,1,0
407,430,1,0,0
407,158,1,0,1
407,51,1,1,0
407,156,1,1,0
407,360,1,0,0
407,11,1,0,0
407,299,1,0,1
407,1119,1,1,0
407,59,1,1,0
407,688,1,0,1
407,692,1,0,0
407,106,1,0,0
407,619,1,0,1
407,31,1,0,1
407,878,1,1,0
407,685,1,0,0
408,77,9,4,4
408,408,85,48,23
408,39,10,5,2
408,467,3,2,1
408,674,2,1,0
408,358,6,1,2
408,494,7,3,3
408,598,2,1,0
408,299,4,3,0
408,82,5,4,0
408,26,2,0,0
408,317,2,1,0
408,300,4,3,1
408,379,5,3,2
408,471,2,2,0
408,419,5,2,1
408,60,3,3,0
408,215,4,3,0
408,171,1,0,1
408,554,1,1,0
408,106,2,1,0
408,279,1,1,0
408,347,5,3,2
408,222,3,2,0
408,579,5,2,2
408,359,2,2,0
408,1133,1,0,1
408,181,1,0,1
408,1179,1,1,0
408,87,6,3,3
408,23,2,0,2
408,159,4,4,0
408,278,1,0,1
408,277,1,0,1
408,399,6,3,2
408,199,3,1,1
408,147,2,2,0
408,431,2,1,0
408,170,4,1,1
408,619,4,3,0
408,123,2,2,0
408,105,1,0,1
408,310,7,3,3
408,339,1,1,0
408,144,3,3,0
408,107,1,0,1
408,360,3,2,1
408,175,3,1,1
408,8,1,1,0
408,216,5,2,2
408,272,4,3,1
408,76,1,0,0
408,56,2,1,1
408,256,3,2,0
408,146,2,1,1
408,512,1,0,0
408,0,2,1,1
408,426,4,3,1
408,122,2,0,1
408,349,4,0,1
408,584,2,2,0
408,296,2,0,1
408,508,1,0,1
408,511,1,1,0
408,311,1,0,0
408,414,5,3,2
408,32,3,3,0
408,700,4,3,0
408,362,4,1,3
408,167,2,1,1
408,52,4,3,1
408,496,1,1,0
408,176,2,1,1
408,137,4,4,0
408,207,1,1,0
408,361,3,2,0
408,397,1,0,0
408,542,1,1,0
408,7,2,1,1
408,57,1,1,0
408,143,2,1,0
408,145,1,1,0
408,432,2,1,1
408,341,1,1,0
408,439,1,0,0
408,198,1,1,0
408,667,1,1,0
408,624,2,2,0
408,74,3,3,0
408,318,6,1,5
408,376,1,0,0
408,1091,1,0,1
408,115,1,0,1
408,281,1,1,0
408,659,2,0,0
408,19,1,1,0
408,246,1,1,0
408,109,2,1,0
408,402,3,1,0
408,534,1,1,0
408,25,2,0,2
408,621,1,1,0
408,380,1,0,1
408,321,3,1,2
408,864,2,1,0
408,862,2,2,0
408,84,1,0,1
408,88,1,0,1
408,179,3,1,1
408,85,1,0,1
408,374,3,2,1
408,340,1,0,0
408,781,1,0,0
408,476,1,1,0
408,1113,1,0,0
408,260,1,0,1
408,18,1,0,0
408,430,3,2,1
408,661,1,1,0
408,148,1,1,0
408,200,1,1,0
408,675,1,1,0
408,1135,1,1,0
408,319,1,0,1
408,1147,1,0,1
408,2534,1,1,0
408,218,1,0,0
408,492,1,1,0
408,413,2,0,1
408,81,1,0,1
408,666,1,0,1
408,156,1,0,0
408,40,1,0,1
408,158,1,0,1
408,688,1,0,0
408,716,1,1,0
408,327,3,1,1
408,918,1,0,1
408,523,1,0,1
408,208,1,0,1
408,240,1,1,0
408,22,1,1,0
408,415,1,1,0
408,230,1,0,1
408,28,1,1,0
409,77,1,0,0
409,663,1,1,0
409,667,1,0,0
409,431,1,0,0
409,52,2,1,1
409,854,3,2,0
409,985,1,1,0
409,432,1,1,0
409,31,1,0,0
409,430,1,1,0
409,282,1,1,0
409,93,1,1,0
409,87,1,0,0
409,137,1,1,0
409,395,1,0,1
409,310,1,0,0
409,281,1,1,0
409,158,2,1,0
409,296,1,1,0
409,7,1,1,0
409,706,1,1,0
409,792,1,0,1
409,609,1,1,0
409,199,1,1,0
409,311,1,1,0
409,901,1,0,0
409,699,1,0,0
409,17,1,1,0
409,240,1,0,0
409,646,1,0,0
409,115,1,0,1
409,216,1,0,0
409,878,1,0,0
410,77,1,1,0
410,410,15,9,2
410,115,3,3,0
410,380,1,0,0
410,105,2,0,1
410,137,1,1,0
410,347,1,1,0
410,198,4,3,0
410,674,1,1,0
410,429,1,0,0
410,238,1,1,0
410,74,2,2,0
410,419,1,0,0
410,699,1,1,0
410,467,1,1,0
410,258,1,1,0
410,659,1,1,0
410,327,2,0,0
410,159,1,1,0
410,0,2,0,0
410,1,1,1,0
410,30,1,0,0
410,476,1,0,0
410,1203,1,1,0
410,706,1,1,0
410,61,1,0,0
410,144,1,1,0
410,321,1,1,0
410,361,1,1,0
410,815,1,0,0
410,28,1,0,1
411,77,3,1,1
411,58,3,3,0
411,148,1,1,0
411,147,2,2,0
411,139,1,0,0
411,1,2,1,1
411,13,2,1,0
411,238,2,1,1
411,396,2,1,0
411,246,1,1,0
411,200,2,1,0
411,31,2,2,0
411,374,1,0,0
411,755,1,0,0
411,118,1,1,0
411,659,1,0,0
411,17,4,3,0
411,21,1,0,0
411,81,2,1,1
411,33,1,1,0
411,51,4,2,1
411,23,4,4,0
411,7,1,1,0
411,84,2,1,0
411,57,2,1,0
411,121,2,1,1
411,426,3,1,1
411,296,1,1,0
411,652,1,0,1
411,107,3,1,1
411,16,3,3,0
411,75,2,0,0
411,199,3,1,1
411,18,3,2,0
411,9,5,3,1
411,8,2,1,1
411,156,1,0,0
411,60,2,2,0
411,30,2,2,0
411,143,3,2,1
411,816,1,1,0
411,25,4,4,0
411,688,3,2,0
411,792,3,2,1
411,2,3,2,0
411,28,1,0,0
411,26,1,1,0
411,15,3,2,0
411,103,1,0,0
411,197,1,1,0
411,430,2,2,0
411,53,3,3,0
411,272,2,1,0
411,234,2,2,0
411,40,1,1,0
411,471,1,0,0
411,511,1,0,0
411,104,2,1,1
411,144,1,0,1
411,36,5,3,1
411,216,1,0,0
411,19,2,1,0
411,12,3,3,0
411,431,1,0,0
411,14,2,2,0
411,74,4,2,0
411,215,1,1,0
411,258,1,1,0
411,281,1,0,0
411,598,1,0,0
411,39,1,0,0
411,61,2,2,0
411,399,1,0,0
411,462,1,0,0
411,359,1,1,0
411,179,1,0,0
411,170,2,1,0
411,716,2,2,0
411,101,1,0,1
411,55,4,3,0
411,772,1,1,0
411,159,2,0,0
411,256,1,0,1
411,695,1,1,0
411,85,2,1,1
411,925,1,0,0
411,87,2,0,1
411,318,1,0,0
411,734,3,1,0
411,699,2,1,0
411,280,1,1,0
411,59,1,1,0
411,105,1,0,1
411,56,2,1,0
411,218,1,1,0
411,523,1,1,0
411,171,1,0,0
411,300,1,1,0
411,542,1,0,0
411,37,1,1,0
412,77,1,1,0
412,580,1,1,0
412,40,1,1,0
413,137,1,1,0
413,208,1,1,0
413,82,1,0,0
413,169,1,1,0
413,399,3,1,1
413,312,1,1,0
413,334,2,1,0
413,674,2,1,0
413,413,2,0,1
413,81,2,1,1
413,218,1,0,1
413,149,3,1,2
413,494,6,3,1
413,336,3,1,2
413,408,3,1,1
413,534,2,1,1
413,349,1,0,1
413,598,1,0,0
413,170,3,2,0
413,470,2,0,2
413,299,9,2,6
413,222,3,3,0
413,361,1,1,0
413,380,3,2,1
413,619,1,1,0
413,414,1,0,1
413,659,2,1,0
413,372,1,0,0
413,700,1,0,1
413,1127,1,1,0
413,84,3,1,2
413,196,1,1,0
413,216,3,2,0
413,272,3,2,1
413,215,4,0,1
413,294,2,1,0
413,279,3,1,2
413,230,3,0,2
413,327,2,2,0
413,200,1,1,0
413,541,1,0,1
413,87,2,1,1
413,23,1,1,0
413,104,1,0,1
413,238,3,1,2
413,167,1,0,1
413,432,2,2,0
413,19,1,1,0
413,240,1,0,1
413,198,1,0,1
413,864,2,1,1
413,362,2,2,0
413,319,1,1,0
413,25,1,0,1
413,75,1,1,0
413,30,2,1,0
413,621,1,1,0
413,273,1,0,0
413,310,1,1,0
413,280,1,1,0
413,278,2,2,0
413,171,1,1,0
413,402,2,1,0
413,471,1,1,0
413,608,1,1,0
413,415,1,1,0
413,320,1,0,0
413,197,2,1,1
413,7,1,1,0
413,28,1,1,0
413,379,1,1,0
413,297,1,0,1
413,33,1,0,1
413,741,1,1,0
413,395,1,0,0
413,146,1,0,1
413,430,1,0,0
413,145,1,1,0
413,359,1,0,0
413,103,1,0,1
413,158,1,0,1
413,429,1,0,1
413,106,1,1,0
413,301,1,1,0
413,176,1,1,0
413,36,1,0,1
413,56,1,1,0
413,118,1,0,1
413,661,1,0,0
414,413,4,2,1
414,513,2,2,0
414,429,3,1,1
414,299,5,3,1
414,414,14,6,5
414,123,1,1,0
414,105,3,0,0
414,197,2,1,1
414,494,10,4,5
414,512,4,1,0
414,312,2,0,2
414,170,1,1,0
414,584,7,5,2
414,7,1,0,0
414,28,2,1,1
414,104,4,3,1
414,311,4,2,2
414,82,1,1,0
414,360,1,1,0
414,175,2,0,1
414,358,3,1,1
414,103,3,0,2
414,379,4,4,0
414,430,5,3,1
414,83,1,1,0
414,215,4,4,0
414,246,1,0,1
414,301,2,0,2
414,200,1,1,0
414,30,1,1,0
414,39,9,3,4
414,467,2,2,0
414,347,4,4,0
414,471,1,0,1
414,608,3,0,1
414,259,1,1,0
414,511,2,0,2
414,933,1,0,1
414,273,1,1,0
414,260,2,0,0
414,619,2,2,0
414,659,5,2,3
414,372,1,0,1
414,496,2,1,1
414,1135,2,0,1
414,1082,1,1,0
414,1062,1,1,0
414,1148,1,0,1
414,277,1,1,0
414,419,13,4,8
414,145,1,0,1
414,179,1,0,1
414,334,1,0,0
414,167,1,1,0
414,216,2,2,0
414,426,1,0,1
414,336,5,3,1
414,176,1,1,0
414,207,2,2,0
414,222,3,2,1
414,661,1,0,1
414,362,3,2,1
414,196,1,1,0
414,314,1,0,1
414,883,1,0,1
414,101,2,2,0
414,159,2,2,0
414,439,1,1,0
414,508,2,1,1
414,272,1,1,0
414,115,1,1,0
414,17,1,1,0
414,218,1,0,1
414,84,4,4,0
414,432,1,0,1
414,492,1,0,0
414,109,2,0,2
414,431,1,1,0
414,349,2,1,0
414,461,1,0,1
414,415,3,2,1
414,380,2,1,1
414,32,1,0,1
414,864,2,0,2
414,675,2,0,1
414,300,1,1,0
414,408,4,3,1
414,230,3,0,1
414,663,1,0,1
414,667,1,1,0
414,706,1,0,0
414,56,2,1,1
414,1272,1,1,0
414,395,1,1,0
414,374,1,1,0
414,621,2,2,0
414,340,1,1,0
414,1276,2,1,1
414,2534,1,1,0
414,52,1,0,0
414,318,3,2,1
414,1142,1,1,0
414,304,1,1,0
414,310,2,1,1
414,81,1,1,0
414,24,1,0,0
414,399,1,0,1
414,240,2,1,1
414,208,1,1,0
414,256,1,0,1
414,554,2,0,1
414,25,1,1,0
414,77,3,3,0
414,148,1,0,0
414,707,1,1,0
414,88,1,0,1
414,171,2,0,2
414,741,1,0,0
414,317,1,1,0
414,76,1,0,1
414,359,1,0,1
414,137,1,1,0
414,231,1,1,0
414,147,1,1,0
414,278,1,1,0
414,122,1,1,0
414,294,1,1,0
414,279,1,0,1
414,87,4,1,3
414,1157,1,0,1
414,57,1,1,0
414,321,1,0,1
414,106,1,1,0
414,40,1,0,1
414,402,1,0,0
414,158,1,0,0
414,534,1,0,0
414,282,1,0,1
414,55,1,0,1
415,413,3,2,1
415,57,11,9,2
415,494,5,3,1
415,496,1,1,0
415,554,10,9,1
415,415,121,67,36
415,32,8,7,0
415,362,5,2,1
415,13,1,0,1
415,81,3,3,0
415,101,17,8,6
415,123,3,3,0
415,105,13,9,3
415,320,9,6,0
415,339,1,1,0
415,277,6,2,4
415,360,6,3,1
415,83,1,1,0
415,59,1,0,1
415,56,5,4,1
415,146,1,1,0
415,78,5,4,1
415,240,2,0,1
415,301,7,4,2
415,200,13,8,4
415,109,4,3,0
415,294,3,1,1
415,374,12,6,4
415,462,1,1,0
415,918,3,2,0
415,299,2,1,0
415,654,4,3,1
415,273,44,23,16
415,692,3,2,1
415,321,4,2,0
415,414,2,1,1
415,713,1,1,0
415,372,1,1,0
415,673,4,2,0
415,319,2,2,0
415,376,1,1,0
415,84,14,7,5
415,281,1,1,0
415,295,1,0,0
415,431,10,3,2
415,175,24,13,4
415,1113,1,1,0
415,40,6,4,2
415,145,2,2,0
415,296,7,4,1
415,311,3,3,0
415,1102,1,1,0
415,1090,2,2,0
415,395,4,3,1
415,121,8,6,1
415,149,5,0,3
415,402,8,4,3
415,584,4,2,1
415,419,4,2,1
415,21,6,5,1
415,176,32,17,9
415,1088,1,1,0
415,77,8,8,0
415,334,4,1,1
415,196,2,0,0
415,513,3,2,0
415,122,16,9,3
415,39,3,2,0
415,259,5,3,2
415,659,2,0,1
415,7,7,7,0
415,272,2,1,0
415,256,4,2,0
415,312,3,2,0
415,170,7,3,2
415,652,4,1,2
415,461,7,4,2
415,238,8,2,4
415,144,11,5,5
415,432,5,1,3
415,930,1,0,1
415,688,1,1,0
415,699,1,0,1
415,87,8,6,2
415,208,11,8,2
415,317,9,4,4
415,216,9,4,2
415,25,6,5,1
415,492,3,1,1
415,399,5,3,1
415,511,1,0,0
415,143,2,2,0
415,624,1,1,0
415,282,3,2,0
415,171,1,0,0
415,97,3,2,0
415,499,2,0,0
415,397,3,3,0
415,1,1,0,1
415,310,3,2,1
415,278,4,2,2
415,429,1,0,0
415,608,3,2,0
415,579,1,0,1
415,137,3,2,0
415,300,8,6,1
415,379,2,1,0
415,60,4,3,0
415,148,5,2,2
415,410,1,1,0
415,147,2,2,0
415,358,8,2,5
415,159,9,5,3
415,104,13,4,6
415,179,2,1,0
415,678,1,1,0
415,103,2,0,0
415,158,11,6,2
415,426,1,1,0
415,30,15,12,1
415,408,8,4,4
415,198,2,0,0
415,663,4,3,1
415,327,2,0,1
415,230,5,4,1
415,333,1,1,0
415,93,1,1,0
415,215,1,0,0
415,139,8,4,3
415,314,1,0,0
415,542,8,3,3
415,156,1,1,0
415,781,4,2,0
415,772,3,3,0
415,581,1,0,0
415,9,6,4,2
415,75,3,1,2
415,222,2,2,0
415,541,2,1,1
415,653,1,0,0
415,28,9,7,2
415,107,2,2,0
415,706,1,1,0
415,31,2,2,0
415,85,1,1,0
415,381,1,0,0
415,854,5,4,1
415,26,1,1,0
415,218,1,1,0
415,304,1,1,0
415,76,1,0,1
415,349,1,1,0
415,621,2,1,1
415,380,3,0,2
415,700,1,1,0
415,74,6,4,2
415,82,7,3,1
415,55,6,4,2
415,280,1,0,0
415,779,1,0,0
415,674,1,0,1
415,1133,1,1,0
415,1423,1,0,1
415,260,1,1,0
415,359,1,1,0
415,471,5,3,2
415,361,1,1,0
415,386,1,0,1
415,167,3,2,0
415,1135,1,0,0
415,1171,1,0,0
415,0,1,0,0
415,36,2,1,1
415,18,1,0,1
415,831,1,1,0
415,88,2,1,1
415,741,1,0,0
415,646,1,0,0
415,901,1,0,1
415,1149,1,1,0
415,246,1,0,1
415,106,1,1,0
415,279,1,1,0
415,445,3,2,1
415,22,1,0,1
415,390,1,0,0
415,340,1,0,1
415,1718,1,0,1
415,363,1,1,0
415,231,1,1,0
415,197,1,1,0
415,430,2,1,0
415,512,1,0,0
415,864,1,1,0
415,637,1,1,0
415,23,1,0,0
415,61,1,0,0
415,53,1,1,0
415,695,1,1,0
416,55,3,3,0
416,197,1,1,0
416,21,1,1,0
416,76,2,2,0
416,426,1,1,0
416,11,1,1,0
416,26,5,3,2
416,80,1,0,0
416,87,1,0,0
416,1113,1,1,0
416,560,1,0,0
416,143,1,1,0
416,74,1,1,0
416,8,2,2,0
416,77,2,2,0
416,216,2,2,0
416,36,5,1,1
416,30,3,2,0
416,34,1,1,0
416,53,6,3,1
416,1,1,1,0
416,360,1,1,0
416,103,2,1,1
416,430,1,0,1
416,78,1,1,0
416,158,1,1,0
416,402,1,1,0
416,445,1,1,0
416,22,2,2,0
416,23,4,3,0
416,415,1,1,0
416,399,1,1,0
416,2,3,0,3
416,137,1,1,0
416,18,2,1,1
416,159,2,1,1
416,167,1,0,1
416,408,1,0,0
416,104,1,1,0
416,105,1,0,1
416,51,1,1,0
416,1267,1,1,0
416,222,2,2,0
416,196,1,1,0
416,199,1,0,1
416,625,1,1,0
416,61,3,3,0
416,56,1,0,1
416,17,1,1,0
416,31,1,1,0
416,9,1,1,0
416,85,1,1,0
416,13,1,1,0
416,123,1,0,1
416,461,1,1,0
416,93,1,1,0
416,20,1,1,0
416,2861,1,1,0
416,695,1,0,1
416,57,1,0,1
416,609,1,1,0
416,75,1,1,0
416,281,1,0,0
416,33,1,1,0
416,16,1,1,0
417,55,2,0,2
417,57,2,1,0
417,399,1,1,0
417,105,1,1,0
417,208,1,1,0
417,85,1,0,1
417,103,1,1,0
417,246,1,0,1
417,207,2,2,0
417,755,1,1,0
417,713,1,1,0
417,972,1,1,0
417,197,2,2,0
417,93,1,1,0
417,104,2,1,1
417,281,1,0,1
417,170,1,1,0
417,81,2,2,0
417,36,1,1,0
417,144,6,6,0
417,327,1,1,0
417,87,2,1,1
417,8,2,1,0
417,53,1,1,0
417,554,1,0,0
417,106,4,3,0
417,7,3,3,0
417,25,1,1,0
417,169,1,0,0
417,652,2,2,0
417,122,1,0,1
417,318,3,3,0
417,17,2,0,1
417,145,1,1,0
417,321,1,1,0
417,80,1,1,0
417,199,1,1,0
417,347,1,1,0
417,115,1,1,0
417,361,1,0,0
417,101,1,1,0
417,349,1,1,0
417,304,1,1,0
417,358,1,1,0
417,431,1,1,0
417,376,1,0,0
417,121,1,1,0
417,16,1,1,0
417,34,1,1,0
417,159,2,0,1
417,56,1,0,1
417,52,2,1,0
417,741,1,0,1
417,816,1,1,0
417,258,1,0,0
417,51,1,0,1
417,379,1,1,0
417,340,1,1,0
417,21,3,2,0
417,158,1,1,0
417,167,1,0,1
417,494,1,1,0
417,467,1,0,1
417,179,3,3,0
417,97,1,1,0
417,9,1,1,0
417,74,1,1,0
417,781,1,0,0
417,75,1,1,0
417,280,1,1,0
417,609,1,1,0
417,146,1,0,1
417,37,1,0,1
417,2,1,1,0
417,83,1,0,1
417,334,1,0,1
417,157,1,1,0
417,198,1,1,0
417,59,1,0,0
417,86,1,1,0
417,19,1,1,0
417,426,1,1,0
417,282,1,1,0
417,659,1,1,0
417,362,1,1,0
417,26,1,1,0
417,238,1,0,1
417,511,1,1,0
417,2855,1,1,0
417,2296,1,1,0
417,692,1,1,0
417,498,3,2,1
417,76,1,0,0
417,40,2,1,0
417,231,1,0,1
417,300,1,1,0
417,107,1,1,0
417,675,1,1,0
417,28,1,1,0
417,24,1,1,0
417,61,1,0,1
417,22,1,1,0
418,55,1,0,0
418,584,1,1,0
418,196,1,1,0
418,36,1,1,0
418,77,1,0,1
418,399,1,1,0
418,98,1,1,0
418,137,1,1,0
418,272,1,1,0
418,31,1,1,0
418,318,1,1,0
418,878,2,1,0
418,333,1,1,0
418,685,1,0,1
418,25,1,0,1
419,238,2,0,0
419,419,96,42,47
419,494,5,3,1
419,390,1,0,0
419,713,1,0,1
419,862,1,1,0
419,471,2,1,1
419,339,1,0,1
419,77,4,1,1
419,408,4,3,1
419,429,1,1,0
419,294,1,1,0
419,334,2,1,0
419,470,1,1,0
419,1102,1,1,0
419,1142,1,0,1
419,1062,1,0,1
419,1179,1,1,0
419,310,3,2,1
419,74,2,1,1
419,175,1,0,1
419,197,1,1,0
419,492,2,1,0
419,399,2,2,0
419,199,2,1,1
419,426,1,1,0
419,240,3,1,1
419,347,4,2,2
419,170,2,1,0
419,84,1,1,0
419,76,1,1,0
419,256,3,3,0
419,230,1,0,0
419,445,1,0,0
419,410,1,1,0
419,317,1,0,1
419,312,3,2,1
419,432,1,1,0
419,624,1,0,0
419,278,2,2,0
419,216,1,1,0
419,301,4,2,2
419,222,2,2,0
419,461,2,2,0
419,659,1,0,0
419,87,1,1,0
419,341,1,0,0
419,678,1,1,0
419,318,4,1,1
419,31,1,0,0
419,512,1,1,0
419,215,2,1,0
419,361,4,2,2
419,105,1,1,0
419,395,1,1,0
419,23,2,2,0
419,158,1,1,0
419,296,1,1,0
419,107,1,0,1
419,272,1,0,1
419,508,1,0,0
419,706,1,0,1
419,554,1,1,0
419,39,7,5,1
419,415,2,1,1
419,414,1,1,0
419,167,1,1,0
419,374,1,0,1
419,299,3,1,0
419,483,1,1,0
419,281,1,0,0
419,196,1,0,1
419,379,2,1,1
419,321,1,0,1
419,584,2,0,2
419,579,3,1,0
419,19,2,1,1
419,279,1,0,1
419,145,1,0,1
419,56,2,0,2
419,30,2,0,0
419,831,2,1,1
419,707,1,0,0
419,159,2,2,0
419,741,1,1,0
419,646,1,0,1
419,60,1,0,1
419,277,1,0,1
419,695,1,0,1
419,52,1,0,0
419,148,1,1,0
419,948,1,1,0
419,300,1,0,1
419,372,1,1,0
419,661,1,1,0
419,25,1,0,0
419,771,1,1,0
420,197,1,1,0
420,7,3,2,1
420,137,2,2,0
420,218,1,1,0
420,13,2,1,0
420,55,1,1,0
420,87,1,1,0
420,77,1,0,1
420,169,1,1,0
420,779,1,1,0
420,234,1,1,0
420,300,1,0,1
420,31,2,2,0
420,379,1,1,0
420,410,1,0,0
420,106,1,1,0
420,36,1,1,0
420,156,1,1,0
420,1,1,1,0
420,19,1,1,0
420,60,1,1,0
420,56,2,1,1
420,199,2,1,1
420,246,1,1,0
420,374,1,1,0
420,51,1,1,0
420,159,2,2,0
420,76,1,1,0
420,105,1,1,0
420,216,1,0,1
420,862,1,1,0
420,170,1,0,1
420,238,1,1,0
420,75,1,1,0
420,20,1,1,0
420,349,1,0,1
420,498,1,1,0
420,815,1,1,0
420,408,1,0,1
420,419,1,0,0
420,646,1,1,0
420,311,1,0,1
420,511,1,1,0
420,53,1,0,0
420,381,2,1,1
420,57,1,1,0
420,878,1,1,0
420,296,1,0,1
420,259,1,1,0
421,21,1,1,0
421,334,1,0,0
421,149,1,0,1
421,80,1,0,0
421,75,1,0,0
421,734,1,1,0
421,445,1,1,0
421,26,1,1,0
421,652,1,0,0
421,854,1,1,0
421,483,1,1,0
421,741,1,1,0
421,836,1,1,0
421,18,1,0,0
421,277,1,1,0
421,716,1,0,1
421,107,1,1,0
421,240,1,1,0
421,515,1,0,0
421,74,1,0,1
421,673,1,1,0
421,159,2,1,0
422,21,1,1,0
422,234,1,0,0
422,415,2,1,0
422,24,1,0,0
422,184,1,1,0
422,470,1,1,0
422,87,1,1,0
422,169,1,1,0
422,240,2,2,0
422,273,2,2,0
422,149,1,0,0
422,158,1,1,0
422,511,1,1,0
422,156,1,0,1
422,534,2,2,0
422,340,1,0,1
422,16,1,1,0
422,15,1,1,0
422,22,1,1,0
422,137,1,1,0
422,196,1,1,0
422,402,1,0,1
422,258,1,0,1
422,579,1,0,1
422,36,1,1,0
422,39,1,1,0
422,17,1,1,0
422,80,1,0,1
422,304,1,1,0
422,74,1,1,0
422,60,2,1,1
422,75,2,1,1
422,148,1,1,0
422,207,1,0,1
422,381,1,1,0
422,26,1,0,1
422,84,1,1,0
422,51,1,1,0
422,77,1,0,1
422,523,1,1,0
422,53,1,1,0
422,1171,2,1,0
422,2945,2,2,0
422,2932,1,1,0
422,9,1,1,0
422,61,1,1,0
423,21,1,1,0
423,51,2,2,0
423,20,1,1,0
423,115,1,0,1
423,17,2,2,0
423,87,1,1,0
423,77,1,1,0
423,60,1,1,0
423,199,1,1,0
423,13,1,0,1
423,83,1,0,0
423,413,1,1,0
423,118,1,1,0
423,0,1,1,0
423,15,1,1,0
423,168,1,0,1
423,501,1,1,0
423,646,1,1,0
424,21,1,1,0
424,105,1,0,1
424,17,1,1,0
424,218,1,0,1
425,167,1,1,0
425,513,1,1,0
425,196,1,0,0
425,310,1,0,0
425,278,2,1,0
425,23,2,2,0
425,159,2,2,0
425,18,1,1,0
425,107,1,0,1
425,84,2,1,1
425,76,1,0,1
425,176,1,0,1
425,831,1,1,0
425,24,1,1,0
425,197,1,1,0
425,58,1,1,0
425,147,1,1,0
425,321,1,0,0
425,198,1,1,0
425,15,1,1,0
425,777,1,1,0
425,17,1,1,0
425,26,1,0,1
425,34,1,1,0
425,59,1,0,1
425,1021,1,0,0
425,75,1,0,1
425,12,1,1,0
426,167,3,2,1
426,512,13,5,5
426,426,132,70,44
426,580,2,1,0
426,259,4,2,0
426,476,10,2,6
426,541,2,1,1
426,659,9,4,0
426,624,2,2,0
426,87,4,3,1
426,105,16,11,2
426,310,2,0,0
426,40,9,4,4
426,200,18,10,5
426,431,3,2,0
426,467,2,2,0
426,471,10,7,2
426,230,24,14,6
426,170,6,3,2
426,940,1,1,0
426,380,13,9,3
426,619,7,4,2
426,414,2,1,0
426,661,1,0,0
426,700,1,1,0
426,359,2,0,2
426,534,16,7,6
426,340,1,1,0
426,216,8,5,3
426,430,8,7,1
426,333,2,1,0
426,156,2,1,0
426,146,3,2,0
426,37,1,0,1
426,402,23,15,3
426,246,6,3,1
426,415,3,2,1
426,334,17,8,6
426,198,1,1,0
426,240,2,1,1
426,28,1,1,0
426,196,1,1,0
426,300,4,3,1
426,278,4,2,2
426,584,3,1,1
426,511,3,1,2
426,621,17,9,6
426,933,1,0,1
426,499,3,2,1
426,663,15,11,1
426,674,10,2,3
426,1135,1,0,0
426,862,2,1,1
426,1102,5,2,3
426,1119,2,1,1
426,1147,1,1,0
426,1148,1,0,1
426,7,2,2,0
426,395,2,1,1
426,98,1,0,0
426,158,6,5,1
426,296,7,0,3
426,256,9,4,3
426,339,6,0,4
426,148,3,2,0
426,513,4,3,0
426,930,16,4,10
426,716,3,1,1
426,238,5,3,2
426,144,2,1,1
426,103,3,2,1
426,432,7,2,2
426,299,3,3,0
426,32,7,5,1
426,137,4,3,1
426,277,3,3,0
426,327,14,8,1
426,176,5,4,0
426,372,1,1,0
426,518,3,2,0
426,376,2,1,0
426,831,1,1,0
426,318,2,1,1
426,293,1,1,0
426,925,1,0,0
426,312,9,6,1
426,508,1,1,0
426,461,11,5,3
426,208,9,7,2
426,1091,1,0,1
426,159,8,5,2
426,82,4,2,1
426,234,3,0,1
426,106,2,1,0
426,347,2,2,0
426,361,2,0,0
426,413,5,2,1
426,399,5,1,2
426,336,1,0,0
426,408,2,1,0
426,222,5,3,0
426,1236,1,0,0
426,419,2,0,1
426,321,5,3,1
426,81,1,1,0
426,197,7,4,2
426,272,2,0,1
426,52,2,1,1
426,0,12,7,3
426,171,7,5,1
426,554,1,1,0
426,147,1,1,0
426,297,1,1,0
426,294,3,2,1
426,374,5,3,1
426,608,4,1,1
426,439,5,4,1
426,579,3,1,1
426,101,4,4,0
426,498,2,2,0
426,379,2,0,0
426,31,2,1,0
426,878,1,0,0
426,104,8,1,3
426,281,2,1,1
426,60,1,1,0
426,320,3,2,0
426,109,8,4,1
426,39,2,0,0
426,638,3,2,0
426,175,5,1,3
426,358,5,4,1
426,1865,1,0,0
426,76,1,0,1
426,122,5,1,3
426,349,2,0,1
426,362,3,2,1
426,675,3,3,0
426,282,3,2,0
426,429,1,0,0
426,397,3,2,0
426,494,4,3,1
426,260,1,1,0
426,1203,1,0,0
426,1,2,1,1
426,918,6,1,5
426,542,2,1,0
426,179,1,1,0
426,864,1,1,0
426,360,1,1,0
426,77,1,0,1
426,149,2,2,0
426,139,4,2,0
426,273,4,3,0
426,25,4,2,2
426,706,1,0,0
426,30,9,4,2
426,279,1,0,1
426,168,1,0,0
426,381,1,1,0
426,667,2,1,1
426,84,3,2,0
426,215,1,1,0
426,492,1,0,1
426,2169,1,0,1
426,1133,1,0,1
426,523,2,2,0
426,673,2,2,0
426,280,1,1,0
426,207,1,0,1
426,24,2,1,1
426,88,1,0,0
426,1267,1,0,1
426,734,1,0,1
426,2296,1,0,0
426,17,1,0,1
426,59,1,1,0
426,199,1,0,1
426,74,1,1,0
426,688,1,1,0
426,945,1,1,0
426,317,1,1,0
426,9,1,1,0
426,19,1,0,1
426,1894,1,0,0
426,741,1,1,0
427,167,1,0,1
427,374,1,1,0
427,663,3,3,0
427,147,1,1,0
427,115,1,1,0
427,105,3,3,0
427,300,1,1,0
427,312,2,2,0
427,145,1,1,0
427,334,2,1,1
427,661,1,0,1
427,230,2,0,2
427,397,2,2,0
427,238,1,1,0
427,327,1,1,0
427,584,1,1,0
427,28,1,0,1
427,918,1,0,1
427,361,1,1,0
427,399,1,1,0
428,334,1,0,0
429,429,37,21,13
429,1,1,1,0
429,81,1,0,1
429,25,1,1,0
429,619,2,1,1
429,107,1,1,0
429,167,5,0,4
429,256,1,1,0
429,82,2,1,0
429,88,1,0,0
429,246,1,1,0
429,297,1,0,0
429,31,1,1,0
429,659,2,1,1
429,143,1,0,1
429,74,2,2,0
429,667,1,0,1
429,24,1,1,0
429,170,3,2,0
429,280,1,1,0
429,87,3,2,0
429,200,1,1,0
429,584,1,1,0
429,105,1,1,0
429,294,1,0,1
429,314,1,0,0
429,379,2,1,1
429,215,1,1,0
429,399,1,1,0
429,158,2,0,1
429,688,1,1,0
429,7,1,1,0
429,707,3,1,2
429,230,1,1,0
429,439,1,1,0
429,362,1,1,0
429,381,1,1,0
429,1109,2,1,1
429,139,1,1,0
429,86,4,4,0
429,207,1,1,0
429,282,1,1,0
429,327,1,0,1
429,554,1,0,1
429,408,1,1,0
429,467,2,2,0
429,503,2,1,1
429,1143,1,1,0
429,1298,3,1,1
429,2169,1,1,0
429,26,1,0,1
429,55,3,2,1
429,258,1,1,0
429,501,2,2,0
429,299,5,4,1
429,483,1,0,0
429,2526,1,1,0
429,103,1,1,0
429,359,1,0,1
429,84,1,0,1
429,106,1,0,1
429,218,1,1,0
429,508,2,1,1
429,700,3,3,0
429,2296,1,1,0
429,1062,2,2,0
429,1171,1,0,1
429,2854,1,1,0
429,2956,1,1,0
429,240,1,1,0
429,40,1,0,0
429,156,1,0,0
430,430,78,31,33
430,432,5,3,1
430,408,2,1,0
430,496,1,1,0
430,319,1,0,1
430,312,3,1,0
430,347,4,2,2
430,107,1,1,0
430,197,10,5,2
430,88,1,0,1
430,179,1,0,1
430,294,5,3,1
430,402,3,0,2
430,637,1,0,1
430,659,6,1,3
430,1,1,1,0
430,310,7,4,2
430,300,3,1,1
430,358,5,1,3
430,103,1,1,0
430,379,5,2,2
430,470,7,5,2
430,361,8,4,1
430,372,1,0,1
430,1126,1,0,1
430,1082,1,0,1
430,278,1,1,0
430,82,4,2,1
430,77,4,3,1
430,282,3,1,1
430,512,3,1,1
430,0,3,2,1
430,122,1,1,0
430,621,2,2,0
430,399,3,2,0
430,171,4,0,3
430,1276,1,0,1
430,397,2,0,2
430,143,2,0,1
430,98,3,0,1
430,215,1,1,0
430,277,4,0,2
430,395,2,2,0
430,37,3,1,0
430,40,2,1,0
430,106,1,0,1
430,376,1,0,1
430,170,1,0,1
430,59,1,1,0
430,467,1,1,0
430,461,2,0,1
430,28,2,2,0
430,144,2,1,1
430,216,3,1,2
430,256,1,0,1
430,499,1,1,0
430,321,1,1,0
430,624,4,2,1
430,678,1,1,0
430,513,3,3,0
430,81,1,0,0
430,104,4,1,1
430,238,1,0,1
430,281,2,0,2
430,413,2,2,0
430,494,2,1,0
430,30,1,0,1
430,431,2,1,1
430,299,3,1,1
430,340,1,0,1
430,7,1,1,0
430,105,2,1,1
430,18,2,1,0
430,339,3,1,2
430,148,3,2,0
430,200,2,1,1
430,31,1,1,0
430,511,2,1,0
430,359,3,2,0
430,362,2,1,1
430,675,3,2,1
430,208,1,1,0
430,349,1,1,0
430,334,7,3,1
430,471,2,0,1
430,296,4,3,0
430,1355,1,1,0
430,360,3,0,3
430,272,2,1,1
430,58,1,0,0
430,149,2,0,1
430,523,2,0,2
430,390,1,1,0
430,1091,1,1,0
430,462,1,1,0
430,386,1,1,0
430,222,2,1,1
430,439,4,1,2
430,301,1,0,1
430,297,2,0,2
430,429,2,0,1
430,109,3,2,1
430,674,1,1,0
430,498,2,0,2
430,1423,1,1,0
430,207,1,0,1
430,175,1,0,1
430,673,2,0,0
430,196,1,0,1
430,159,4,3,1
430,426,1,1,0
430,295,4,2,2
430,476,1,0,1
430,363,1,0,1
430,1046,3,1,2
430,230,3,0,2
430,176,1,1,0
430,248,1,1,0
430,381,1,0,0
430,24,1,0,1
430,685,2,1,0
430,415,1,1,0
430,534,1,0,1
430,878,1,1,0
430,700,1,0,1
430,542,1,0,1
430,1157,1,1,0
430,39,2,1,1
430,327,1,0,1
430,667,1,0,1
430,619,1,0,0
430,320,1,0,0
430,608,1,0,0
430,380,1,0,1
430,74,1,0,1
430,139,1,0,0
430,684,2,1,0
430,246,1,1,0
430,410,1,1,0
431,397,1,0,0
431,347,1,1,0
431,105,1,0,1
431,144,1,0,0
431,175,1,0,1
431,396,1,1,0
431,109,1,1,0
431,431,85,34,41
431,139,17,9,1
431,321,1,0,1
431,837,1,0,1
431,413,2,0,1
431,272,1,1,0
431,200,8,4,2
431,471,2,1,0
431,259,1,0,0
431,122,2,1,1
431,246,1,1,0
431,415,4,1,2
431,248,1,1,0
431,1179,1,1,0
431,554,12,6,6
431,361,1,1,0
431,176,3,2,1
431,300,2,0,1
431,430,1,0,1
431,240,2,1,1
431,39,1,1,0
431,608,1,1,0
431,170,2,0,2
431,619,1,1,0
431,104,4,4,0
431,395,2,2,0
431,584,1,0,0
431,621,1,0,0
431,541,2,2,0
431,1355,1,0,1
431,734,1,1,0
431,685,1,1,0
431,380,1,1,0
431,659,1,0,0
431,663,1,1,0
431,137,1,1,0
431,208,3,2,1
431,158,3,0,1
431,25,4,2,1
431,159,4,1,1
431,862,1,1,0
431,1272,1,0,1
431,215,1,0,1
431,374,2,0,0
431,317,2,1,1
431,82,1,1,0
431,432,1,1,0
431,426,2,1,1
431,273,2,1,1
431,277,1,1,0
431,30,1,0,0
431,55,1,1,0
432,432,202,110,57
432,279,4,0,2
432,144,4,4,0
432,619,17,4,8
432,498,3,2,0
432,512,5,2,0
432,240,2,0,0
432,534,2,2,0
432,912,1,0,1
432,222,7,4,2
432,380,3,1,1
432,198,1,1,0
432,661,8,4,3
432,674,6,5,0
432,462,2,0,1
432,883,1,0,1
432,461,3,0,0
432,608,1,1,0
432,659,2,1,1
432,663,4,4,0
432,496,1,0,1
432,319,2,1,0
432,1147,13,8,3
432,408,5,4,0
432,349,8,5,0
432,87,4,3,0
432,426,4,1,2
432,216,16,13,2
432,296,2,2,0
432,170,1,1,0
432,511,2,0,0
432,208,2,1,1
432,159,9,5,3
432,55,1,1,0
432,139,3,0,1
432,272,2,2,0
432,109,11,7,3
432,299,3,2,0
432,273,6,1,1
432,238,3,1,1
432,77,1,1,0
432,0,10,7,0
432,374,1,0,0
432,419,2,0,1
432,499,2,2,0
432,199,1,1,0
432,158,3,2,0
432,312,2,0,1
432,1423,2,0,1
432,137,1,0,0
432,121,1,0,1
432,171,12,8,2
432,200,3,1,1
432,362,5,3,2
432,321,2,1,0
432,360,1,1,0
432,339,2,1,0
432,82,12,11,0
432,327,5,3,2
432,246,2,1,0
432,1135,1,0,1
432,1355,8,7,0
432,334,1,0,0
432,831,6,4,1
432,429,1,1,0
432,415,1,0,0
432,294,3,2,0
432,431,1,0,1
432,685,1,0,0
432,40,3,1,0
432,397,5,2,2
432,638,1,1,0
432,554,3,2,1
432,30,7,6,0
432,492,1,0,0
432,1276,1,1,0
432,476,1,0,0
432,317,1,0,1
432,336,3,2,0
432,402,3,2,0
432,101,2,1,0
432,7,1,0,1
432,175,1,1,0
432,358,7,3,3
432,280,1,0,1
432,105,6,5,0
432,149,1,1,0
432,310,2,0,2
432,56,1,1,0
432,78,1,1,0
432,667,1,0,1
432,2534,1,1,0
432,430,1,0,1
432,467,1,0,0
432,675,2,1,1
432,471,1,1,0
432,230,2,1,1
432,145,1,1,0
432,104,3,1,2
432,300,6,2,3
432,278,1,1,0
432,717,1,1,0
432,103,1,0,1
432,621,1,1,0
432,945,2,1,1
432,637,1,0,0
432,84,1,1,0
432,542,1,1,0
433,430,3,0,0
433,349,3,1,0
433,621,1,1,0
433,637,1,0,0
433,60,1,1,0
433,396,2,0,0
433,663,1,1,0
433,652,1,1,0
433,171,3,1,0
433,1032,1,0,1
433,358,1,1,0
433,179,2,2,0
433,109,1,0,0
433,362,1,1,0
433,18,1,1,0
433,101,5,3,1
433,137,3,1,0
433,74,1,1,0
433,360,1,1,0
433,379,2,1,0
433,216,2,0,1
433,426,4,3,0
433,145,1,0,0
433,513,1,0,0
433,31,1,1,0
433,39,1,0,1
433,184,2,2,0
433,374,1,1,0
433,176,2,1,0
433,862,1,1,0
433,300,1,0,1
433,40,1,1,0
433,336,2,1,1
433,246,5,2,1
433,608,1,0,0
433,667,2,1,0
433,945,2,1,0
433,59,1,1,0
433,199,1,0,1
433,431,3,0,1
433,314,1,1,0
433,36,1,0,1
433,296,1,1,0
433,240,3,0,1
433,273,1,1,0
433,1423,2,1,1
433,7,3,1,1
433,159,1,1,0
433,512,1,1,0
433,24,1,1,0
433,19,3,1,1
433,347,1,0,0
433,674,2,1,0
433,8,2,0,0
433,104,1,0,0
433,304,1,0,0
433,82,1,1,0
433,281,1,0,0
433,395,2,1,0
433,1195,1,1,0
433,197,2,1,0
433,234,1,1,0
433,158,3,2,1
433,402,1,1,0
433,334,1,1,0
433,439,1,0,0
433,299,2,2,0
433,222,1,1,0
433,678,1,1,0
433,1236,2,2,0
433,105,3,1,0
433,1,1,1,0
433,144,1,0,0
433,121,1,1,0
433,16,1,1,0
433,1717,1,0,0
433,98,1,1,0
433,429,1,0,0
433,734,1,0,0
433,169,1,0,0
433,333,1,1,0
433,256,1,0,0
433,149,1,0,0
433,75,1,1,0
433,511,1,1,0
433,361,2,1,0
433,419,2,1,1
433,148,2,1,1
433,770,2,1,1
433,854,1,0,0
433,1272,2,0,1
433,215,1,1,0
433,97,1,1,0
433,53,1,1,0
433,25,1,0,1
433,948,1,1,0
433,541,1,0,0
433,259,1,0,0
433,277,1,1,0
433,878,1,1,0
433,930,1,0,0
433,139,1,1,0
433,200,1,1,0
433,2534,1,0,0
433,196,1,1,0
433,23,1,1,0
433,28,1,1,0
434,430,1,1,0
435,430,1,1,0
435,197,1,1,0
435,168,1,0,0
435,56,1,1,0
435,170,1,1,0
435,281,1,0,1
435,300,1,0,1
435,277,1,0,0
435,58,1,1,0
435,104,2,1,1
435,256,1,1,0
435,23,1,0,1
435,230,1,1,0
435,1166,1,1,0
435,199,2,1,1
435,81,1,1,0
435,51,3,2,1
435,198,1,1,0
435,179,1,0,0
435,716,1,1,0
435,143,1,1,0
435,83,1,1,0
436,430,1,1,0
436,706,1,0,1
436,1272,1,1,0
437,430,1,0,0
438,430,1,0,0
438,2169,1,0,1
438,74,1,1,0
438,2935,1,1,0
439,431,1,1,0
439,439,39,11,25
439,476,1,0,0
439,912,1,0,0
439,278,2,0,2
439,379,3,1,2
439,106,1,1,0
439,31,2,1,1
439,347,1,0,1
439,1102,1,0,1
439,972,1,1,0
439,684,11,2,7
439,105,1,1,0
439,149,1,1,0
439,494,1,0,0
439,234,1,1,0
439,512,1,1,0
439,294,4,1,3
439,87,1,1,0
439,341,1,1,0
439,621,1,0,0
439,499,1,1,0
439,432,2,2,0
439,310,1,1,0
439,179,1,0,0
439,230,2,1,0
439,685,9,2,6
439,215,1,0,0
439,513,1,1,0
439,380,3,2,1
439,619,3,2,0
439,340,1,0,1
439,320,1,1,0
439,358,2,0,0
439,167,1,0,1
439,272,1,0,1
439,429,1,0,0
439,222,1,0,1
439,659,5,0,3
439,579,2,0,2
439,430,8,1,5
439,1276,1,1,0
439,652,1,0,0
439,218,1,1,0
439,33,1,1,0
439,376,1,0,1
439,339,1,0,0
439,361,1,1,0
439,301,1,0,1
439,74,1,1,0
439,2534,1,0,1
439,413,1,0,1
439,399,1,0,1
439,296,1,0,0
439,256,1,0,0
439,374,1,0,1
439,176,1,0,1
439,137,1,0,1
439,24,2,0,2
439,277,1,0,1
439,103,2,0,2
439,197,1,0,0
439,695,1,0,1
439,259,1,0,1
439,372,1,1,0
439,299,1,1,0
439,216,1,1,0
439,7,1,0,1
440,88,3,2,0
440,82,1,1,0
440,430,1,1,0
440,16,2,2,0
440,300,1,1,0
440,169,1,1,0
440,238,2,2,0
440,296,2,2,0
440,713,1,1,0
440,246,1,1,0
440,36,1,0,1
440,148,1,1,0
440,792,1,0,1
440,1267,1,0,1
440,199,1,1,0
440,8,1,1,0
440,646,1,0,1
440,930,1,1,0
440,661,1,1,0
441,88,2,1,1
441,31,1,1,0
441,30,1,0,1
441,15,1,1,0
442,88,2,1,1
442,256,1,1,0
442,24,1,1,0
442,339,1,1,0
442,246,1,1,0
442,21,1,1,0
442,18,1,1,0
442,137,1,1,0
442,240,1,1,0
442,74,2,2,0
442,103,1,1,0
442,430,1,1,0
442,216,1,1,0
442,327,1,1,0
442,184,1,1,0
442,461,1,1,0
442,541,1,1,0
442,579,1,1,0
442,14,1,1,0
442,59,1,1,0
442,324,1,1,0
442,169,1,0,0
442,57,1,0,1
442,431,1,0,0
442,17,1,1,0
442,381,1,1,0
442,300,1,0,1
442,294,1,0,1
442,9,1,1,0
442,0,1,0,1
442,144,1,0,1
442,2308,1,1,0
442,1142,1,1,0
442,259,1,0,1
442,333,1,1,0
442,28,1,0,1
443,88,1,1,0
443,26,1,0,1
443,471,1,1,0
443,273,1,1,0
443,327,1,1,0
443,609,1,0,1
443,8,1,0,0
443,231,1,0,1
443,53,1,1,0
443,318,1,0,1
444,88,1,1,0
445,99,1,1,0
445,207,4,3,1
445,310,11,5,5
445,81,2,1,1
445,399,6,3,2
445,513,2,1,1
445,501,1,1,0
445,445,22,12,9
445,972,1,1,0
445,19,3,2,0
445,339,1,1,0
445,215,1,1,0
445,52,6,4,2
445,106,2,1,1
445,32,1,0,1
445,26,1,0,1
445,336,2,0,2
445,700,2,0,1
445,432,1,1,0
445,39,3,1,1
445,1718,1,0,1
445,439,3,2,0
445,912,1,1,0
445,51,1,0,0
445,314,1,1,0
445,107,1,1,0
445,121,1,1,0
445,467,1,1,0
445,115,1,0,1
445,390,4,1,1
445,240,1,1,0
445,158,1,0,1
445,87,2,1,1
445,104,1,1,0
445,55,1,1,0
445,381,1,0,1
445,57,1,1,0
445,238,4,3,1
445,144,1,0,1
445,277,2,0,1
445,103,1,1,0
445,77,2,0,2
445,282,2,2,0
445,297,1,1,0
445,294,2,1,1
445,311,1,1,0
445,248,1,1,0
445,256,1,0,1
445,246,1,1,0
445,414,1,0,1
445,36,1,1,0
445,28,1,0,0
445,168,5,1,4
445,347,6,1,3
445,197,1,1,0
445,494,2,1,0
445,230,2,1,0
445,608,2,1,1
445,259,1,1,0
445,508,1,0,0
445,483,2,1,1
445,149,2,1,1
445,1088,1,0,1
445,24,2,1,0
445,88,1,1,0
445,199,1,0,1
445,770,4,3,1
445,53,1,1,0
445,1171,1,0,1
445,76,1,1,0
445,523,1,0,1
445,97,1,0,1
445,222,1,0,1
445,361,2,0,2
445,781,2,2,0
445,17,1,1,0
445,84,1,0,1
445,379,1,1,0
445,22,1,0,1
445,2526,1,1,0
445,2820,1,0,1
445,93,1,1,0
445,340,1,1,0
445,1357,1,1,0
445,279,1,1,0
445,2639,1,0,1
445,492,1,0,1
445,0,2,1,0
445,179,1,0,0
445,637,1,0,0
445,646,1,0,0
445,301,1,1,0
445,159,1,1,0
446,333,2,2,0
446,272,1,1,0
446,121,1,1,0
446,301,1,0,0
446,361,1,1,0
446,36,2,2,0
446,169,1,1,0
446,74,2,2,0
446,56,1,1,0
446,144,2,2,0
446,9,1,1,0
446,216,2,2,0
446,256,1,1,0
446,16,1,1,0
446,143,1,1,0
446,311,1,1,0
446,51,1,1,0
446,87,2,0,1
446,379,1,1,0
446,28,2,2,0
446,105,2,2,0
446,88,2,2,0
446,156,2,2,0
446,76,1,1,0
446,11,1,1,0
446,148,1,1,0
446,200,1,1,0
446,296,1,1,0
446,258,1,1,0
446,410,1,1,0
446,359,1,1,0
446,1717,2,0,1
446,281,1,1,0
446,341,1,1,0
446,101,1,1,0
446,18,1,1,0
446,59,1,1,0
446,218,1,1,0
446,207,1,1,0
446,98,1,1,0
446,171,1,1,0
446,170,1,1,0
446,34,1,1,0
446,792,2,2,0
446,53,1,1,0
446,97,1,0,1
446,646,1,1,0
446,854,2,1,1
447,333,1,1,0
447,171,1,1,0
447,295,1,1,0
447,321,1,1,0
447,19,1,1,0
447,609,1,1,0
448,333,1,1,0
448,75,1,0,1
448,240,1,1,0
448,200,1,0,1
448,31,3,2,1
448,381,1,0,1
448,511,1,0,0
448,171,1,1,0
448,196,1,1,0
448,143,1,0,1
448,101,1,1,0
448,17,1,0,1
448,33,1,0,0
448,36,1,1,0
449,93,1,1,0
449,12,2,2,0
449,145,1,1,0
449,7,1,1,0
449,216,1,0,0
449,81,1,1,0
449,143,1,1,0
449,28,1,1,0
449,57,1,0,0
449,234,1,1,0
449,334,1,1,0
449,471,1,1,0
449,1,1,1,0
449,101,1,0,1
449,26,1,1,0
449,200,1,1,0
449,2,1,1,0
449,107,1,1,0
449,281,1,1,0
449,179,1,0,1
449,646,1,0,0
449,199,1,1,0
449,137,1,1,0
449,118,1,0,1
449,53,2,0,2
449,716,1,1,0
450,93,1,1,0
450,51,2,2,0
450,74,1,1,0
450,9,1,1,0
450,98,1,0,0
450,12,2,1,1
450,512,2,0,1
450,171,1,1,0
450,296,2,2,0
450,324,1,1,0
450,16,1,1,0
450,317,1,1,0
450,430,1,1,0
451,93,1,1,0
451,59,1,1,0
451,256,1,1,0
451,280,1,0,1
451,98,1,1,0
451,461,1,1,0
451,327,1,1,0
451,84,1,1,0
451,341,1,0,1
451,159,1,1,0
451,36,1,1,0
451,40,1,0,1
451,772,1,0,1
451,310,1,1,0
451,8,1,1,0
451,294,1,0,1
451,179,1,0,1
451,231,1,1,0
452,156,1,0,0
452,282,1,1,0
452,16,3,0,2
452,145,1,1,0
452,85,2,1,0
452,347,1,0,1
452,101,3,0,0
452,83,1,0,0
452,115,1,1,0
452,199,3,1,0
452,523,1,0,0
452,31,1,1,0
452,18,1,1,0
452,327,1,1,0
452,158,1,1,0
452,296,1,0,0
452,176,1,0,0
452,103,1,0,0
452,492,1,0,1
452,208,1,0,0
452,256,1,0,0
452,1267,1,1,0
452,30,1,0,1
452,19,1,0,0
452,609,2,1,0
452,706,1,1,0
452,139,1,0,0
452,399,1,0,0
452,734,1,0,0
452,688,1,0,0
452,816,1,0,0
452,222,1,0,0
453,60,1,1,0
453,171,1,1,0
453,107,1,0,0
453,31,1,1,0
453,28,1,1,0
453,300,1,0,0
453,215,1,1,0
453,333,1,1,0
453,2,1,1,0
453,101,1,1,0
453,312,1,1,0
453,58,1,0,1
453,16,1,0,1
453,222,1,0,0
453,74,1,1,0
454,60,1,1,0
454,397,1,1,0
454,511,1,1,0
454,494,1,1,0
454,883,1,1,0
454,171,1,1,0
454,109,1,0,1
454,347,1,1,0
454,273,1,0,1
454,248,1,0,1
454,179,1,1,0
454,216,1,0,1
454,19,1,1,0
454,17,1,1,0
454,39,1,1,0
454,310,1,0,1
455,282,2,1,0
455,432,1,1,0
455,208,1,1,0
455,37,1,1,0
455,1031,1,0,1
455,84,2,0,2
455,2,1,0,1
455,277,1,1,0
455,9,3,2,1
455,61,2,2,0
455,215,1,1,0
455,40,4,1,1
455,200,2,2,0
455,279,1,1,0
455,157,1,1,0
455,663,1,1,0
455,1147,1,1,0
455,379,2,2,0
455,318,1,1,0
455,816,1,1,0
455,87,3,3,0
455,24,1,1,0
455,105,1,1,0
455,238,1,1,0
455,492,1,1,0
455,429,1,1,0
455,147,2,2,0
455,16,2,1,1
455,81,1,1,0
455,101,2,1,0
455,8,2,1,1
455,33,1,1,0
455,146,3,1,2
455,467,1,0,1
455,207,1,1,0
455,483,1,1,0
455,75,2,2,0
455,30,2,2,0
455,25,2,1,1
455,23,1,1,0
455,19,3,2,1
455,31,1,1,0
455,22,1,1,0
455,1,2,1,1
455,88,1,0,1
455,294,1,1,0
455,18,2,1,1
455,83,1,0,1
455,512,1,0,0
455,2169,1,1,0
455,60,1,1,0
455,494,1,0,1
455,77,1,0,1
455,85,1,0,1
455,17,2,1,1
455,52,1,0,0
455,381,1,0,0
455,925,1,1,0
455,26,1,1,0
455,55,1,0,1
455,99,1,0,1
455,248,1,1,0
456,282,1,1,0
456,321,2,0,1
456,230,1,0,1
456,430,1,0,1
456,56,1,0,1
456,293,1,0,1
456,379,1,1,0
456,256,1,1,0
456,25,1,1,0
456,667,1,1,0
456,426,1,1,0
456,381,1,1,0
456,21,1,1,0
456,901,1,0,1
456,9,1,0,1
457,282,1,1,0
457,148,1,1,0
457,31,1,1,0
457,280,2,0,2
457,320,1,0,1
457,432,1,0,1
457,145,2,1,1
457,312,1,0,1
457,143,1,1,0
457,230,1,0,1
457,296,1,1,0
457,940,1,0,1
457,513,1,0,1
457,259,1,1,0
457,137,1,1,0
457,159,3,2,1
457,492,1,1,0
457,170,2,1,1
457,277,1,1,0
457,156,1,1,0
457,240,1,1,0
457,106,3,1,2
457,179,2,1,1
457,467,1,1,0
457,34,2,2,0
457,24,1,0,1
457,104,1,1,0
457,430,1,1,0
457,374,1,0,1
457,25,1,1,0
457,57,3,1,2
457,584,1,1,0
457,11,1,1,0
457,678,1,0,1
457,22,1,1,0
457,77,1,1,0
457,9,3,1,2
457,196,1,1,0
457,23,1,0,1
457,97,1,0,1
457,17,2,1,1
457,101,1,1,0
457,692,2,1,1
457,53,3,1,2
457,167,1,0,1
457,26,2,2,0
457,534,1,1,0
457,7,1,0,1
457,51,2,1,1
457,341,1,1,0
457,168,1,0,1
457,147,1,1,0
457,207,1,1,0
457,293,1,1,0
457,215,1,0,0
457,56,1,1,0
457,15,1,1,0
457,666,1,0,1
457,36,1,1,0
457,695,2,0,2
457,2861,1,0,1
457,61,1,1,0
457,281,1,1,0
457,8,3,1,2
457,58,1,0,1
457,16,1,0,1
457,646,2,1,0
457,779,2,1,1
457,0,1,0,1
457,103,1,0,1
458,282,1,1,0
458,215,1,1,0
458,18,1,1,0
458,196,1,1,0
458,107,1,1,0
458,256,1,0,0
458,429,1,0,1
458,51,1,1,0
458,278,1,0,0
458,34,1,1,0
458,17,1,1,0
458,12,1,1,0
459,216,1,0,0
459,415,2,1,1
459,9,2,1,0
459,667,1,0,1
459,678,1,1,0
459,87,3,2,1
459,88,1,1,0
459,1,1,1,0
459,60,1,1,0
459,19,3,3,0
459,402,2,1,1
459,1203,1,0,0
459,256,1,0,0
459,176,1,1,0
459,311,1,1,0
459,156,1,0,1
459,34,1,1,0
459,147,1,1,0
459,26,1,0,1
459,646,1,1,0
459,81,1,0,0
459,317,1,0,1
459,374,1,0,1
459,22,1,0,1
459,77,1,0,1
459,53,1,1,0
459,734,1,0,0
459,28,2,0,2
459,21,1,1,0
459,273,1,1,0
459,78,1,1,0
459,143,1,1,0
459,16,1,0,1
459,781,1,1,0
459,93,1,0,1
459,200,3,1,0
459,59,1,1,0
459,498,1,0,0
459,55,1,1,0
459,159,1,0,0
459,170,1,1,0
459,230,1,0,1
459,61,1,1,0
460,216,2,2,0
460,39,1,1,0
460,445,1,0,1
460,103,1,1,0
460,143,1,1,0
460,339,1,0,0
460,106,1,1,0
460,105,2,0,1
460,179,1,0,0
460,518,1,0,0
460,16,1,1,0
460,1,1,1,0
460,197,1,1,0
460,24,1,1,0
460,121,1,1,0
460,146,1,1,0
460,25,1,1,0
460,779,2,1,0
460,28,1,1,0
460,88,2,1,1
460,327,2,0,2
460,171,1,1,0
460,17,1,1,0
460,258,1,1,0
460,20,2,1,0
460,53,2,2,0
460,51,1,1,0
460,59,1,0,0
460,311,1,1,0
460,26,1,1,0
460,77,2,1,1
460,272,1,1,0
460,58,1,1,0
460,159,1,1,0
460,74,1,0,1
460,256,1,1,0
460,21,1,1,0
460,198,1,0,0
460,109,1,1,0
461,216,3,3,0
461,256,1,1,0
461,148,1,1,0
461,513,21,7,12
461,467,1,0,0
461,584,2,2,0
461,461,109,42,49
461,380,5,3,2
461,542,1,0,0
461,175,3,3,0
461,395,2,2,0
461,432,5,2,1
461,399,2,0,2
461,40,9,3,5
461,426,5,5,0
461,109,1,0,0
461,295,2,2,0
461,296,4,2,1
461,640,1,1,0
461,1,2,1,0
461,23,1,1,0
461,379,2,1,1
461,282,1,1,0
461,476,3,1,1
461,390,1,0,1
461,862,1,0,0
461,1171,1,1,0
461,339,3,0,1
461,471,3,0,2
461,579,1,1,0
461,349,2,1,0
461,621,4,2,1
461,918,3,0,3
461,105,6,6,0
461,281,1,1,0
461,197,1,1,0
461,327,1,0,1
461,408,1,1,0
461,334,1,0,1
461,273,1,1,0
461,653,4,3,1
461,300,3,1,1
461,333,1,1,0
461,498,1,1,0
461,492,1,1,0
461,608,2,1,0
461,445,1,1,0
461,32,1,0,1
461,8,1,1,0
461,272,3,1,1
461,410,1,1,0
461,321,1,1,0
461,624,2,1,0
461,52,1,1,0
461,512,2,1,0
461,912,1,1,0
461,415,1,0,0
461,659,1,1,0
461,376,1,0,0
461,101,2,2,0
461,104,3,2,1
461,470,1,1,0
461,207,1,1,0
461,362,1,1,0
461,278,3,1,2
461,431,2,2,0
461,678,1,1,0
461,39,1,0,1
461,230,2,1,1
461,619,2,1,1
461,56,1,0,1
461,137,4,1,3
461,360,2,0,1
461,158,1,1,0
461,77,2,1,1
461,413,1,0,1
461,13,2,2,0
461,310,2,2,0
461,99,1,1,0
461,200,3,2,1
461,336,1,1,0
461,170,2,1,1
461,26,1,1,0
461,741,1,1,0
461,925,1,1,0
461,19,1,1,0
461,20,1,1,0
461,430,1,1,0
461,317,4,1,1
461,121,1,0,1
461,301,1,0,1
461,28,3,0,3
461,402,1,0,1
461,167,1,0,0
461,208,5,5,0
461,238,1,0,1
461,84,2,2,0
461,176,2,2,0
461,122,1,0,0
461,159,2,2,0
461,57,2,0,2
461,508,1,0,1
462,216,3,3,0
462,36,1,0,0
462,511,1,1,0
462,1147,1,0,0
462,492,1,0,0
462,579,1,1,0
462,462,14,9,5
462,945,5,4,0
462,145,1,1,0
462,77,1,1,0
462,282,1,1,0
462,624,1,1,0
462,678,1,1,0
462,317,1,1,0
462,336,1,1,0
462,240,1,1,0
462,1236,2,1,1
462,912,1,1,0
462,358,1,1,0
462,0,1,1,0
462,171,3,2,1
462,408,1,0,0
462,501,1,0,0
462,534,1,1,0
462,334,2,1,0
462,324,1,0,0
462,673,1,1,0
462,432,1,0,1
462,584,1,0,0
462,157,1,0,0
462,659,1,1,0
462,208,1,0,0
462,554,1,0,0
462,661,2,2,0
462,97,1,1,0
462,31,1,0,1
463,216,1,0,0
463,410,1,1,0
463,105,1,1,0
463,156,2,2,0
463,319,1,1,0
463,304,1,0,1
463,56,2,2,0
463,471,1,1,0
463,137,1,0,0
463,51,3,3,0
463,7,2,2,0
463,779,1,1,0
463,103,1,1,0
463,39,1,1,0
463,18,1,1,0
463,58,1,1,0
463,215,1,1,0
463,296,1,0,1
463,333,2,2,0
463,256,2,1,0
463,327,1,1,0
463,501,1,1,0
463,85,1,1,0
463,439,1,0,0
463,31,2,1,1
463,402,1,1,0
463,624,1,0,0
463,321,1,0,0
463,19,3,2,1
463,200,1,0,0
463,912,1,0,0
463,23,2,2,0
463,25,2,1,1
463,74,4,4,0
463,334,2,1,0
463,652,1,1,0
463,511,1,1,0
463,24,1,1,0
463,144,1,0,0
463,81,1,1,0
463,659,1,0,0
463,1,1,1,0
463,26,2,2,0
463,170,2,2,0
463,168,1,1,0
463,560,1,1,0
463,107,1,1,0
463,76,1,1,0
463,379,1,0,0
463,688,1,1,0
463,692,2,1,0
463,21,1,1,0
463,238,2,1,1
463,339,1,1,0
463,399,1,0,0
463,272,1,0,1
463,59,1,1,0
463,432,1,1,0
463,878,1,1,0
463,426,1,1,0
463,280,1,1,0
463,93,1,1,0
463,145,1,1,0
463,314,1,1,0
463,850,1,1,0
463,430,1,1,0
463,2820,1,1,0
463,310,1,0,0
463,542,1,1,0
463,2296,1,0,1
463,1357,1,1,0
463,2854,2,1,0
463,2935,1,0,1
463,301,2,1,1
463,121,2,1,1
463,374,1,1,0
463,179,1,0,1
463,431,1,0,0
463,57,1,1,0
463,2,1,1,0
463,33,1,1,0
464,296,2,0,0
464,295,1,0,0
464,105,2,1,0
464,246,1,0,0
464,640,1,0,0
464,74,2,0,0
464,7,2,0,0
464,260,1,1,0
464,339,1,0,0
464,52,1,1,0
464,184,1,1,0
464,171,1,0,0
464,471,1,0,0
464,176,1,0,0
464,259,1,0,0
464,208,1,0,0
464,415,1,0,0
464,83,1,1,0
464,240,1,1,0
464,277,1,0,0
464,179,2,2,0
464,461,1,0,1
464,238,1,0,1
464,222,1,0,0
464,638,1,0,0
464,159,1,0,0
464,16,1,0,0
464,115,1,0,1
464,1362,1,0,0
464,30,1,1,0
464,301,1,0,0
464,706,1,1,0
464,792,1,0,1
464,281,2,0,0
464,310,1,0,0
464,81,1,0,0
464,695,1,0,1
464,294,1,0,0
464,215,1,0,0
464,279,1,0,1
464,157,1,1,0
464,104,1,1,0
464,816,2,1,1
464,87,1,0,0
464,311,1,0,0
464,8,1,0,0
464,381,1,0,0
464,692,2,0,0
464,314,1,0,0
464,430,1,0,0
465,76,1,1,0
465,104,1,0,1
465,508,1,0,1
465,28,1,1,0
465,75,1,1,0
465,21,1,1,0
465,295,1,1,0
465,30,1,1,0
465,158,1,0,0
465,168,1,0,0
465,218,1,0,1
465,171,1,1,0
466,12,1,0,0
466,410,1,0,0
466,362,1,1,0
466,74,1,0,0
466,402,1,0,0
466,105,1,0,0
466,170,1,1,0
466,324,1,0,0
466,258,1,0,0
466,159,1,0,0
466,97,1,1,0
466,734,1,1,0
466,580,1,0,0
467,56,2,1,1
467,637,1,1,0
467,81,1,1,0
467,137,3,1,1
467,60,2,1,1
467,59,1,0,0
467,246,2,1,1
467,513,2,2,0
467,31,2,2,0
467,347,1,1,0
467,619,1,0,1
467,372,1,0,1
467,103,3,1,1
467,467,135,55,63
467,282,2,1,1
467,19,2,1,1
467,1113,1,1,0
467,148,1,0,1
467,429,2,1,1
467,511,3,1,1
467,621,1,0,0
467,32,1,0,0
467,34,7,0,6
467,9,2,2,0
467,215,1,0,1
467,40,1,0,1
467,158,9,2,5
467,707,3,2,1
467,542,2,1,1
467,1062,1,1,0
467,8,2,0,2
467,523,2,2,0
467,327,3,2,0
467,741,2,0,2
467,402,2,2,0
467,816,1,1,0
467,157,1,1,0
467,854,4,3,1
467,850,1,1,0
467,101,3,1,1
467,624,1,0,0
467,208,1,1,0
467,0,2,2,0
467,492,1,0,1
467,494,1,0,1
467,584,3,2,1
467,912,1,1,0
467,674,1,0,0
467,36,2,2,0
467,310,2,1,1
467,360,2,0,0
467,638,7,1,4
467,534,4,1,1
467,230,2,2,0
467,579,2,0,2
467,299,2,2,0
467,362,2,0,1
467,272,1,1,0
467,84,4,2,1
467,52,1,1,0
467,240,2,2,0
467,200,3,0,3
467,13,1,1,0
467,175,3,1,2
467,831,1,0,0
467,430,1,0,0
467,349,1,0,1
467,139,1,1,0
467,415,1,1,0
467,321,1,1,0
467,123,1,1,0
467,296,1,0,1
467,2,1,1,0
467,218,2,2,0
467,16,1,1,0
467,171,2,0,1
467,792,1,1,0
467,277,1,1,0
467,105,2,2,0
467,312,1,0,1
467,1276,1,1,0
467,734,2,0,2
467,93,2,2,0
467,156,1,1,0
467,147,5,2,2
467,501,2,2,0
467,503,1,1,0
467,483,3,2,1
467,18,2,1,1
467,379,2,1,1
467,207,1,0,1
467,1046,1,1,0
467,145,2,0,1
467,408,1,0,0
467,30,2,2,0
467,143,2,1,1
467,1272,1,1,0
467,1127,1,0,1
467,2656,1,1,0
467,87,1,0,1
467,216,1,0,0
467,51,1,0,0
467,878,1,1,0
467,256,1,0,1
467,159,2,2,0
467,318,1,1,0
467,554,1,0,1
467,297,1,0,1
467,918,1,0,1
467,461,1,0,1
467,319,1,0,1
467,508,1,0,1
467,2296,1,0,1
467,61,1,0,0
467,77,1,1,0
467,419,1,1,0
467,692,2,2,0
467,770,1,0,1
467,26,1,1,0
467,281,2,1,1
467,198,1,0,1
467,659,1,1,0
467,646,1,0,0
467,779,2,1,1
467,361,1,0,1
467,28,1,0,1
467,2534,1,0,1
468,56,1,1,0
468,149,1,1,0
468,390,1,1,0
468,579,1,1,0
468,17,5,3,1
468,218,4,3,1
468,137,6,4,1
468,199,4,2,0
468,638,1,1,0
468,246,1,1,0
468,31,3,3,0
468,467,1,1,0
468,25,2,1,1
468,713,1,1,0
468,2,6,6,0
468,144,2,1,0
468,430,1,1,0
468,74,1,1,0
468,21,3,2,1
468,157,1,1,0
468,222,1,1,0
468,24,6,5,0
468,87,6,3,3
468,84,2,1,1
468,8,4,4,0
468,12,4,1,2
468,147,2,1,1
468,82,4,3,0
468,277,2,2,0
468,619,1,1,0
468,105,1,0,1
468,310,1,1,0
468,159,2,2,0
468,77,4,2,1
468,16,2,2,0
468,75,2,2,0
468,15,1,1,0
468,321,2,2,0
468,376,1,1,0
468,26,1,1,0
468,18,1,1,0
468,358,1,0,1
468,258,2,1,0
468,296,1,0,1
468,985,1,1,0
468,104,2,1,1
468,327,1,1,0
468,408,1,1,0
468,324,1,1,0
468,304,1,1,0
468,318,1,0,0
468,240,1,1,0
468,61,2,1,1
468,379,2,1,1
468,492,1,1,0
468,175,2,2,0
468,148,2,2,0
468,461,1,1,0
468,349,1,0,0
468,234,2,2,0
468,317,1,1,0
468,78,1,1,0
468,301,1,1,0
468,7,1,0,1
468,60,3,2,1
468,143,2,1,1
468,259,1,0,1
468,523,1,1,0
468,692,4,3,0
468,28,4,2,1
468,88,1,1,0
468,156,2,1,0
468,9,3,1,2
468,781,1,0,1
468,609,1,0,1
468,196,1,1,0
468,272,1,1,0
468,256,3,1,2
468,37,2,2,0
468,200,1,0,1
468,123,2,0,2
468,238,2,0,1
468,107,1,1,0
468,30,1,1,0
468,415,2,1,1
468,925,1,0,0
468,295,1,1,0
468,51,1,1,0
468,81,1,0,1
468,85,3,1,2
468,22,1,1,0
468,19,2,1,0
468,476,1,0,1
468,554,1,1,0
468,359,2,0,2
468,1021,1,1,0
468,59,2,1,0
468,145,1,1,0
468,294,3,3,0
468,215,2,1,1
468,280,1,1,0
468,115,1,0,0
468,55,2,2,0
468,14,1,0,0
468,184,1,1,0
468,381,1,1,0
468,311,1,1,0
468,901,1,1,0
468,106,1,1,0
468,534,1,1,0
468,86,1,1,0
468,1119,1,1,0
468,2296,3,2,0
468,2854,1,1,0
468,2860,1,1,0
468,171,1,0,1
468,688,1,1,0
468,695,1,1,0
468,231,1,1,0
468,333,1,0,1
468,76,1,1,0
468,297,1,0,1
469,56,1,1,0
469,301,1,0,0
469,281,1,0,1
469,333,1,0,1
469,147,1,1,0
469,419,1,1,0
469,240,1,0,0
469,430,1,1,0
469,429,1,1,0
469,170,1,1,0
469,77,1,1,0
469,238,1,1,0
469,105,1,1,0
470,498,2,1,1
470,467,2,1,0
470,470,22,14,6
470,347,1,0,1
470,414,1,0,1
470,84,1,1,0
470,23,1,0,1
470,281,1,1,0
470,57,1,1,0
470,106,2,0,1
470,31,1,0,1
470,684,5,2,2
470,1062,1,1,0
470,16,1,0,0
470,1,1,1,0
470,912,1,1,0
470,640,1,1,0
470,430,1,0,1
470,320,1,0,0
470,171,1,0,0
470,175,1,1,0
470,327,1,0,1
470,379,1,1,0
470,312,1,1,0
470,300,1,1,0
470,646,1,0,1
470,685,1,1,0
471,432,27,19,3
471,621,6,3,1
471,674,5,2,2
471,81,4,2,1
471,304,2,1,0
471,512,3,1,1
471,200,9,8,0
471,431,3,2,1
471,349,4,3,0
471,471,76,43,23
471,654,1,0,0
471,222,6,5,0
471,321,3,0,3
471,414,1,0,0
471,713,1,0,1
471,625,1,1,0
471,372,2,0,1
471,87,3,2,1
471,430,5,1,1
471,76,1,1,0
471,246,1,0,0
471,297,4,2,2
471,402,17,9,4
471,25,3,1,2
471,208,4,3,0
471,300,16,10,5
471,277,2,1,1
471,109,11,5,4
471,31,3,2,0
471,580,1,0,1
471,334,5,3,1
471,170,7,5,1
471,511,1,0,1
471,499,1,0,1
471,1102,2,2,0
471,317,1,1,0
471,216,6,4,2
471,256,5,1,4
471,470,1,1,0
471,327,5,1,2
471,24,2,1,1
471,103,2,2,0
471,282,1,0,1
471,272,6,4,2
471,145,1,0,0
471,143,1,1,0
471,534,4,2,2
471,584,2,1,0
471,918,1,1,0
471,439,2,0,1
471,461,6,3,2
471,637,1,1,0
471,1276,3,2,0
471,175,4,1,2
471,358,7,2,4
471,171,2,0,0
471,158,4,4,0
471,311,1,1,0
471,397,6,4,0
471,18,1,1,0
471,30,10,7,3
471,85,1,1,0
471,854,2,1,1
471,413,3,3,0
471,663,4,4,0
471,101,4,3,1
471,7,1,1,0
471,159,4,2,1
471,144,6,4,2
471,426,10,6,2
471,661,3,2,1
471,462,1,1,0
471,105,11,10,0
471,169,1,0,1
471,513,2,2,0
471,176,3,1,1
471,429,1,1,0
471,624,1,1,0
471,84,4,1,1
471,494,2,2,0
471,396,1,0,0
471,675,1,0,0
471,230,7,2,2
471,912,2,0,1
471,659,2,1,0
471,296,1,1,0
471,147,1,1,0
471,336,2,2,0
471,374,1,0,0
471,0,6,3,2
471,399,3,2,0
471,199,2,1,0
471,238,4,3,0
471,179,1,1,0
471,77,4,1,2
471,82,7,4,3
471,240,3,0,3
471,554,4,3,0
471,294,2,0,0
471,310,1,1,0
471,339,1,1,0
471,419,1,0,1
471,312,2,1,1
471,32,2,2,0
471,579,1,1,0
471,1147,3,1,0
471,273,2,2,0
471,9,1,0,0
471,816,10,6,4
471,581,1,1,0
471,281,1,1,0
471,379,4,1,2
471,619,2,2,0
471,293,1,1,0
471,362,3,1,1
471,149,1,1,0
471,706,1,1,0
471,925,1,1,0
471,930,1,0,0
471,777,1,0,1
471,104,1,0,1
471,1133,1,1,0
471,906,1,1,0
471,542,1,0,1
471,815,1,0,1
471,734,1,0,1
471,678,1,1,0
471,39,1,1,0
471,137,1,1,0
471,57,1,0,1
471,467,1,0,1
471,638,3,1,1
471,1135,1,1,0
471,207,1,1,0
471,498,3,1,0
471,523,1,1,0
471,148,3,2,1
471,115,1,1,0
471,359,1,0,1
471,770,1,1,0
471,508,1,0,1
471,19,2,0,1
471,688,1,1,0
471,347,1,0,1
471,2945,1,1,0
471,16,1,0,0
471,318,1,0,1
471,22,1,1,0
471,122,1,1,0
471,146,1,1,0
471,684,1,0,1
471,445,1,0,0
471,299,1,0,0
471,415,1,1,0
471,156,1,1,0
472,121,1,1,0
472,78,1,0,1
472,106,1,1,0
472,317,1,0,1
472,156,1,1,0
472,31,1,0,1
472,17,1,1,0
472,358,1,1,0
472,341,1,1,0
472,11,1,1,0
472,19,1,0,1
472,53,1,1,0
472,336,1,0,1
472,646,1,1,0
472,18,1,0,1
472,199,2,2,0
472,399,1,0,1
472,692,1,1,0
473,121,1,1,0
473,327,1,1,0
473,415,1,0,0
473,755,1,1,0
473,462,1,1,0
473,40,1,1,0
473,772,1,0,0
473,18,1,1,0
473,277,1,1,0
473,84,2,2,0
473,33,1,1,0
473,399,1,1,0
473,87,1,1,0
473,145,1,1,0
473,176,1,1,0
473,707,1,0,1
473,179,1,1,0
473,59,1,1,0
473,280,1,1,0
473,37,1,0,1
473,310,1,1,0
473,13,1,1,0
473,143,1,1,0
473,2861,1,1,0
473,56,1,1,0
473,609,1,0,0
473,53,1,1,0
473,170,1,1,0
473,771,1,1,0
473,1413,2,1,1
473,107,1,1,0
473,39,1,0,1
474,121,1,1,0
474,118,1,1,0
474,105,2,2,0
474,933,1,0,0
474,28,1,1,0
475,121,1,1,0
476,121,1,1,0
477,432,1,0,0
477,279,1,0,0
477,25,1,0,1
477,675,1,1,0
477,713,1,1,0
477,234,1,1,0
477,28,1,1,0
477,101,1,1,0
477,82,1,0,0
477,88,1,0,0
477,12,1,1,0
477,60,1,0,1
477,511,1,0,1
477,144,1,0,1
477,218,1,0,0
477,39,1,1,0
477,430,1,1,0
477,349,1,0,1
477,198,1,1,0
477,358,1,1,0
477,673,1,0,0
477,179,2,0,0
477,40,1,0,1
478,432,1,0,0
478,347,1,1,0
478,310,1,1,0
478,169,1,1,0
478,419,2,1,1
478,396,1,0,0
478,667,2,1,0
478,430,1,0,0
478,105,6,4,2
478,36,1,1,0
478,156,2,1,1
478,554,7,5,2
478,431,5,5,0
478,296,3,2,1
478,654,1,0,1
478,1102,1,1,0
478,93,1,1,0
478,439,1,1,0
478,176,1,0,1
478,560,1,1,0
478,511,1,1,0
478,379,1,0,1
478,692,2,0,2
478,362,2,1,1
478,360,1,1,0
478,395,2,2,0
478,149,1,1,0
478,498,1,0,1
478,87,1,0,0
478,678,1,1,0
478,402,1,0,0
478,341,1,0,1
478,52,1,0,0
478,259,2,2,0
478,415,1,0,1
478,98,1,0,0
478,240,2,1,1
478,652,1,1,0
478,579,1,0,0
478,462,1,0,1
478,101,1,1,0
478,83,1,1,0
478,1147,1,1,0
478,215,2,1,0
478,426,1,1,0
478,12,1,1,0
478,467,1,1,0
478,688,1,1,0
478,57,1,1,0
478,301,1,1,0
478,706,1,1,0
478,20,2,2,0
478,167,1,1,0
478,461,1,0,0
478,115,1,0,1
478,137,1,1,0
478,18,2,1,1
478,59,1,1,0
478,933,1,1,0
478,399,1,0,1
478,279,1,1,0
478,260,1,0,1
478,84,2,2,0
478,2,1,1,0
478,158,1,0,1
478,170,1,0,0
478,196,1,0,1
478,294,1,0,1
478,8,2,1,0
478,523,1,0,1
478,318,2,2,0
478,699,1,0,0
478,171,1,0,1
478,106,1,1,0
478,40,1,0,1
478,700,1,1,0
478,30,1,0,0
478,139,1,0,0
478,159,1,1,0
478,297,2,1,1
479,432,1,1,0
479,381,1,1,0
479,30,1,1,0
480,432,1,0,0
481,256,2,0,2
481,402,1,1,0
481,439,1,1,0
481,107,1,0,1
481,200,1,1,0
481,940,1,0,1
481,77,4,3,0
481,175,1,1,0
481,296,1,1,0
481,410,1,1,0
481,84,1,1,0
481,24,1,0,1
481,82,1,0,1
481,37,1,1,0
481,85,1,1,0
481,300,1,1,0
481,59,1,1,0
481,415,2,2,0
481,11,1,1,0
481,321,1,0,0
481,374,2,2,0
481,145,1,0,1
481,51,1,1,0
481,34,1,1,0
481,104,1,0,1
481,272,1,1,0
481,97,1,0,1
481,467,1,1,0
481,494,1,0,1
481,13,1,0,1
481,87,1,1,0
481,259,4,3,0
481,146,1,1,0
481,310,1,0,1
481,317,1,0,1
481,55,1,0,0
481,429,1,0,1
481,7,1,1,0
481,176,1,1,0
481,156,1,0,1
481,933,1,1,0
481,197,1,1,0
481,105,1,0,0
481,23,1,0,0
481,379,1,0,0
481,779,1,1,0
481,646,1,0,1
481,12,1,1,0
481,26,1,1,0
482,19,1,1,0
483,311,1,1,0
483,483,19,5,10
483,972,4,3,0
483,295,1,1,0
483,86,10,7,3
483,107,2,2,0
483,277,1,1,0
483,171,1,0,1
483,890,4,3,1
483,918,1,1,0
483,445,1,1,0
483,181,10,4,4
483,360,1,1,0
483,83,2,2,0
483,467,1,1,0
483,621,1,1,0
483,207,1,1,0
483,912,2,0,1
483,1021,2,1,1
483,1,1,1,0
483,419,1,1,0
483,439,4,0,1
483,16,1,1,0
483,147,1,1,0
483,26,1,1,0
483,74,2,0,2
483,281,1,1,0
483,327,1,0,1
483,429,5,5,0
483,294,2,1,1
483,39,1,1,0
483,397,1,1,0
483,32,1,0,1
483,319,2,1,1
483,230,3,3,0
483,925,1,1,0
483,430,1,0,0
483,358,1,0,1
483,663,1,0,1
483,534,3,2,1
483,314,1,0,1
483,105,1,1,0
483,84,1,0,1
483,310,1,1,0
483,339,1,0,0
483,58,3,3,0
483,334,1,1,0
483,299,2,0,2
483,508,7,4,3
483,115,1,1,0
483,361,1,1,0
483,168,2,2,0
483,503,1,1,0
483,1031,1,1,0
483,684,2,0,2
483,1142,2,0,2
483,179,1,1,0
483,347,1,1,0
483,301,1,0,1
483,137,2,1,1
483,498,1,0,1
483,2717,1,1,0
483,82,1,0,1
483,8,1,1,0
483,246,1,1,0
483,501,4,2,2
483,260,2,1,1
483,198,1,0,0
483,57,1,0,1
483,196,1,0,1
483,97,1,1,0
483,646,3,2,0
483,12,1,1,0
483,386,1,1,0
483,2526,2,2,0
483,51,1,1,0
483,700,1,0,1
483,609,2,0,2
483,512,1,0,0
483,24,1,0,1
483,88,2,0,0
483,864,1,0,1
483,17,1,1,0
484,58,1,1,0
484,75,1,1,0
485,58,2,0,1
485,542,1,0,1
485,320,1,1,0
485,413,1,0,1
485,40,1,1,0
485,107,1,0,1
485,518,1,0,1
486,58,1,1,0
486,208,1,1,0
486,158,1,1,0
486,494,1,1,0
486,258,1,1,0
486,106,1,0,0
487,58,1,0,0
487,81,1,1,0
487,402,1,0,0
487,380,1,1,0
487,159,1,1,0
488,146,1,1,0
488,34,1,1,0
488,471,1,1,0
488,31,1,1,0
488,30,1,1,0
488,431,1,1,0
488,667,1,0,0
488,318,1,1,0
488,246,1,0,1
489,146,1,0,0
489,200,1,0,0
489,9,1,0,0
489,147,1,0,0
489,98,1,0,0
489,523,1,0,0
489,87,1,0,0
489,74,1,0,0
489,362,1,0,0
489,706,1,0,0
489,381,1,0,0
489,293,1,0,0
489,240,3,1,0
489,792,1,0,0
489,836,1,0,0
489,1272,1,0,0
489,379,1,0,0
489,277,1,0,0
489,97,1,0,0
489,148,3,0,1
489,32,1,0,1
489,179,1,0,0
489,688,1,0,0
490,149,2,0,1
490,200,1,1,0
490,259,1,1,0
490,542,1,1,0
490,81,1,1,0
490,396,1,1,0
490,512,1,1,0
490,513,1,1,0
490,608,1,1,0
490,197,1,0,0
490,175,1,1,0
490,21,2,2,0
490,101,1,1,0
490,82,2,1,1
490,98,1,1,0
490,106,1,1,0
490,75,2,2,0
490,240,2,2,0
490,199,2,2,0
490,415,1,1,0
490,171,1,0,0
490,88,1,1,0
490,115,2,1,0
490,554,1,0,0
490,77,1,0,1
490,122,1,0,0
490,33,1,1,0
490,105,1,1,0
490,216,1,1,0
490,159,3,2,0
490,145,2,1,1
490,609,1,1,0
490,87,1,1,0
490,8,1,1,0
490,170,1,1,0
490,52,1,0,1
490,84,2,2,0
490,86,2,1,1
490,55,1,1,0
490,215,1,1,0
490,32,1,1,0
490,39,1,0,1
490,508,1,1,0
490,1357,1,1,0
490,376,1,1,0
490,310,1,0,0
491,149,1,1,0
491,16,1,1,0
491,7,2,1,1
491,9,1,1,0
491,207,1,1,0
491,21,1,1,0
491,216,1,0,1
491,280,3,1,0
491,294,1,1,0
491,379,1,1,0
491,175,1,0,1
492,347,1,1,0
492,492,31,17,11
492,360,1,0,0
492,147,2,2,0
492,415,1,0,0
492,462,1,0,0
492,324,1,1,0
492,945,1,0,0
492,512,3,1,0
492,179,1,0,1
492,376,2,1,1
492,1865,1,1,0
492,397,1,0,0
492,77,2,1,1
492,197,1,1,0
492,390,2,1,1
492,75,1,0,0
492,280,2,0,2
492,609,1,1,0
492,26,1,0,0
492,327,1,1,0
492,25,1,0,0
492,107,1,0,1
492,349,1,0,1
492,86,2,0,2
492,198,1,0,1
492,699,1,1,0
492,579,1,0,1
492,299,1,0,1
492,659,1,1,0
493,78,1,1,0
493,196,2,1,1
493,171,1,1,0
493,277,1,0,0
493,56,2,1,1
493,685,1,1,0
493,318,1,1,0
494,372,4,2,2
494,713,1,1,0
494,197,1,1,0
494,494,75,25,43
494,476,1,1,0
494,1109,1,1,0
494,87,1,0,1
494,77,1,0,1
494,23,1,1,0
494,7,1,1,0
494,104,2,2,0
494,105,1,0,1
494,74,1,1,0
494,175,1,1,0
494,53,1,1,0
494,216,1,1,0
494,272,4,3,1
494,148,2,2,0
494,147,1,1,0
494,143,1,1,0
494,659,1,1,0
494,32,1,1,0
494,215,4,0,4
494,584,2,2,0
494,816,1,1,0
494,360,1,1,0
494,167,1,0,1
494,426,2,1,1
494,554,2,0,0
494,864,1,1,0
494,674,2,1,1
494,376,1,0,1
494,103,2,2,0
494,379,2,2,0
494,432,1,1,0
494,492,1,1,0
494,513,1,1,0
494,294,1,1,0
494,431,1,0,0
494,230,1,0,1
494,397,1,1,0
494,661,2,1,1
494,663,1,1,0
494,358,2,2,0
494,419,1,1,0
494,26,1,1,0
494,906,1,1,0
494,101,2,1,0
494,439,1,0,1
494,684,1,0,1
494,246,1,0,1
494,81,2,1,1
494,654,1,1,0
494,321,1,1,0
494,579,2,0,2
494,137,1,1,0
494,139,1,1,0
494,115,1,0,1
494,199,1,1,0
494,363,2,0,2
494,240,1,0,1
494,347,1,1,0
494,318,1,1,0
494,413,1,1,0
494,334,1,0,1
494,146,1,0,1
494,408,1,0,1
494,608,1,0,0
494,685,1,1,0
495,494,1,0,1
495,148,1,1,0
495,716,1,1,0
495,1,1,1,0
495,104,1,1,0
495,74,1,1,0
495,410,1,1,0
495,51,1,1,0
495,101,1,1,0
495,864,1,1,0
495,52,1,0,1
495,199,1,0,1
496,494,1,1,0
496,279,1,0,0
496,240,1,1,0
496,580,1,0,1
496,470,1,1,0
496,258,1,1,0
496,654,1,0,0
496,713,1,1,0
496,496,4,3,1
496,196,1,0,0
496,554,1,1,0
496,397,1,0,1
496,429,2,1,0
496,321,1,1,0
496,1147,1,1,0
496,20,1,1,0
496,272,3,0,3
496,363,1,1,0
496,508,1,1,0
496,2656,1,1,0
496,57,1,0,1
496,16,1,0,1
496,52,1,0,1
496,22,1,0,1
496,1236,1,1,0
496,419,1,0,1
496,432,1,0,0
496,395,1,0,1
496,31,1,1,0
496,930,1,0,0
496,659,1,1,0
497,494,2,0,0
497,52,3,2,0
497,234,1,0,0
497,439,1,1,0
497,105,2,2,0
497,396,1,1,0
497,159,2,2,0
497,360,1,0,1
497,146,1,0,1
497,294,1,1,0
497,340,1,1,0
497,534,1,0,1
497,260,1,0,0
497,104,2,1,0
497,390,1,0,1
497,76,2,2,0
497,58,1,1,0
497,399,1,0,0
497,336,1,1,0
497,106,2,2,0
497,312,1,1,0
497,30,2,2,0
497,39,1,1,0
497,523,1,1,0
497,148,2,2,0
497,706,1,0,0
497,816,1,0,1
497,296,1,0,1
497,74,1,0,1
497,61,3,0,3
497,240,1,1,0
497,246,1,1,0
497,25,1,1,0
497,170,4,4,0
497,207,1,0,0
497,22,1,1,0
497,1718,1,1,0
497,137,1,1,0
497,208,1,1,0
497,341,1,1,0
497,426,1,1,0
497,327,2,2,0
497,430,1,1,0
497,619,1,0,0
497,34,1,1,0
497,511,1,0,0
497,2,1,1,0
497,432,1,1,0
497,347,1,1,0
497,376,1,1,0
497,238,1,1,0
497,36,1,0,0
497,333,1,1,0
497,667,1,0,0
497,77,4,2,2
497,88,2,2,0
497,652,1,1,0
497,98,1,1,0
497,542,1,1,0
497,176,1,1,0
497,156,1,1,0
497,707,1,0,0
497,21,2,2,0
497,256,1,1,0
497,431,1,1,0
497,17,1,1,0
497,18,1,0,0
497,699,1,1,0
497,149,1,1,0
497,53,1,1,0
497,12,1,1,0
497,56,1,1,0
497,301,2,2,0
497,854,1,1,0
497,60,1,0,1
497,31,1,1,0
497,467,1,1,0
497,15,3,3,0
497,26,1,1,0
497,59,1,0,1
497,24,1,0,1
497,28,1,1,0
497,280,1,1,0
497,13,1,1,0
497,23,1,1,0
497,75,2,2,0
497,87,1,0,0
497,85,3,2,1
497,33,1,0,1
497,1119,2,1,0
497,2820,1,1,0
497,311,1,1,0
497,218,1,1,0
497,2296,1,0,1
497,1171,1,1,0
497,419,1,1,0
497,40,1,1,0
497,692,1,1,0
497,925,1,1,0
497,334,1,0,0
497,93,1,0,0
498,498,58,23,23
498,408,1,1,0
498,431,1,0,0
498,208,1,0,1
498,170,1,1,0
498,258,1,1,0
498,171,1,0,0
498,515,1,0,0
498,379,1,0,1
498,695,1,0,1
498,52,1,0,0
498,1272,1,0,1
498,430,1,0,0
498,402,1,1,0
498,327,1,1,0
498,1149,2,1,0
498,358,1,1,0
499,498,1,0,0
499,230,1,1,0
499,168,1,1,0
499,216,2,2,0
499,240,1,1,0
499,408,2,2,0
499,312,1,0,0
499,734,1,1,0
499,499,15,5,7
499,272,2,1,0
499,471,1,0,0
499,511,1,1,0
499,395,1,0,0
499,148,8,0,8
499,431,1,1,0
499,621,1,1,0
499,256,2,0,0
499,663,1,0,0
499,534,1,1,0
499,171,1,1,0
499,200,1,0,1
499,362,1,1,0
499,1142,1,0,0
499,39,1,1,0
499,461,1,0,1
499,246,1,0,0
499,320,1,0,1
499,430,1,0,1
499,467,1,0,1
499,659,1,0,1
499,413,1,0,0
499,646,1,0,1
499,541,1,1,0
500,498,1,1,0
500,179,1,1,0
500,281,1,0,1
500,256,1,1,0
500,314,1,0,1
500,144,1,0,1
500,61,1,1,0
500,36,1,0,0
500,7,1,1,0
500,9,1,1,0
500,321,1,1,0
500,32,1,0,1
500,76,1,1,0
500,2,1,0,1
500,408,1,1,0
500,199,1,0,1
501,52,14,5,9
501,426,2,2,0
501,621,1,1,0
501,419,1,1,0
501,501,52,21,27
501,13,1,1,0
501,87,3,1,2
501,430,3,2,1
501,336,1,0,1
501,554,2,1,1
501,299,4,3,1
501,390,1,1,0
501,86,2,1,1
501,713,1,1,0
501,362,1,1,0
501,1102,1,1,0
501,1142,5,0,5
501,105,1,1,0
501,75,1,1,0
501,2,1,1,0
501,282,1,0,0
501,312,1,1,0
501,508,4,4,0
501,218,1,0,1
501,467,5,3,1
501,238,2,1,1
501,310,16,7,8
501,144,1,1,0
501,169,1,1,0
501,347,2,2,0
501,207,7,4,3
501,654,1,1,0
501,40,2,1,1
501,300,1,1,0
501,410,1,1,0
501,156,1,1,0
501,439,3,1,1
501,912,1,1,0
501,304,1,1,0
501,28,3,1,1
501,159,1,1,0
501,246,1,0,0
501,314,1,1,0
501,77,3,2,1
501,659,3,1,1
501,106,1,1,0
501,84,1,0,0
501,816,1,0,1
501,688,2,1,0
501,19,5,4,1
501,32,1,0,1
501,684,3,1,2
501,137,1,1,0
501,277,1,0,1
501,103,2,2,0
501,432,1,1,0
501,149,5,2,3
501,0,1,0,0
501,240,1,0,1
501,200,1,1,0
501,374,1,1,0
501,222,1,1,0
501,198,2,1,0
501,674,1,0,0
501,88,2,1,1
501,168,6,3,1
501,399,2,1,1
501,461,1,1,0
501,667,1,0,0
501,297,3,1,2
501,30,1,1,0
501,104,1,0,1
501,93,3,1,1
501,666,1,0,0
501,483,5,2,2
501,1143,3,3,0
501,18,5,0,4
501,1121,1,0,1
501,179,2,0,1
501,296,1,1,0
501,81,1,0,1
501,215,1,0,1
501,24,3,0,3
501,167,1,0,1
501,143,1,1,0
501,311,2,1,1
501,231,7,0,7
501,492,1,0,1
501,101,1,1,0
501,318,1,1,0
501,294,1,0,0
501,534,1,1,0
501,2526,1,1,0
501,2854,1,1,0
501,2860,1,1,0
501,770,4,0,4
501,74,1,1,0
501,61,1,0,1
501,8,1,0,1
501,60,1,0,1
501,148,1,0,1
501,327,1,0,1
501,429,3,2,1
501,933,2,0,2
501,361,1,0,1
501,619,1,0,0
501,542,1,0,1
501,340,2,0,2
501,1119,1,1,0
501,1157,1,1,0
501,171,1,0,1
501,56,2,1,1
501,334,2,1,1
501,333,1,0,1
501,170,1,1,0
502,52,2,2,0
502,340,1,1,0
502,36,2,2,0
502,33,1,1,0
502,380,1,1,0
502,483,1,0,1
502,93,2,2,0
502,17,4,3,1
502,19,1,1,0
502,508,1,1,0
502,81,1,0,1
502,168,1,0,1
502,159,2,1,1
502,11,1,1,0
502,259,2,1,0
502,362,1,0,1
502,296,1,1,0
502,2,2,0,2
502,312,1,0,1
502,199,1,0,1
502,179,1,0,0
502,15,2,1,1
502,55,1,0,0
502,30,1,1,0
502,74,1,0,1
502,21,1,1,0
502,426,1,1,0
502,147,1,1,0
502,22,1,1,0
502,51,3,2,1
502,7,1,0,1
502,61,1,1,0
502,16,1,0,1
502,467,1,1,0
502,12,1,0,1
503,52,1,1,0
503,467,1,1,0
503,282,1,1,0
503,304,1,1,0
503,105,1,1,0
503,419,1,1,0
503,494,1,0,1
503,445,1,1,0
503,18,1,0,1
503,87,1,0,1
503,379,1,0,1
503,234,1,0,1
503,918,1,0,0
503,231,1,0,1
503,503,8,1,7
503,2089,1,0,1
504,52,4,2,0
504,87,1,1,0
504,512,1,0,1
504,837,1,1,0
504,84,2,1,0
504,386,1,0,0
504,311,1,0,0
504,88,1,1,0
504,33,2,1,0
504,17,1,0,1
504,359,1,1,0
504,61,1,0,0
504,256,1,1,0
504,13,1,1,0
504,9,1,1,0
505,52,1,1,0
505,137,1,1,0
505,499,1,0,0
505,16,1,1,0
505,30,1,1,0
505,168,1,0,0
505,121,1,1,0
505,148,1,1,0
506,52,1,1,0
506,148,1,0,0
506,105,1,1,0
506,320,1,0,0
506,137,1,1,0
506,144,1,1,0
506,82,1,1,0
506,122,1,1,0
506,22,1,1,0
506,101,1,0,1
506,76,1,1,0
506,1,1,1,0
506,9,1,1,0
506,56,2,2,0
506,200,1,0,1
506,106,1,1,0
506,115,2,1,1
506,779,1,0,1
506,53,1,1,0
506,17,1,1,0
506,60,2,1,1
506,59,1,0,1
506,816,1,1,0
506,31,1,1,0
506,609,1,1,0
506,199,1,0,0
506,21,1,1,0
506,925,1,1,0
506,87,1,1,0
506,430,1,1,0
506,83,1,1,0
506,28,1,0,1
506,176,1,0,0
506,51,1,1,0
507,234,1,0,1
507,176,4,2,1
507,430,1,1,0
507,396,1,1,0
507,145,2,1,1
507,147,6,4,0
507,39,1,0,1
507,230,1,0,1
507,654,1,0,1
507,542,1,0,1
507,60,1,1,0
507,106,1,0,0
507,397,1,0,1
507,101,4,3,0
507,379,1,1,0
507,399,2,1,0
507,688,1,1,0
507,218,1,0,1
507,103,1,1,0
507,296,1,1,0
507,652,1,0,0
507,431,1,1,0
507,104,3,2,1
507,216,2,1,1
507,327,1,1,0
507,200,9,4,4
507,30,8,2,3
507,258,1,0,0
507,87,2,2,0
507,673,3,3,0
507,1109,2,1,0
507,7,1,1,0
507,84,4,2,2
507,105,7,4,1
507,208,2,1,0
507,18,1,0,0
507,159,4,2,1
507,144,6,4,1
507,9,7,1,4
507,175,3,2,1
507,8,1,1,0
507,77,3,2,1
507,21,5,1,4
507,432,4,3,0
507,25,9,5,4
507,280,1,1,0
507,273,2,1,1
507,148,2,2,0
507,137,2,1,1
507,78,1,1,0
507,461,2,2,0
507,501,1,0,1
507,22,1,1,0
507,57,1,1,0
507,171,2,0,1
507,770,1,0,1
507,395,2,1,1
507,301,1,1,0
507,179,1,0,1
507,56,1,0,0
507,706,1,1,0
507,259,1,0,1
507,361,1,0,1
507,300,1,1,0
507,13,1,1,0
507,374,1,0,0
507,88,1,1,0
507,426,1,0,0
507,170,2,1,0
507,415,2,1,1
507,55,1,0,1
507,115,1,0,1
508,508,59,20,34
508,82,2,2,0
508,419,2,2,0
508,106,1,0,0
508,74,3,1,2
508,281,2,2,0
508,57,2,0,2
508,19,3,1,2
508,40,2,2,0
508,584,1,0,1
508,25,2,2,0
508,933,1,0,0
508,700,2,0,2
508,1109,4,2,2
508,1031,1,1,0
508,1090,1,0,0
508,1062,1,0,1
508,1148,1,0,1
508,1179,1,1,0
508,23,1,1,0
508,399,2,2,0
508,327,1,0,0
508,176,1,0,1
508,707,1,1,0
508,272,3,2,1
508,256,4,3,0
508,143,8,2,6
508,415,2,2,0
508,300,2,2,0
508,16,3,3,0
508,734,2,2,0
508,396,1,0,1
508,360,2,1,1
508,659,3,1,1
508,17,3,2,0
508,56,1,1,0
508,215,6,1,3
508,296,1,1,0
508,170,3,2,1
508,854,1,1,0
508,84,2,0,2
508,930,1,1,0
508,1267,6,1,3
508,87,3,3,0
508,107,2,2,0
508,413,2,2,0
508,55,1,1,0
508,426,2,1,1
508,240,1,1,0
508,312,1,1,0
508,534,2,0,2
508,314,1,0,1
508,319,1,0,1
508,706,1,0,1
508,293,2,0,0
508,772,1,1,0
508,554,2,1,1
508,781,1,1,0
508,179,3,2,1
508,22,3,1,2
508,850,1,1,0
508,716,2,0,0
508,381,1,1,0
508,31,2,2,0
508,317,1,0,1
508,380,1,1,0
508,414,2,2,0
508,675,1,0,1
508,301,2,0,2
508,376,2,1,0
508,101,1,0,1
508,105,3,1,2
508,310,2,1,1
508,492,1,1,0
508,318,5,0,5
508,619,1,0,0
508,321,6,1,5
508,32,1,1,0
508,12,1,1,0
508,121,1,1,0
508,349,1,1,0
508,684,2,0,2
508,159,1,0,1
508,638,2,0,1
508,30,1,0,1
508,667,1,0,0
508,20,3,2,1
508,8,1,0,1
508,115,1,0,1
508,609,2,2,0
508,81,2,1,1
508,467,1,0,0
508,230,2,0,2
508,297,2,1,1
508,149,1,0,1
508,494,3,2,0
508,145,1,0,0
508,246,1,1,0
508,1149,1,1,0
508,624,1,1,0
508,430,2,0,1
508,39,3,2,1
508,258,2,1,1
508,361,1,0,1
508,299,1,0,1
508,2855,1,1,0
508,24,1,0,1
508,379,2,1,1
508,197,1,0,1
508,234,1,1,0
508,918,1,0,1
508,471,1,0,1
508,139,1,0,1
508,2639,1,0,1
508,579,1,0,1
508,770,1,0,1
508,13,1,1,0
508,218,1,1,0
508,36,1,0,1
508,53,1,0,1
508,59,1,1,0
508,515,1,1,0
508,147,1,1,0
508,661,1,1,0
508,646,1,0,1
508,779,1,1,0
508,222,1,1,0
508,208,1,1,0
508,278,1,0,1
508,199,2,1,1
508,148,1,0,1
508,1894,1,0,1
508,28,2,2,0
508,7,1,1,0
509,16,1,1,0
509,296,1,1,0
509,19,1,0,1
509,85,1,0,0
510,75,1,1,0
511,37,1,1,0
511,534,1,1,0
511,467,1,0,1
511,584,1,0,1
511,299,2,1,1
511,222,2,2,0
511,542,1,1,0
511,105,1,0,0
511,197,1,1,0
511,121,1,0,0
511,341,2,0,1
511,426,2,2,0
511,31,1,0,0
511,297,2,1,1
511,431,3,2,0
511,511,39,25,6
511,361,3,1,1
511,362,3,2,0
511,673,3,1,0
511,1236,1,0,0
511,349,1,1,0
511,109,2,1,0
511,334,1,1,0
511,419,1,1,0
511,554,1,1,0
511,621,2,1,0
511,432,2,1,0
511,402,5,4,0
511,471,2,2,0
511,273,1,1,0
511,1423,1,1,0
511,59,1,1,0
511,158,1,0,0
511,499,2,2,0
511,104,1,0,0
511,430,1,1,0
511,216,1,0,1
511,327,1,1,0
511,240,1,0,0
511,321,2,2,0
511,277,1,0,1
511,360,1,1,0
511,333,1,0,0
511,399,1,0,0
511,148,4,2,1
511,336,2,1,1
511,139,1,1,0
511,340,1,1,0
511,200,1,1,0
511,659,1,1,0
511,304,1,0,1
511,82,1,1,0
511,358,1,1,0
511,184,1,1,0
511,395,1,1,0
511,1195,1,0,0
511,76,1,1,0
511,501,1,1,0
511,429,1,1,0
511,296,2,0,0
511,359,1,0,0
511,1091,1,1,0
511,34,1,1,0
511,667,1,0,0
511,238,1,1,0
511,0,1,1,0
511,390,1,1,0
511,476,1,1,0
511,1203,1,1,0
511,25,1,1,0
511,137,1,1,0
511,652,2,1,1
511,256,1,1,0
511,281,1,0,0
511,230,1,1,0
512,512,4,2,1
512,659,1,1,0
512,380,1,1,0
512,467,1,1,0
512,1276,1,1,0
512,663,1,0,1
512,684,1,1,0
512,1272,1,0,0
513,512,8,5,1
513,513,21,9,7
513,621,6,4,0
513,76,1,0,1
513,7,2,2,0
513,304,1,0,1
513,317,1,0,1
513,171,1,0,1
513,374,1,1,0
513,362,2,0,1
513,674,2,2,0
513,278,2,1,1
513,1,1,1,0
513,358,1,1,0
513,310,1,1,0
513,144,1,0,1
513,912,1,0,0
513,426,2,2,0
513,534,1,1,0
513,461,8,1,2
513,380,1,1,0
513,619,1,0,0
513,361,4,1,1
513,663,3,2,0
513,230,1,1,0
513,339,2,0,1
513,476,1,0,0
513,273,1,1,0
513,653,1,0,1
513,28,1,0,1
513,282,1,0,0
513,170,1,1,0
513,296,2,2,0
513,498,1,1,0
513,55,1,1,0
513,84,3,0,1
513,216,1,0,1
513,542,1,0,1
513,408,1,1,0
513,8,1,0,1
513,19,1,1,0
513,215,1,1,0
513,78,1,0,1
513,145,1,0,0
513,122,1,1,0
513,770,1,0,1
513,24,1,1,0
513,137,1,0,1
513,321,1,0,1
513,918,1,0,1
514,512,1,0,0
514,637,1,1,0
514,137,1,0,1
514,84,1,0,1
514,145,1,1,0
514,246,1,0,0
514,410,1,1,0
514,379,1,0,0
514,317,1,1,0
514,98,1,1,0
514,296,1,1,0
514,103,1,1,0
514,311,1,1,0
514,361,1,1,0
514,33,1,0,1
514,652,1,0,1
514,321,1,0,1
514,19,1,0,0
514,107,1,0,1
514,57,1,0,1
514,12,1,1,0
514,9,1,0,1
514,144,1,1,0
514,56,1,1,0
514,16,1,0,0
514,21,1,1,0
514,86,1,1,0
514,673,1,1,0
514,396,1,0,1
514,734,1,0,1
515,512,1,0,1
515,105,9,5,1
515,706,2,0,1
515,716,1,0,1
515,238,1,1,0
515,77,1,0,0
515,419,1,1,0
515,145,1,0,0
515,158,1,1,0
515,415,1,0,1
515,230,1,0,0
515,222,1,0,0
515,515,4,3,1
515,121,1,1,0
515,40,1,1,0
515,777,1,1,0
516,512,1,1,0
516,439,1,1,0
516,324,1,1,0
516,511,2,1,1
516,144,1,1,0
517,512,1,0,0
517,339,1,1,0
517,470,1,1,0
517,1267,1,0,0
517,115,1,1,0
518,0,2,2,0
518,513,2,1,1
518,663,3,2,1
518,105,1,0,0
518,77,3,0,2
518,40,1,1,0
518,1108,1,1,0
518,349,1,0,0
518,918,4,3,0
518,470,1,0,1
518,273,1,1,0
518,518,9,4,4
518,1133,3,1,1
518,1119,1,1,0
518,334,1,0,1
518,170,1,0,1
518,667,1,0,0
518,55,1,1,0
518,511,1,1,0
518,380,2,2,0
518,554,1,0,1
518,143,1,0,1
518,28,1,0,1
518,196,1,0,1
518,238,1,1,0
518,137,1,1,0
518,339,2,0,2
518,419,1,1,0
518,60,1,0,1
518,148,2,1,1
518,402,2,1,0
518,431,1,0,1
518,279,1,0,1
518,1276,1,0,1
518,674,1,0,0
518,87,1,1,0
518,208,1,1,0
518,106,1,1,0
518,230,1,1,0
518,25,1,1,0
518,621,2,1,0
518,512,1,1,0
518,256,2,0,2
518,654,1,1,0
518,115,1,0,0
518,1272,1,0,1
518,146,1,0,1
518,624,1,1,0
518,218,1,0,1
518,76,1,1,0
518,831,1,0,0
518,734,2,2,0
518,878,1,0,1
518,770,1,0,1
518,716,1,0,1
518,2945,1,1,0
518,88,1,0,1
518,179,1,1,0
518,258,1,0,1
519,0,1,1,0
519,32,1,1,0
519,87,2,1,1
519,339,1,0,1
519,360,1,1,0
519,358,1,1,0
519,36,1,1,0
519,167,1,1,0
519,60,1,0,1
519,12,1,1,0
519,295,1,1,0
519,415,1,1,0
519,147,1,1,0
519,139,1,1,0
519,314,1,1,0
519,8,2,0,0
519,30,1,1,0
519,1267,1,0,1
519,310,1,1,0
519,318,2,2,0
519,22,2,1,1
519,432,2,2,0
519,51,1,0,1
519,56,1,1,0
519,37,1,1,0
519,1203,1,1,0
519,58,1,1,0
519,659,1,1,0
519,85,1,1,0
519,716,1,1,0
519,82,1,0,0
519,159,2,0,1
519,25,1,1,0
519,171,1,1,0
519,26,1,0,1
519,146,2,2,0
519,2,2,2,0
519,13,1,1,0
519,18,1,1,0
519,207,1,1,0
519,23,1,0,1
519,294,1,1,0
519,1171,1,1,0
519,312,1,0,1
519,362,1,1,0
519,74,1,1,0
519,901,1,1,0
519,198,1,0,1
519,864,1,0,1
519,1062,1,1,0
519,2308,1,1,0
519,218,1,0,0
519,61,1,0,0
519,609,1,0,0
519,379,1,1,0
519,646,1,0,1
519,103,1,1,0
519,619,1,0,1
519,349,1,1,0
519,176,1,1,0
519,57,2,0,0
519,673,1,0,0
519,259,1,0,1
520,0,2,0,0
520,511,2,0,0
520,361,2,1,0
520,93,1,0,0
520,28,3,1,0
520,122,1,0,1
520,176,1,0,0
520,339,1,0,0
520,234,3,1,0
520,199,3,2,0
520,55,1,0,0
520,734,1,0,0
520,169,2,1,0
520,103,1,1,0
520,208,2,0,2
520,80,1,0,0
520,105,1,0,0
520,240,2,0,0
520,7,1,1,0
520,471,3,0,2
520,25,2,1,0
520,413,1,1,0
520,432,1,0,0
520,426,2,0,0
520,88,3,1,0
520,76,1,0,0
520,258,1,0,0
520,483,2,2,0
520,281,1,0,0
520,430,2,1,0
520,158,1,1,0
520,499,1,0,0
520,1423,1,1,0
520,8,1,0,0
520,282,1,0,0
520,492,2,1,1
520,299,1,0,0
520,311,1,1,0
520,390,1,1,0
520,445,1,0,1
520,542,1,0,0
520,159,2,1,0
520,84,1,0,0
520,87,1,0,0
520,259,1,0,0
520,925,1,0,0
520,706,1,0,0
520,78,1,1,0
520,196,1,0,0
520,248,1,0,0
520,53,1,0,0
520,107,1,1,0
520,170,1,1,0
520,148,1,1,0
520,218,1,0,0
520,2,1,0,0
520,74,1,0,0
520,97,1,1,0
520,20,1,0,0
520,379,1,0,0
521,0,1,1,0
521,159,1,1,0
521,327,1,1,0
521,143,1,1,0
521,97,1,1,0
521,277,1,1,0
522,0,1,0,1
522,137,1,0,1
522,197,1,1,0
522,862,1,1,0
522,296,1,1,0
522,1031,1,1,0
523,105,3,1,1
523,137,1,1,0
523,320,1,1,0
523,523,43,21,15
523,445,1,1,0
523,167,1,1,0
523,494,1,1,0
523,52,2,1,1
523,39,1,1,0
523,470,1,1,0
523,654,1,1,0
523,940,1,1,0
523,361,1,0,1
523,321,1,1,0
523,397,1,0,1
523,659,2,2,0
523,372,1,0,1
523,661,1,1,0
523,998,1,0,1
523,88,1,1,0
523,301,2,1,1
523,179,2,0,2
523,706,2,1,1
523,216,2,1,1
523,60,3,3,0
523,695,1,1,0
523,31,7,6,1
523,925,1,0,1
523,56,7,4,3
523,87,5,1,4
523,312,1,0,0
523,310,1,1,0
523,238,1,0,0
523,277,4,2,2
523,171,1,1,0
523,554,1,1,0
523,256,2,1,1
523,197,1,1,0
523,58,1,1,0
523,215,1,1,0
523,296,1,1,0
523,688,2,2,0
523,854,1,1,0
523,32,1,1,0
523,28,3,2,1
523,156,1,0,1
523,147,1,0,1
523,707,1,0,1
523,101,1,1,0
523,415,1,1,0
523,772,2,1,1
523,333,1,0,1
523,30,2,2,0
523,792,1,0,1
523,159,2,1,0
523,234,1,1,0
523,75,1,1,0
523,170,5,5,0
523,381,3,3,0
523,33,2,1,1
523,318,3,2,1
523,646,2,2,0
523,218,3,2,1
523,293,1,1,0
523,148,1,1,0
523,84,1,1,0
523,781,1,1,0
523,143,1,1,0
523,901,1,1,0
523,74,2,1,1
523,430,1,1,0
523,408,1,1,0
523,13,1,1,0
523,419,1,0,1
523,777,1,1,0
523,609,2,1,0
523,515,1,1,0
523,699,1,1,0
523,294,1,1,0
523,259,1,1,0
523,144,1,1,0
524,399,3,2,1
524,361,1,1,0
524,17,3,2,1
524,14,2,2,0
524,18,3,3,0
524,103,2,2,0
524,36,4,2,2
524,93,1,1,0
524,12,5,5,0
524,59,3,0,3
524,121,2,2,0
524,146,1,0,1
524,246,2,1,1
524,301,3,0,3
524,207,2,2,0
524,713,1,0,0
524,13,3,1,1
524,101,2,2,0
524,57,5,2,1
524,58,4,4,0
524,78,1,0,1
524,492,1,0,0
524,501,1,0,1
524,143,3,3,0
524,15,2,1,1
524,22,2,1,1
524,1021,2,1,1
524,341,1,1,0
524,170,2,2,0
524,8,6,4,2
524,99,1,0,1
524,2,2,1,0
524,80,3,2,0
524,60,2,1,0
524,523,2,1,0
524,296,1,1,0
524,24,5,3,2
524,9,2,2,0
524,256,1,1,0
524,318,3,3,0
524,930,1,0,0
524,137,2,1,1
524,310,2,1,0
524,339,1,0,1
524,360,1,1,0
524,11,2,1,0
524,374,1,1,0
524,105,1,1,0
524,1,2,1,1
524,61,3,3,0
524,77,2,1,0
524,51,4,2,2
524,28,2,1,1
524,34,2,1,0
524,169,2,0,2
524,106,1,1,0
524,107,1,0,0
524,33,2,1,1
524,176,2,0,2
524,115,2,2,0
524,314,1,0,1
524,26,3,2,1
524,175,1,0,0
524,20,3,1,2
524,379,3,2,1
524,55,4,1,2
524,16,1,1,0
524,199,1,0,0
524,706,1,1,0
524,770,3,2,1
524,1267,1,1,0
524,75,3,3,0
524,147,2,1,1
524,23,2,1,0
524,159,2,1,1
524,145,1,1,0
524,467,1,1,0
524,381,2,2,0
524,692,1,0,0
524,87,2,1,1
524,816,1,0,1
524,646,2,2,0
524,609,1,1,0
524,84,1,1,0
524,294,1,1,0
524,625,1,0,1
524,21,1,1,0
524,53,6,2,4
524,81,1,0,1
524,19,2,1,1
524,179,1,0,0
524,280,1,0,1
524,113,1,0,1
524,56,2,2,0
524,74,2,2,0
524,311,1,0,1
524,97,1,1,0
524,1272,1,1,0
524,3132,1,1,0
524,7,1,1,0
525,399,3,0,2
525,426,4,3,0
525,294,2,1,0
525,621,1,0,1
525,415,3,1,1
525,2,1,0,1
525,107,1,1,0
525,256,2,1,1
525,149,1,0,1
525,199,4,2,2
525,279,2,0,1
525,376,1,1,0
525,314,1,0,1
525,584,2,1,0
525,137,1,1,0
525,21,3,1,2
525,1,2,2,0
525,81,2,1,1
525,23,7,4,3
525,196,3,3,0
525,7,2,1,0
525,103,3,2,1
525,106,3,1,2
525,147,2,1,1
525,429,2,1,0
525,580,1,1,0
525,170,5,2,1
525,1031,1,0,1
525,360,2,2,0
525,87,5,2,1
525,216,1,0,1
525,24,3,1,2
525,854,2,2,0
525,310,3,2,1
525,159,4,2,1
525,175,6,3,1
525,419,1,1,0
525,494,1,0,0
525,336,2,1,0
525,145,1,1,0
525,312,1,0,0
525,55,2,1,1
525,77,3,2,0
525,0,1,1,0
525,200,3,3,0
525,143,2,2,0
525,534,1,1,0
525,198,3,0,3
525,88,3,0,2
525,816,1,0,1
525,115,3,1,2
525,282,2,2,0
525,57,5,0,3
525,300,3,3,0
525,281,2,1,0
525,327,2,1,0
525,471,1,0,0
525,101,1,1,0
525,84,2,1,1
525,413,3,2,1
525,179,1,1,0
525,122,1,1,0
525,246,1,0,0
525,513,1,0,1
525,297,1,1,0
525,431,1,1,0
525,390,1,1,0
525,483,1,1,0
525,238,2,2,0
525,234,2,1,0
525,492,1,1,0
525,379,2,1,1
525,396,1,1,0
525,240,4,2,1
525,334,1,0,0
525,299,1,1,0
525,156,2,1,1
525,16,2,1,1
525,461,1,1,0
525,26,1,1,0
525,123,2,0,2
525,104,4,3,0
525,218,2,2,0
525,74,1,1,0
525,8,2,2,0
525,76,1,1,0
525,215,4,2,0
525,30,1,1,0
525,301,1,1,0
525,31,2,1,1
525,78,1,1,0
525,362,1,1,0
525,1267,1,1,0
525,33,1,1,0
525,167,3,1,1
525,39,3,3,0
525,619,1,1,0
525,339,1,0,0
525,930,1,1,0
525,349,1,1,0
525,208,2,1,1
525,53,2,0,2
525,706,1,0,1
525,171,1,1,0
525,105,2,1,1
525,659,1,1,0
525,19,2,2,0
525,408,1,1,0
525,9,2,1,1
525,59,3,3,0
525,386,1,0,1
525,361,1,0,1
525,32,1,0,1
525,148,1,1,0
525,598,1,0,0
525,498,1,0,0
525,523,1,1,0
525,318,2,1,1
525,280,1,1,0
525,395,1,1,0
525,51,1,0,1
525,25,2,1,0
525,18,1,1,0
525,12,1,1,0
525,467,1,1,0
525,646,1,0,1
525,1357,1,0,1
525,779,1,1,0
525,158,1,1,0
525,685,1,0,1
525,28,2,2,0
525,207,1,1,0
526,399,1,1,0
526,216,1,1,0
526,310,4,2,1
526,282,2,2,0
526,145,1,1,0
526,84,2,2,0
526,76,1,1,0
526,429,1,1,0
526,80,1,1,0
526,169,2,2,0
526,36,1,1,0
526,208,2,2,0
526,74,1,1,0
526,83,1,1,0
526,87,1,1,0
526,101,1,1,0
526,360,1,1,0
526,432,1,1,0
526,148,1,1,0
526,408,1,1,0
526,246,1,0,1
526,22,1,0,1
526,260,1,1,0
526,667,1,1,0
526,93,1,1,0
526,300,1,1,0
526,170,1,1,0
526,272,1,1,0
526,1021,1,0,1
527,399,1,0,1
528,399,1,1,0
528,75,1,1,0
528,53,1,1,0
529,199,1,0,0
529,31,2,1,0
529,280,1,0,0
529,311,1,0,0
529,87,2,1,0
529,144,1,1,0
529,300,1,1,0
529,925,1,0,0
529,512,1,0,0
529,402,2,0,1
529,584,1,0,0
529,19,1,1,0
529,312,1,0,0
529,107,1,0,0
529,327,1,0,0
529,34,1,1,0
529,238,2,1,0
529,55,1,0,0
529,93,1,0,0
529,167,1,1,0
529,77,2,2,0
529,246,1,0,0
529,341,1,1,0
529,426,1,0,1
529,399,1,0,0
529,707,1,0,0
529,88,1,1,0
529,734,1,0,0
529,159,2,2,0
529,741,1,0,0
529,408,1,0,0
529,97,1,1,0
529,692,1,0,0
529,24,1,0,0
529,197,1,0,0
529,699,1,0,0
529,688,1,1,0
529,930,1,0,0
530,199,1,1,0
530,32,1,1,0
530,171,1,0,1
530,293,1,0,1
530,635,1,1,0
530,26,1,0,0
530,99,1,0,0
531,199,2,2,0
531,408,1,1,0
532,199,1,1,0
532,75,1,0,0
533,40,1,1,0
533,20,2,2,0
533,28,2,2,0
533,105,1,1,0
533,159,2,2,0
533,33,1,1,0
533,55,1,1,0
533,88,1,1,0
533,56,1,1,0
533,19,1,1,0
533,15,1,1,0
533,11,1,1,0
533,14,1,1,0
534,336,1,1,0
534,408,2,1,1
534,471,1,1,0
534,259,1,1,0
534,380,4,3,1
534,661,2,1,0
534,675,1,0,0
534,534,30,18,10
534,279,1,0,0
534,24,1,1,0
534,105,4,4,0
534,121,2,2,0
534,230,2,2,0
534,542,1,1,0
534,1133,1,0,1
534,1102,1,1,0
534,1127,1,1,0
534,1126,1,1,0
534,40,1,1,0
534,523,2,1,1
534,426,2,2,0
534,109,2,1,0
534,918,2,1,1
534,170,2,1,1
534,207,1,1,0
534,1062,2,2,0
534,34,2,1,0
534,246,2,0,1
534,334,3,2,1
534,281,1,0,0
534,663,3,1,1
534,386,1,1,0
534,621,1,1,0
534,674,1,0,0
534,360,1,0,0
534,688,1,1,0
534,256,3,1,2
534,513,1,1,0
534,397,1,0,1
534,319,1,0,1
534,36,1,1,0
534,402,1,1,0
534,339,1,1,0
534,619,2,1,0
534,294,1,1,0
534,816,2,0,0
534,515,3,2,0
534,148,1,0,1
534,734,1,0,0
534,282,1,1,0
534,399,1,1,0
534,240,1,0,1
534,84,1,0,1
534,13,2,2,0
534,901,1,1,0
534,82,1,1,0
534,215,1,1,0
534,930,1,0,1
534,684,1,1,0
534,168,1,0,0
534,340,1,0,0
534,2308,2,2,0
534,646,1,0,1
534,512,1,0,1
534,0,1,0,1
534,379,1,1,0
534,498,1,0,1
534,272,1,0,1
535,426,2,2,0
535,86,1,0,0
535,184,1,1,0
535,304,1,1,0
535,318,2,2,0
535,59,1,0,1
535,20,1,0,1
535,106,2,1,1
535,76,1,0,1
535,240,1,1,0
535,259,1,0,1
535,256,1,0,1
535,143,1,1,0
535,123,1,1,0
535,176,1,1,0
535,104,1,0,1
535,349,1,0,0
535,2,1,0,0
535,692,1,0,1
535,12,1,0,1
535,238,1,1,0
535,57,1,1,0
535,8,1,0,1
535,560,1,1,0
535,87,1,0,1
535,36,1,1,0
535,9,1,0,1
535,171,1,1,0
535,137,1,1,0
535,415,1,1,0
536,426,1,1,0
536,431,1,0,1
536,598,1,0,1
536,542,1,1,0
536,24,1,0,0
536,137,1,0,1
536,667,1,0,0
536,84,1,0,1
536,158,1,1,0
536,399,1,1,0
536,39,1,1,0
536,402,1,1,0
536,7,1,1,0
536,238,2,1,1
536,347,1,0,1
536,395,1,0,0
536,143,1,0,1
536,415,1,0,0
536,97,1,1,0
536,56,2,2,0
536,107,1,1,0
536,523,1,1,0
536,334,1,1,0
536,483,1,1,0
536,23,2,0,2
536,77,1,1,0
536,75,1,0,1
536,9,1,0,1
536,280,3,2,1
536,301,3,1,2
536,51,1,1,0
536,706,1,0,1
536,25,2,1,1
536,167,1,1,0
536,93,1,0,0
536,88,1,1,0
536,53,2,1,1
536,60,1,1,0
536,8,1,1,0
536,74,1,0,0
536,85,1,0,0
536,666,1,1,0
536,61,1,0,0
536,59,2,2,0
536,40,1,1,0
536,318,1,1,0
536,692,1,0,1
536,439,1,1,0
536,86,1,1,0
536,87,1,0,0
536,199,1,1,0
537,426,1,1,0
537,324,1,1,0
537,149,1,0,1
537,78,1,1,0
537,207,1,1,0
537,137,1,0,1
537,87,1,1,0
537,107,1,0,1
537,297,1,1,0
537,361,1,1,0
537,76,1,1,0
537,14,1,1,0
537,7,1,0,1
537,53,2,1,0
537,17,1,1,0
537,86,1,1,0
537,170,1,1,0
537,51,1,0,1
537,706,4,3,1
537,168,1,1,0
537,483,1,1,0
537,159,1,0,1
537,93,1,1,0
537,123,1,1,0
537,248,1,1,0
537,25,1,1,0
537,115,1,1,0
537,13,1,1,0
537,901,1,1,0
537,156,1,1,0
537,59,1,1,0
537,609,2,2,0
537,439,1,1,0
537,148,1,1,0
537,57,1,0,0
537,176,1,1,0
537,104,1,0,1
538,426,1,1,0
538,397,1,1,0
538,107,1,1,0
538,439,1,1,0
538,281,1,1,0
538,310,1,0,1
538,159,1,1,0
538,105,1,1,0
538,74,2,1,1
538,410,1,1,0
538,246,1,1,0
538,240,1,1,0
538,57,1,0,0
538,1,1,1,0
538,52,1,0,0
538,9,1,1,0
538,238,1,0,0
538,381,1,1,0
538,362,1,0,1
538,12,1,0,1
538,58,1,0,1
538,8,1,1,0
538,56,1,0,1
538,175,1,1,0
538,23,1,1,0
538,208,1,1,0
539,426,1,1,0
540,426,1,0,1
541,277,1,1,0
541,541,7,4,2
541,76,1,1,0
541,499,1,0,0
541,513,1,1,0
541,34,1,1,0
541,208,1,1,0
542,319,1,0,0
542,277,1,1,0
542,396,1,1,0
542,523,2,1,1
542,171,1,0,1
542,294,1,0,1
542,584,1,1,0
542,713,1,1,0
542,673,1,0,1
542,542,59,33,18
542,215,1,1,0
542,30,2,1,1
542,115,3,0,3
542,415,1,0,1
542,238,2,1,1
542,426,1,1,0
542,105,1,0,0
542,334,1,1,0
542,688,1,1,0
542,197,1,1,0
542,148,2,1,1
542,200,1,0,1
542,273,2,2,0
542,25,4,4,0
542,554,2,0,1
542,429,1,0,0
542,139,2,2,0
542,339,1,0,1
542,280,1,0,0
542,320,2,2,0
542,278,2,0,1
542,395,2,0,0
542,511,1,0,1
542,380,2,2,0
542,87,1,1,0
542,104,1,1,0
542,374,1,0,0
542,282,1,1,0
542,157,1,1,0
542,310,1,1,0
542,699,1,0,0
542,638,1,1,0
542,78,1,0,0
542,198,3,2,1
542,300,2,1,1
542,144,1,0,0
542,175,1,1,0
542,376,1,1,0
542,2537,3,2,0
542,492,1,0,1
542,317,2,1,0
542,107,1,1,0
542,77,2,2,0
542,498,1,1,0
542,295,1,0,0
542,17,1,0,1
542,19,1,0,1
542,40,1,0,0
542,39,3,1,2
542,359,1,0,1
542,137,1,0,1
542,659,1,0,0
542,0,1,0,1
542,336,1,0,1
542,23,1,1,0
542,28,1,1,0
542,901,1,0,1
542,1142,1,0,1
542,408,2,1,1
542,347,1,1,0
542,101,1,1,0
542,358,3,2,1
542,327,1,0,1
542,815,1,1,0
542,146,1,0,1
542,82,1,1,0
542,88,1,1,0
542,149,2,1,1
542,717,1,0,0
542,109,1,1,0
542,216,1,0,0
542,461,2,2,0
542,402,1,1,0
542,84,1,0,1
542,1894,1,0,1
543,240,1,1,0
543,31,1,1,0
543,149,1,0,1
543,0,1,0,1
543,106,2,1,1
543,779,1,0,1
543,115,1,0,1
543,792,1,0,1
543,104,1,1,0
543,208,1,1,0
543,415,1,1,0
543,55,1,1,0
543,19,1,1,0
543,234,1,0,1
543,61,1,1,0
543,1357,1,0,0
543,18,1,0,1
543,82,1,0,0
543,145,1,1,0
543,467,1,1,0
543,1119,1,1,0
543,57,1,1,0
544,148,1,0,1
544,396,1,1,0
544,118,1,1,0
545,148,1,1,0
545,156,1,1,0
545,77,1,1,0
545,584,1,0,1
545,179,1,0,1
545,0,1,1,0
545,36,1,1,0
545,31,1,1,0
545,246,1,1,0
545,208,1,1,0
546,171,1,1,0
546,295,1,1,0
546,408,1,1,0
546,39,1,1,0
546,60,1,1,0
546,1091,1,1,0
546,688,1,0,0
546,659,2,2,0
546,7,1,1,0
546,59,1,0,0
546,86,1,0,1
546,878,1,1,0
546,115,1,1,0
546,55,1,0,0
546,57,1,0,1
546,176,1,1,0
547,171,1,1,0
547,238,1,0,1
547,673,1,1,0
547,439,1,1,0
547,19,1,0,1
547,878,1,1,0
547,98,1,1,0
547,84,1,1,0
548,145,1,1,0
548,87,2,1,1
548,278,1,1,0
548,103,2,1,1
548,36,1,0,1
548,216,2,2,0
548,121,1,0,1
548,37,1,0,1
548,513,1,1,0
548,294,2,2,0
548,445,1,1,0
548,7,2,2,0
548,77,2,1,1
548,148,1,0,1
548,23,1,1,0
548,16,1,1,0
548,706,1,0,1
548,22,1,1,0
548,61,1,1,0
548,336,1,1,0
548,1,1,1,0
548,256,1,1,0
548,259,1,1,0
548,101,5,2,2
548,395,1,0,0
548,122,1,1,0
548,60,1,1,0
548,511,1,1,0
548,24,2,0,1
548,106,1,0,1
548,390,1,0,0
548,144,1,1,0
548,312,1,0,1
548,273,1,0,0
548,1195,1,0,0
548,55,1,1,0
548,512,1,0,1
548,320,1,0,0
548,379,1,1,0
548,157,1,1,0
548,30,2,1,1
548,26,2,2,0
548,347,1,1,0
548,28,1,0,1
548,18,1,1,0
548,9,2,1,1
548,57,5,4,1
548,176,3,2,0
548,207,1,1,0
548,84,2,0,2
548,8,1,1,0
548,280,1,1,0
548,854,1,1,0
548,199,1,0,0
548,25,2,1,1
548,321,1,0,1
548,461,1,1,0
548,17,1,0,1
548,295,1,1,0
548,19,1,1,0
548,734,1,0,0
548,137,1,0,1
548,419,1,1,0
548,75,1,1,0
548,716,2,2,0
548,707,1,1,0
548,432,1,1,0
548,246,1,0,0
548,39,1,0,1
548,159,2,2,0
548,31,1,0,1
548,646,1,1,0
548,930,1,0,0
548,415,2,1,1
548,158,1,0,1
548,147,2,1,1
548,2,1,1,0
549,145,1,0,1
550,122,1,1,0
550,279,2,2,0
550,39,1,0,0
550,399,1,0,0
550,159,1,1,0
550,171,1,1,0
550,147,2,2,0
550,608,1,1,0
550,22,1,1,0
550,101,3,1,1
550,7,2,2,0
550,430,2,1,0
550,294,2,2,0
550,554,1,0,1
550,31,1,1,0
550,1,1,1,0
550,104,1,1,0
550,57,1,1,0
550,667,1,1,0
550,912,1,0,0
550,299,1,0,0
550,105,1,1,0
550,256,1,0,0
550,158,1,0,0
550,139,1,1,0
550,1236,1,1,0
550,137,2,1,0
550,334,1,0,0
550,208,1,1,0
550,273,1,1,0
550,200,1,1,0
550,321,1,0,0
550,339,1,1,0
550,215,1,1,0
550,413,1,1,0
550,240,1,1,0
550,103,1,1,0
550,149,1,0,1
550,512,1,0,1
550,483,1,0,1
550,17,1,0,1
550,20,1,0,1
550,246,1,0,1
550,179,1,0,1
550,349,1,0,1
550,542,1,0,0
550,234,1,0,0
550,28,2,1,1
550,379,2,1,0
550,673,1,1,0
550,523,2,0,1
550,2855,1,1,0
550,87,1,1,0
550,156,1,0,1
550,98,1,1,0
550,347,1,1,0
550,815,2,0,0
550,395,1,1,0
551,122,1,1,0
552,122,1,1,0
552,13,1,1,0
552,81,1,0,1
552,246,1,1,0
552,659,1,1,0
552,542,2,1,1
552,376,1,1,0
552,327,1,0,1
552,105,1,1,0
552,379,1,1,0
552,358,1,1,0
552,259,1,0,1
552,61,2,2,0
552,52,1,1,0
552,0,2,1,0
552,625,1,1,0
552,333,1,1,0
552,498,1,0,0
552,11,1,1,0
552,1102,1,1,0
552,137,1,1,0
552,238,1,1,0
552,147,1,1,0
552,317,2,1,0
552,57,1,1,0
552,706,1,1,0
552,53,1,1,0
552,415,1,0,0
552,107,1,1,0
552,26,1,1,0
552,395,2,1,1
552,402,2,1,0
552,176,2,2,0
552,208,1,0,1
552,334,1,0,0
552,109,1,0,0
552,374,1,0,1
552,59,1,1,0
553,380,1,1,0
553,222,1,1,0
553,196,1,0,1
553,240,1,1,0
553,692,3,1,0
553,168,2,0,1
553,996,2,0,2
553,379,1,1,0
553,402,2,0,2
553,667,1,1,0
553,52,1,1,0
553,208,1,1,0
553,277,1,1,0
553,19,1,0,0
553,171,1,1,0
553,321,1,1,0
553,945,1,0,0
553,294,2,2,0
553,912,1,1,0
553,1195,1,0,0
553,149,2,1,0
553,492,2,0,0
553,85,2,1,0
553,16,2,0,1
553,301,1,0,0
553,336,1,0,0
553,200,1,0,0
553,772,1,1,0
553,584,1,0,1
553,218,2,2,0
553,258,1,0,1
553,933,1,0,0
553,688,2,1,0
553,51,2,1,0
553,399,1,0,0
553,741,1,1,0
553,26,1,1,0
553,426,1,1,0
553,320,1,0,1
553,18,1,0,1
553,9,1,0,1
553,246,1,1,0
553,143,1,0,1
553,311,2,1,1
553,2854,1,1,0
553,508,1,1,0
553,831,1,0,0
553,148,1,1,0
553,646,2,0,2
553,318,1,1,0
553,415,2,2,0
553,121,1,1,0
553,256,1,1,0
553,147,1,1,0
553,22,1,1,0
554,554,92,29,52
554,215,2,1,1
554,139,4,3,1
554,541,1,1,0
554,359,1,1,0
554,673,1,1,0
554,862,4,2,0
554,13,1,1,0
554,494,1,1,0
554,1133,1,0,1
554,1102,1,0,0
554,431,14,4,9
554,25,1,0,1
554,379,1,1,0
554,621,1,1,0
554,608,1,0,1
554,663,1,1,0
554,336,3,3,0
554,293,1,1,0
554,1127,1,1,0
554,28,1,1,0
554,105,1,1,0
554,208,2,2,0
554,415,1,1,0
554,175,2,1,1
554,419,2,1,1
554,854,3,2,1
554,84,1,1,0
554,158,1,0,1
554,256,2,0,0
554,31,1,1,0
554,277,1,1,0
554,381,2,0,2
554,1423,1,0,1
554,327,1,1,0
554,374,1,1,0
554,741,1,1,0
554,901,1,1,0
554,24,1,0,1
554,317,1,0,1
554,772,2,0,2
554,77,2,1,1
554,408,1,0,1
554,930,1,0,0
554,372,1,0,1
554,23,1,1,0
554,318,2,2,0
554,831,1,1,0
554,278,1,0,1
554,159,1,0,1
554,395,1,0,1
554,362,1,1,0
554,638,1,1,0
555,554,1,1,0
556,408,1,0,0
556,39,1,1,0
556,621,1,0,1
556,118,1,0,1
556,208,1,1,0
556,240,1,1,0
556,104,1,1,0
556,15,1,0,1
556,850,1,0,1
556,82,1,0,0
556,282,1,0,0
556,181,1,1,0
557,408,1,1,0
557,609,1,0,1
557,426,1,1,0
557,779,1,1,0
557,39,1,0,0
558,408,1,1,0
559,246,1,1,0
559,652,1,1,0
559,198,1,1,0
559,673,1,1,0
559,25,1,1,0
559,169,1,1,0
559,256,1,1,0
559,445,1,0,1
559,55,1,1,0
559,58,1,0,1
560,2,1,1,0
560,74,1,0,1
560,30,2,1,1
560,560,2,1,1
560,222,1,0,1
560,413,1,0,0
560,792,1,1,0
560,28,1,1,0
560,32,1,1,0
560,199,1,0,1
560,312,1,0,0
560,432,1,0,0
561,158,1,1,0
561,105,1,0,1
561,347,3,1,2
561,19,1,1,0
561,653,1,0,1
561,312,1,1,0
561,200,1,1,0
561,358,1,1,0
561,310,1,1,0
561,157,1,0,0
562,158,1,1,0
562,98,2,2,0
562,310,1,0,1
562,399,1,1,0
563,301,1,1,0
563,314,1,1,0
563,57,1,1,0
563,24,1,1,0
563,93,1,1,0
563,145,1,1,0
563,101,1,1,0
563,121,1,1,0
563,534,1,1,0
563,157,1,1,0
563,470,1,1,0
564,301,1,1,0
564,28,1,1,0
565,513,1,1,0
565,80,1,1,0
565,16,1,0,1
565,75,1,0,1
565,518,1,0,0
565,82,1,1,0
565,301,1,1,0
565,81,1,0,1
565,362,1,1,0
565,24,1,0,0
566,513,1,1,0
566,659,1,0,0
566,101,1,1,0
567,513,1,0,0
567,8,1,0,0
567,734,1,0,0
567,59,1,0,0
567,0,1,1,0
568,179,1,1,0
568,637,1,1,0
568,415,1,1,0
568,77,1,1,0
568,238,1,0,1
568,137,1,1,0
568,280,1,1,0
568,84,2,2,0
568,57,1,0,0
568,816,1,0,0
568,792,1,1,0
568,216,1,1,0
568,19,1,0,0
568,25,2,2,0
568,74,1,1,0
568,836,1,0,1
568,159,2,0,2
568,199,1,0,0
568,97,1,1,0
568,208,1,1,0
568,60,1,0,1
568,88,1,1,0
568,259,1,1,0
568,200,1,1,0
568,318,1,1,0
568,158,1,0,1
569,179,2,1,1
569,402,1,1,0
569,534,2,2,0
569,319,1,1,0
569,340,1,0,1
569,149,2,1,0
569,156,1,1,0
569,930,1,0,1
569,0,2,1,1
569,12,1,0,1
569,314,1,1,0
569,304,1,1,0
569,713,1,1,0
569,81,1,0,1
569,101,1,1,0
569,374,1,1,0
569,18,1,0,1
570,334,1,1,0
570,207,1,0,1
570,930,1,1,0
570,408,1,1,0
570,59,1,1,0
570,23,1,1,0
570,523,1,1,0
570,327,1,0,1
571,179,1,0,0
571,170,1,0,1
571,184,1,1,0
571,512,1,0,1
571,430,1,1,0
571,621,1,0,1
571,792,1,0,1
571,156,1,0,1
571,294,1,1,0
571,199,1,1,0
571,609,1,0,1
571,28,1,0,1
571,147,1,0,1
571,280,1,1,0
572,147,1,1,0
572,11,1,1,0
572,31,2,1,1
572,7,1,1,0
572,340,1,0,1
572,9,1,0,1
572,199,1,0,1
572,706,2,2,0
572,51,1,0,1
572,792,1,1,0
572,609,1,0,1
573,147,1,0,1
573,81,1,1,0
573,609,1,0,1
574,200,1,0,1
575,318,2,2,0
575,608,1,1,0
575,362,2,2,0
575,1147,1,1,0
575,381,3,2,0
575,297,1,1,0
575,334,1,1,0
575,82,1,1,0
575,76,1,1,0
575,296,1,1,0
575,277,1,1,0
575,147,1,0,0
575,511,1,1,0
575,23,1,0,1
576,31,1,1,0
576,430,1,0,0
576,0,1,1,0
576,341,1,0,0
576,16,1,0,1
576,218,1,1,0
576,554,1,0,0
576,106,1,1,0
576,230,1,1,0
576,410,1,0,1
576,1,1,1,0
576,7,1,1,0
576,169,1,0,0
576,246,1,1,0
576,273,1,0,0
576,18,1,0,0
576,101,1,1,0
576,137,1,0,1
577,31,1,1,0
577,256,1,1,0
577,770,1,0,1
577,28,1,1,0
577,321,1,1,0
577,13,1,1,0
578,31,1,1,0
579,279,1,1,0
579,295,1,1,0
579,640,1,0,1
579,1272,1,1,0
579,379,1,1,0
579,171,2,0,1
579,301,1,0,1
579,361,1,0,1
579,659,1,1,0
579,579,9,4,3
579,312,1,0,0
579,1236,1,1,0
579,321,1,0,0
579,584,5,2,2
579,376,1,0,0
579,52,1,1,0
579,167,1,1,0
579,77,2,1,1
579,508,1,0,0
579,272,1,0,0
579,408,1,0,0
579,39,5,4,1
579,175,1,1,0
579,334,2,1,1
579,523,1,1,0
579,31,1,1,0
579,854,1,0,0
579,512,1,0,1
579,336,1,0,1
579,122,1,1,0
579,439,3,3,0
579,7,1,0,1
579,1147,1,1,0
579,494,1,0,1
579,621,1,0,1
579,181,1,1,0
579,318,5,2,2
579,297,1,1,0
579,1127,1,1,0
579,18,1,0,0
579,156,3,0,2
579,199,1,1,0
579,609,1,1,0
579,430,1,0,1
579,327,1,1,0
580,580,20,11,5
580,198,1,1,0
580,320,1,0,0
580,467,1,1,0
580,513,1,0,0
580,402,1,0,0
580,621,1,1,0
580,653,1,0,0
580,234,1,1,0
580,301,1,0,1
580,624,1,1,0
580,523,1,0,0
580,40,1,0,1
580,109,1,1,0
580,273,1,1,0
580,87,1,1,0
580,608,1,1,0
580,333,1,1,0
580,432,1,1,0
580,334,1,1,0
580,222,1,1,0
580,105,1,1,0
580,854,1,0,0
580,256,4,1,2
580,501,1,0,0
580,278,1,0,0
580,663,1,0,1
580,18,1,1,0
580,159,1,0,1
580,82,2,0,0
580,426,1,0,0
580,246,1,1,0
580,652,4,2,1
581,30,1,0,1
581,511,1,0,0
581,674,1,1,0
581,1272,1,1,0
581,816,3,1,2
581,663,1,1,0
581,84,1,0,1
581,906,1,0,1
581,471,2,2,0
581,646,1,1,0
581,523,1,0,0
581,159,1,0,0
581,222,1,0,0
581,175,1,0,1
581,156,1,0,1
582,294,1,1,0
582,360,1,1,0
582,432,1,1,0
582,2534,1,1,0
583,39,1,1,0
583,471,2,1,1
583,360,1,1,0
583,282,1,1,0
583,272,1,0,1
583,513,1,1,0
583,415,1,0,1
583,321,2,2,0
583,30,2,1,1
583,320,1,1,0
583,143,1,1,0
583,700,1,1,0
583,81,1,1,0
583,77,2,2,0
583,23,3,2,1
583,159,2,2,0
583,56,1,0,1
583,432,1,0,1
583,121,1,1,0
583,518,1,1,0
583,470,2,2,0
583,426,1,0,1
583,311,2,0,0
583,300,1,1,0
583,215,1,0,1
583,176,1,1,0
583,60,1,0,1
583,146,1,0,1
583,734,1,0,1
583,13,2,1,1
583,34,1,1,0
583,137,1,0,1
583,93,1,0,1
583,240,1,1,0
583,145,1,1,0
583,31,1,1,0
583,359,1,1,0
583,17,1,1,0
583,7,2,1,1
583,334,1,1,0
583,8,4,3,0
583,170,1,1,0
583,106,2,2,0
583,15,1,1,0
583,430,1,1,0
583,279,1,0,1
583,584,1,1,0
583,115,1,1,0
583,105,2,2,0
583,512,1,0,1
583,508,1,1,0
583,12,1,0,1
583,347,1,0,1
583,19,1,1,0
583,58,1,0,1
583,419,1,1,0
583,55,1,0,1
583,1149,1,1,0
583,399,1,1,0
584,39,24,8,10
584,541,1,0,0
584,663,1,0,1
584,179,1,1,0
584,584,70,30,37
584,105,2,2,0
584,238,3,2,1
584,84,5,4,0
584,159,2,0,2
584,358,1,0,1
584,379,1,0,1
584,77,3,0,2
584,430,1,0,0
584,19,1,1,0
584,215,1,0,1
584,396,1,1,0
584,327,2,0,2
584,638,1,0,1
584,334,1,1,0
584,470,2,1,1
584,139,1,1,0
584,621,2,0,1
584,713,1,1,0
584,397,1,1,0
584,579,12,5,6
584,319,1,1,0
584,1031,1,1,0
584,0,4,1,0
584,299,3,1,1
584,300,3,1,0
584,395,1,0,1
584,492,2,2,0
584,408,3,1,2
584,410,1,0,0
584,496,1,0,0
584,716,1,1,0
584,26,1,0,1
584,511,1,0,0
584,318,3,3,0
584,76,1,1,0
584,123,1,1,0
584,216,1,1,0
584,336,2,2,0
584,294,3,2,1
584,222,1,1,0
584,28,1,0,1
584,196,1,1,0
584,277,1,0,1
584,57,2,2,0
584,494,1,0,1
584,246,1,1,0
584,301,1,1,0
584,471,1,1,0
584,230,2,1,0
584,87,2,2,0
584,439,1,0,0
584,281,1,1,0
584,169,1,1,0
584,619,2,1,0
584,878,3,2,1
584,9,1,1,0
584,147,1,1,0
584,273,1,1,0
584,339,1,0,1
584,426,1,0,1
584,304,2,0,2
584,101,2,1,1
584,170,1,0,1
584,149,1,0,1
584,341,1,1,0
584,359,1,0,1
584,148,1,0,1
584,461,1,1,0
584,692,1,1,0
584,413,2,0,0
584,60,1,1,0
584,659,1,0,1
584,317,1,0,1
584,1127,1,0,1
584,55,1,0,1
584,311,1,0,1
584,321,1,0,1
584,419,1,1,0
584,700,1,1,0
584,854,1,1,0
584,684,1,0,1
584,362,1,0,1
585,39,1,1,0
586,39,1,0,0
586,667,1,0,1
586,854,1,1,0
586,716,1,1,0
586,399,1,0,0
586,336,1,1,0
586,327,2,0,1
586,901,1,1,0
586,158,1,1,0
586,159,1,1,0
586,60,1,1,0
586,176,2,1,1
586,87,1,1,0
586,179,1,1,0
586,646,1,0,0
586,234,1,1,0
586,145,1,1,0
586,301,1,1,0
586,139,1,0,0
587,39,1,0,1
587,107,1,1,0
587,121,1,0,0
587,294,1,1,0
587,361,2,1,0
587,1267,1,1,0
588,143,1,1,0
588,197,1,1,0
588,80,1,1,0
588,156,1,1,0
588,148,1,0,1
588,88,1,1,0
588,28,1,0,1
588,901,1,1,0
589,534,1,1,0
589,149,1,0,1
589,167,1,0,1
589,208,1,1,0
589,199,1,0,0
589,327,1,1,0
589,85,1,1,0
589,1,1,1,0
589,93,1,1,0
589,246,1,0,0
589,36,1,1,0
590,184,1,1,0
590,82,1,0,0
590,431,1,1,0
590,208,1,1,0
590,511,1,1,0
590,40,1,0,1
591,295,1,1,0
592,295,1,1,0
592,496,1,1,0
592,854,1,1,0
592,105,1,1,0
592,358,1,1,0
592,439,1,1,0
592,278,1,1,0
592,143,1,1,0
592,13,1,0,0
593,349,1,1,0
593,311,1,0,0
593,145,1,1,0
593,80,1,1,0
593,84,1,0,0
593,246,1,0,0
593,222,1,0,0
593,674,1,1,0
593,215,1,0,0
593,294,1,1,0
593,390,1,0,0
593,327,1,1,0
593,512,1,0,0
593,619,1,0,0
593,426,1,0,0
593,360,1,1,0
593,179,1,0,0
594,349,1,1,0
595,374,1,1,0
596,467,1,0,1
596,432,1,0,0
596,320,1,0,1
596,121,1,1,0
596,156,1,1,0
596,179,1,1,0
596,7,1,1,0
596,327,1,0,1
596,259,1,0,1
597,467,1,1,0
597,208,1,1,0
597,179,1,0,1
597,82,1,0,0
597,93,1,0,0
597,339,1,1,0
597,196,1,1,0
597,143,1,0,1
597,39,1,1,0
597,61,1,0,0
598,598,20,9,9
598,414,1,0,1
598,430,3,1,1
598,659,2,0,2
598,81,1,1,0
598,87,4,2,2
598,28,2,1,1
598,123,3,1,2
598,84,1,1,0
598,300,2,0,1
598,339,2,0,1
598,281,1,0,1
598,1113,1,1,0
598,37,1,0,1
598,523,2,0,2
598,399,4,1,3
598,240,1,0,1
598,97,1,0,0
598,106,2,0,2
598,501,1,0,1
598,294,2,1,1
598,890,1,0,1
598,402,2,2,0
598,295,1,0,0
598,349,2,2,0
598,279,4,2,1
598,170,2,1,1
598,470,1,1,0
598,508,1,0,1
598,511,1,1,0
598,118,1,1,0
598,1108,1,1,0
598,1102,2,0,2
598,1119,2,1,1
598,1171,1,1,0
598,652,1,1,0
598,854,1,1,0
598,55,1,0,1
598,175,12,1,10
598,379,2,2,0
598,167,3,1,2
598,121,4,1,2
598,40,2,2,0
598,426,3,1,2
598,336,5,1,3
598,301,13,4,8
598,513,1,1,0
598,179,2,1,1
598,230,2,2,0
598,296,4,2,0
598,148,3,1,2
598,24,1,0,1
598,653,1,0,1
598,462,1,1,0
598,105,2,1,1
598,395,1,1,0
598,579,1,1,0
598,1,1,1,0
598,122,2,1,1
598,101,1,1,0
598,98,1,1,0
598,82,1,1,0
598,198,1,1,0
598,34,1,0,1
598,104,1,1,0
598,208,2,0,2
598,413,3,2,0
598,146,1,0,1
598,199,3,2,1
598,374,1,1,0
598,334,4,3,1
598,347,3,2,0
598,461,2,1,1
598,311,1,0,1
598,222,1,1,0
598,619,1,0,1
598,32,1,0,1
598,542,1,1,0
598,327,1,1,0
598,415,1,0,1
598,317,1,1,0
598,277,2,0,1
598,57,1,1,0
598,137,8,1,5
598,139,2,2,0
598,625,1,1,0
598,674,1,0,0
598,21,1,0,1
598,19,1,0,1
598,207,1,1,0
598,359,1,0,1
598,36,1,1,0
598,149,1,1,0
598,278,3,1,1
598,85,2,2,0
598,216,1,1,0
598,215,2,0,1
598,52,2,1,0
598,299,1,1,0
598,554,1,1,0
598,310,1,0,1
598,439,1,0,1
598,115,2,1,0
598,143,1,0,1
598,380,1,1,0
598,74,2,1,1
598,654,1,1,0
598,12,1,0,1
598,23,1,0,1
598,17,1,0,1
598,196,1,0,0
598,320,2,0,1
598,256,1,1,0
598,58,1,1,0
598,512,1,0,1
598,0,2,0,2
598,145,1,1,0
598,471,1,1,0
598,25,2,0,1
598,260,4,0,4
598,624,1,1,0
598,80,1,1,0
598,918,1,0,1
598,372,2,1,1
598,218,1,0,1
598,2296,2,0,1
598,2328,1,1,0
598,2956,1,1,0
598,31,1,0,0
598,499,1,1,0
598,59,1,1,0
598,259,1,0,1
599,334,1,1,0
599,143,1,1,0
599,360,1,1,0
599,541,1,1,0
599,28,1,1,0
599,256,1,1,0
599,399,1,1,0
599,707,1,1,0
599,706,1,1,0
599,87,1,1,0
599,277,1,0,0
600,347,1,1,0
600,1,1,1,0
600,395,1,0,0
600,300,1,0,1
600,294,1,1,0
600,157,1,0,0
600,159,3,1,0
600,9,1,0,0
600,52,1,0,0
600,158,1,1,0
600,107,1,0,0
600,246,1,0,0
600,301,1,0,0
600,57,1,0,0
600,584,2,1,0
600,734,1,1,0
600,56,2,0,0
600,147,1,1,0
600,716,1,0,0
600,850,1,0,0
600,84,1,0,0
600,59,1,0,0
600,415,1,0,0
601,347,1,1,0
601,143,1,1,0
601,300,2,2,0
601,1272,1,1,0
602,347,1,0,0
602,101,1,0,0
602,692,1,0,0
602,115,1,1,0
602,340,2,1,0
602,410,1,0,0
602,34,2,0,0
602,81,1,0,0
602,230,1,0,0
602,197,1,0,0
602,85,2,1,0
602,277,1,0,0
602,61,1,0,0
602,402,1,0,0
602,87,4,0,0
602,98,2,0,0
602,83,1,0,0
602,12,1,1,0
602,59,1,0,0
602,240,1,1,0
602,541,1,0,0
602,19,1,0,0
602,143,1,0,0
602,327,2,1,0
602,144,1,0,0
602,430,1,0,0
602,158,1,1,0
602,207,1,1,0
602,76,1,0,0
602,137,2,0,0
602,1,1,0,0
602,105,1,1,0
602,58,2,0,0
602,149,1,0,0
602,426,1,1,0
602,139,1,1,0
602,667,1,0,0
602,542,1,0,0
602,17,2,0,0
602,104,2,1,0
602,208,1,0,0
602,300,3,1,0
602,358,1,0,0
602,341,1,0,0
602,216,2,0,0
602,179,1,0,0
602,415,1,0,0
602,93,1,0,0
602,18,1,0,0
602,55,1,0,0
602,9,2,0,0
602,246,1,0,0
602,51,1,0,0
602,169,1,0,0
602,88,2,0,0
602,334,1,0,0
602,297,1,0,0
602,850,1,0,0
602,381,1,1,0
602,11,1,0,0
602,293,1,0,0
602,646,2,1,0
602,515,1,0,0
602,16,1,0,0
602,318,1,1,0
602,147,1,1,0
603,347,1,1,0
603,208,1,1,0
603,659,1,0,1
603,51,1,1,0
604,347,1,1,0
604,16,1,0,0
605,471,1,0,1
605,470,1,0,0
605,432,1,0,1
605,349,1,1,0
605,0,1,1,0
605,661,1,0,1
605,1276,1,0,1
605,281,1,0,1
605,402,1,0,0
605,301,1,1,0
606,471,1,1,0
606,99,1,1,0
606,104,2,1,1
607,230,1,0,1
607,24,1,1,0
607,121,1,1,0
607,717,1,0,0
608,930,1,1,0
608,494,1,1,0
608,608,17,6,9
608,674,1,0,1
608,143,2,2,0
608,854,6,3,3
608,16,1,1,0
608,82,1,1,0
608,277,1,0,1
608,379,1,1,0
608,83,1,0,0
608,282,1,0,0
608,301,1,1,0
608,294,1,1,0
608,311,2,0,1
608,431,2,1,1
608,0,1,1,0
608,402,1,1,0
608,467,1,1,0
608,542,2,1,1
608,208,2,0,1
608,122,1,1,0
608,39,1,0,0
608,139,1,0,1
608,17,1,1,0
608,200,3,2,0
608,56,1,0,0
608,137,1,1,0
608,339,1,1,0
608,581,3,1,1
608,167,1,0,0
608,76,1,0,0
608,492,1,0,0
608,512,1,1,0
608,179,1,1,0
608,439,1,0,0
608,619,1,0,1
608,864,2,0,2
608,362,1,1,0
608,297,1,0,1
608,28,1,0,1
608,399,1,0,1
608,374,1,0,1
608,878,1,0,0
609,608,1,1,0
609,1,1,0,0
609,51,17,11,4
609,81,1,1,0
609,123,1,1,0
609,105,2,2,0
609,310,1,0,0
609,18,5,2,1
609,144,1,1,0
609,277,1,0,0
609,121,3,1,1
609,19,2,1,1
609,37,1,1,0
609,0,1,0,1
609,240,3,1,1
609,912,1,1,0
609,692,10,3,5
609,26,5,3,1
609,1021,1,1,0
609,23,2,2,0
609,53,7,3,2
609,707,1,1,0
609,59,4,3,1
609,218,1,1,0
609,772,2,2,0
609,9,3,3,0
609,831,2,1,0
609,281,1,0,1
609,33,2,2,0
609,156,6,6,0
609,16,4,2,1
609,106,1,1,0
609,143,7,3,4
609,930,1,0,1
609,293,1,1,0
609,168,1,1,0
609,609,47,31,14
609,76,1,0,1
609,58,5,2,2
609,52,3,1,2
609,148,2,2,0
609,1272,1,0,0
609,280,2,2,0
609,107,1,0,0
609,21,1,0,1
609,88,3,1,1
609,699,2,1,0
609,695,3,2,0
609,816,1,0,1
609,792,2,0,2
609,925,2,0,0
609,147,1,0,0
609,28,4,2,1
609,17,8,5,3
609,74,3,3,0
609,31,1,0,0
609,22,1,1,0
609,836,2,1,1
609,1109,1,1,0
609,159,3,3,0
609,75,1,1,0
609,97,2,1,1
609,646,14,5,7
609,61,2,2,0
609,492,1,1,0
609,57,3,3,0
609,115,1,1,0
609,311,2,0,1
609,1142,1,0,1
609,318,1,1,0
609,336,1,1,0
609,8,2,2,0
609,36,1,0,0
609,179,1,1,0
609,196,1,1,0
609,2861,4,4,0
609,12,2,0,2
609,40,1,1,0
609,207,1,1,0
609,171,1,1,0
609,55,1,1,0
609,439,1,0,1
609,87,1,0,0
610,25,1,1,0
610,621,1,0,1
610,496,1,1,0
610,121,1,1,0
610,310,1,1,0
610,492,1,0,1
610,379,1,1,0
610,707,1,0,0
611,296,1,1,0
611,93,1,1,0
611,415,1,0,1
611,340,1,1,0
611,61,1,0,1
611,137,1,1,0
611,53,1,1,0
611,2,1,1,0
611,83,1,0,0
611,361,1,1,0
611,104,1,0,0
611,646,2,0,0
611,18,1,1,0
612,170,1,0,1
612,9,2,2,0
612,523,1,1,0
612,37,1,1,0
612,361,1,0,1
612,159,1,0,0
612,402,1,0,1
613,170,1,1,0
613,408,1,1,0
613,169,1,0,0
613,104,1,1,0
613,159,1,1,0
613,23,1,1,0
614,170,1,1,0
615,439,1,1,0
615,77,1,0,1
615,25,1,1,0
615,678,1,1,0
615,145,1,1,0
615,13,1,1,0
615,121,1,1,0
615,238,1,1,0
615,1142,1,0,1
615,74,1,0,1
615,87,1,0,1
616,462,1,1,0
616,123,3,2,0
616,300,1,1,0
616,75,1,1,0
616,40,1,1,0
616,147,1,0,1
616,39,1,0,1
616,25,1,0,1
616,26,1,0,1
616,430,1,1,0
616,105,1,1,0
616,11,1,1,0
616,8,1,1,0
616,246,1,1,0
616,608,1,1,0
616,7,1,0,1
616,256,1,0,1
616,511,1,1,0
616,36,1,1,0
616,399,1,0,0
616,341,1,1,0
616,51,1,1,0
616,176,1,1,0
616,59,1,0,1
616,854,1,0,1
616,461,1,1,0
616,542,1,1,0
617,439,1,1,0
617,207,1,0,0
617,374,1,0,1
618,15,1,1,0
618,238,2,1,1
618,339,1,1,0
618,36,1,1,0
618,492,1,0,1
618,23,4,2,1
618,7,1,0,1
618,8,2,2,0
618,75,3,2,1
618,51,2,2,0
618,87,1,1,0
618,84,1,1,0
618,171,1,0,0
618,706,1,1,0
618,101,1,1,0
618,18,1,1,0
618,277,1,1,0
618,60,2,1,1
618,318,1,1,0
618,296,1,0,0
618,439,1,0,0
618,496,1,1,0
618,673,1,0,1
618,9,2,2,0
618,97,1,0,1
618,2,1,1,0
618,13,1,1,0
618,55,1,1,0
618,11,1,0,1
618,198,1,0,1
618,34,1,0,0
618,695,2,2,0
618,148,1,1,0
618,115,1,1,0
618,770,1,1,0
618,58,1,0,1
618,24,1,1,0
618,779,1,1,0
618,28,1,1,0
618,53,2,2,0
618,560,1,1,0
618,523,1,0,0
618,184,1,0,1
618,144,2,2,0
618,26,1,1,0
618,379,1,1,0
618,699,1,1,0
618,56,1,1,0
618,734,1,0,0
618,175,1,0,1
618,14,1,1,0
619,445,1,0,1
619,410,1,1,0
619,123,1,0,1
619,358,1,1,0
619,432,18,10,5
619,31,1,0,1
619,621,2,1,1
619,619,52,19,28
619,640,1,0,0
619,197,1,1,0
619,28,1,0,1
619,0,4,2,1
619,171,2,0,2
619,499,1,1,0
619,179,1,1,0
619,349,10,2,5
619,334,1,0,0
619,397,4,0,2
619,1135,1,0,1
619,1127,2,1,1
619,1126,1,0,0
619,1147,8,3,5
619,105,4,3,1
619,278,4,1,3
619,82,8,3,4
619,494,5,2,1
619,148,1,1,0
619,246,2,2,0
619,534,2,1,1
619,299,1,0,1
619,637,1,1,0
619,661,5,1,3
619,1276,3,3,0
619,512,3,1,1
619,361,1,1,0
619,32,2,1,1
619,159,1,1,0
619,109,14,8,5
619,297,1,1,0
619,230,4,2,2
619,985,1,0,0
619,281,1,1,0
619,511,1,1,0
619,831,7,5,1
619,675,4,2,2
619,295,2,1,1
619,196,3,2,0
619,103,1,0,1
619,430,2,1,1
619,222,3,1,2
619,663,2,1,0
619,673,2,1,1
619,340,2,0,0
619,336,1,1,0
619,554,2,2,0
619,513,1,1,0
619,461,1,1,0
619,256,1,0,0
619,706,1,1,0
619,149,1,1,0
619,347,1,0,1
619,426,1,1,0
619,2534,1,0,0
619,492,1,0,1
619,379,2,1,1
619,476,1,1,0
619,360,1,1,0
619,688,1,1,0
619,104,1,1,0
619,659,1,1,0
619,84,2,0,2
619,167,1,0,0
619,272,1,0,0
619,415,1,0,1
619,2932,1,0,1
619,300,1,0,1
619,24,1,0,1
619,402,1,0,1
619,327,1,0,0
619,362,1,0,1
619,717,1,0,0
619,9,1,0,1
619,862,1,0,1
620,259,1,0,1
620,118,1,1,0
620,684,1,0,0
620,22,1,1,0
620,779,1,1,0
620,215,1,0,1
620,143,1,1,0
620,511,1,1,0
620,314,1,0,1
620,659,1,1,0
620,58,1,0,0
620,199,1,0,0
620,716,1,0,1
620,258,1,1,0
620,34,1,1,0
620,24,1,0,1
620,646,1,1,0
620,197,1,1,0
620,158,1,1,0
620,15,1,0,1
620,115,1,1,0
620,159,2,2,0
620,16,1,0,0
620,148,1,1,0
620,300,1,0,1
620,176,1,1,0
620,17,1,1,0
621,663,3,0,3
621,426,3,0,3
621,659,1,0,0
621,512,4,1,0
621,621,7,1,6
621,256,1,0,1
621,339,1,0,1
621,312,1,1,0
621,40,2,1,1
621,1133,2,0,2
621,513,1,0,1
621,380,2,1,1
622,470,1,0,0
623,139,1,0,0
623,196,1,0,1
623,85,1,0,0
623,21,1,1,0
623,301,1,1,0
623,12,1,1,0
624,299,2,2,0
624,624,94,87,2
624,470,3,2,0
624,93,2,2,0
624,431,1,1,0
624,402,1,1,0
624,339,1,1,0
624,215,1,1,0
624,32,1,0,0
624,310,1,1,0
624,395,1,1,0
624,40,1,1,0
624,429,1,1,0
624,713,1,1,0
624,200,1,1,0
624,678,1,1,0
625,324,5,4,1
625,78,1,1,0
625,512,1,1,0
625,513,1,1,0
625,277,1,0,0
625,413,3,1,1
625,1113,1,0,1
625,492,2,0,2
625,199,1,0,1
625,179,6,1,4
625,598,1,0,1
625,415,2,2,0
625,380,1,0,1
625,496,1,1,0
625,1102,1,1,0
625,948,1,0,1
625,1090,1,1,0
625,1119,1,0,1
625,1032,3,1,2
625,410,1,1,0
625,74,3,2,1
625,471,1,0,0
625,88,4,2,1
625,376,2,1,1
625,419,1,0,0
625,218,1,1,0
625,430,1,1,0
625,93,1,0,1
625,56,2,1,0
625,37,1,1,0
625,118,2,1,1
625,168,1,1,0
625,673,1,0,0
625,295,1,1,0
625,200,1,1,0
625,304,1,0,0
625,282,2,1,0
625,52,1,1,0
625,39,1,0,1
625,674,1,0,0
625,196,1,1,0
625,925,1,0,0
625,11,1,1,0
625,36,1,1,0
625,2537,2,1,1
625,523,1,0,1
625,402,2,1,1
625,55,1,1,0
625,374,1,0,1
625,815,1,0,1
625,216,1,0,1
625,28,1,0,1
625,137,1,1,0
625,280,1,0,1
625,359,1,1,0
625,23,1,0,1
625,123,3,3,0
625,156,3,1,1
625,170,2,1,1
625,81,1,0,0
625,87,1,1,0
625,26,1,0,1
625,334,2,0,1
625,84,2,2,0
625,159,2,2,0
625,256,2,1,1
625,103,1,1,0
625,197,1,0,1
625,146,1,1,0
625,149,2,2,0
625,0,1,1,0
625,148,1,0,1
625,408,1,1,0
625,147,1,0,1
625,25,1,1,0
625,259,1,0,0
625,157,1,0,1
625,198,1,0,1
625,625,3,1,1
625,19,1,0,1
625,390,1,0,0
625,104,1,0,1
625,771,1,0,1
625,426,1,1,0
625,86,1,0,1
625,395,1,1,0
625,77,1,1,0
626,324,1,1,0
626,461,1,0,0
626,101,1,0,0
626,74,1,1,0
626,277,1,1,0
626,98,1,1,0
626,57,1,1,0
626,121,1,1,0
626,347,1,1,0
626,87,1,0,0
626,84,1,1,0
626,93,2,2,0
626,60,1,1,0
626,58,1,1,0
626,238,1,1,0
626,280,1,1,0
626,7,1,1,0
626,169,1,1,0
627,508,1,1,0
627,18,1,1,0
627,706,1,1,0
628,258,1,1,0
628,498,1,1,0
628,200,1,1,0
628,419,1,1,0
628,105,1,1,0
628,216,1,1,0
628,336,1,1,0
628,122,1,1,0
628,198,1,1,0
628,101,1,1,0
629,461,1,0,0
629,77,1,1,0
629,31,1,1,0
629,13,1,1,0
629,39,1,1,0
629,74,1,0,0
629,215,1,1,0
629,87,1,1,0
629,59,1,1,0
629,147,1,1,0
629,1811,1,0,0
629,667,1,1,0
629,104,1,1,0
629,37,1,0,0
629,106,1,1,0
629,168,1,0,0
629,362,1,1,0
629,376,1,0,0
629,157,1,0,0
629,426,1,0,0
629,107,1,0,0
629,706,1,1,0
629,16,1,0,1
629,327,1,0,0
629,11,1,1,0
630,461,1,0,0
630,496,1,1,0
630,319,2,0,1
630,310,1,1,0
630,358,1,0,0
630,395,2,1,1
630,312,1,1,0
630,380,1,1,0
630,413,1,0,1
630,59,1,0,1
630,675,1,1,0
630,171,1,0,1
630,104,1,1,0
630,279,1,1,0
630,410,1,1,0
630,415,1,1,0
630,296,1,1,0
630,88,1,1,0
630,341,1,1,0
630,324,1,1,0
630,1236,1,1,0
630,462,1,1,0
630,419,1,1,0
630,349,1,0,0
630,77,1,0,1
630,196,1,1,0
630,659,1,0,0
630,259,1,1,0
630,646,1,0,1
630,240,2,1,1
630,318,1,1,0
630,347,1,1,0
630,246,1,1,0
631,386,1,0,0
631,314,1,0,0
631,39,1,1,0
631,13,1,1,0
631,707,1,0,1
631,430,1,1,0
631,25,1,0,0
631,8,1,0,1
631,15,1,1,0
631,81,1,1,0
631,84,1,1,0
631,157,1,0,0
631,207,1,0,0
631,19,2,2,0
631,17,1,0,1
631,878,1,0,1
631,12,1,0,1
631,609,1,1,0
631,59,1,1,0
631,208,1,0,1
631,23,1,1,0
632,99,1,0,1
632,281,1,0,1
632,496,2,1,1
632,376,1,0,0
632,1032,1,1,0
632,98,1,1,0
632,890,1,1,0
632,426,1,1,0
632,716,1,0,1
632,646,1,0,1
632,17,1,0,1
633,20,1,1,0
633,184,1,1,0
633,176,1,1,0
634,621,1,0,0
634,327,1,0,0
634,816,1,1,0
634,139,1,0,0
636,311,1,1,0
637,659,1,1,0
637,661,1,0,0
637,637,8,1,6
637,912,1,1,0
637,2534,1,0,0
637,358,1,0,1
637,619,1,1,0
638,637,1,0,0
638,2,1,1,0
638,282,3,1,2
638,494,1,0,1
638,512,1,0,1
638,467,12,2,6
638,259,1,1,0
638,207,2,2,0
638,638,13,4,8
638,414,1,1,0
638,395,1,0,0
638,179,1,0,1
638,890,1,0,1
638,260,1,1,0
638,58,3,0,2
638,26,1,1,0
638,175,2,0,2
638,149,1,1,0
638,25,1,0,1
638,439,1,0,0
638,215,1,0,1
638,159,1,0,1
638,200,1,0,1
638,99,1,0,1
638,300,1,1,0
638,1046,1,0,1
638,28,1,1,0
638,115,1,0,1
638,293,1,1,0
638,145,1,1,0
638,361,1,1,0
638,317,1,0,1
638,319,1,0,0
638,659,2,1,1
638,216,1,0,1
638,109,1,0,1
638,196,1,1,0
638,137,1,1,0
638,84,4,3,1
638,379,1,1,0
638,513,1,1,0
638,297,2,0,2
638,608,1,0,1
638,508,2,0,1
638,461,2,0,2
638,222,1,1,0
638,362,1,0,0
639,637,1,1,0
639,137,1,1,0
639,179,1,1,0
639,296,1,0,1
639,1171,1,0,1
639,31,1,1,0
639,17,1,1,0
639,87,1,1,0
639,8,1,1,0
639,39,1,1,0
639,512,1,0,1
639,333,1,0,1
639,146,1,1,0
639,300,1,1,0
639,74,1,1,0
639,362,1,1,0
639,9,1,1,0
639,106,1,1,0
639,461,1,1,0
639,97,1,1,0
639,34,1,1,0
639,80,1,0,1
639,21,1,0,1
639,53,1,1,0
639,282,1,1,0
639,349,1,1,0
639,1021,1,1,0
639,1031,1,1,0
639,16,1,1,0
639,199,1,1,0
639,304,1,1,0
639,105,1,1,0
639,707,1,1,0
639,147,1,1,0
639,171,2,2,0
640,637,1,1,0
640,498,1,0,0
640,640,4,1,3
640,379,1,0,1
640,467,1,0,0
640,170,2,0,2
640,1276,2,2,0
640,200,1,1,0
640,1147,1,1,0
640,256,1,0,1
640,31,1,1,0
640,30,1,1,0
640,685,1,1,0
641,637,2,2,0
641,854,1,1,0
641,358,1,1,0
641,508,1,0,1
641,379,1,0,0
642,637,4,2,0
643,273,1,0,0
643,310,1,1,0
643,60,1,1,0
643,24,1,0,1
643,147,1,1,0
643,238,1,1,0
643,240,1,0,0
643,59,1,0,0
643,33,1,1,0
643,341,1,0,1
643,259,1,1,0
643,106,1,1,0
643,196,1,0,1
643,277,1,1,0
644,273,1,1,0
644,280,2,1,1
644,105,1,1,0
644,53,1,1,0
644,168,1,0,1
644,310,1,0,1
644,18,1,0,1
644,156,3,0,2
644,361,1,1,0
644,23,1,0,1
644,218,2,2,0
644,770,1,1,0
644,695,4,3,1
644,51,1,0,1
644,258,2,0,2
644,21,1,0,1
644,115,1,0,1
644,159,1,0,1
644,646,1,1,0
645,260,1,1,0
645,196,1,0,1
645,105,1,0,0
645,426,1,1,0
645,652,1,0,0
645,541,1,1,0
645,159,1,1,0
645,1267,1,1,0
645,515,1,0,0
645,777,1,1,0
645,149,1,0,0
646,415,2,1,1
646,156,1,0,1
646,149,2,1,1
646,890,1,0,1
646,207,1,1,0
646,692,11,7,3
646,713,1,0,0
646,168,1,1,0
646,26,1,0,1
646,56,1,0,1
646,59,1,0,1
646,695,2,2,0
646,850,1,0,1
646,51,11,7,1
646,34,1,0,1
646,17,1,1,0
646,88,2,2,0
646,12,3,0,1
646,646,49,20,18
646,381,1,0,0
646,854,2,1,1
646,925,2,2,0
646,706,2,2,0
646,16,2,1,1
646,792,1,1,0
646,159,1,1,0
646,523,1,0,0
646,1272,1,1,0
646,53,4,1,3
646,2,1,1,0
646,75,1,0,1
646,115,1,1,0
646,933,1,1,0
646,609,6,1,3
646,8,2,1,1
646,311,1,1,0
646,147,1,0,1
646,87,1,1,0
646,699,1,0,1
646,23,1,0,1
646,18,1,1,0
646,36,1,1,0
646,399,1,1,0
646,40,1,1,0
646,240,1,0,0
646,145,2,1,0
646,97,1,1,0
646,318,1,1,0
646,61,1,0,1
646,57,1,0,0
646,77,1,1,0
646,76,1,1,0
646,28,1,1,0
646,218,1,1,0
646,30,1,0,1
647,415,1,1,0
647,32,1,0,0
647,281,1,1,0
647,149,1,1,0
647,347,1,1,0
647,143,1,1,0
647,317,1,0,1
647,21,1,1,0
647,30,1,1,0
647,105,1,1,0
647,121,1,1,0
647,439,2,1,0
647,273,1,1,0
647,75,1,1,0
647,508,1,1,0
647,23,1,0,1
647,310,1,1,0
647,282,1,1,0
647,24,1,1,0
647,17,1,1,0
647,692,1,1,0
647,7,1,0,0
647,60,1,1,0
647,609,1,1,0
647,77,1,1,0
648,222,1,0,1
648,321,1,1,0
648,272,1,0,1
648,25,1,0,1
648,294,1,1,0
648,144,1,0,1
648,97,1,0,1
648,147,1,0,1
648,53,1,1,0
648,554,1,0,1
648,216,1,1,0
649,222,1,1,0
650,380,1,1,0
650,294,1,1,0
650,518,1,1,0
650,19,1,1,0
650,143,1,1,0
650,107,1,0,1
650,24,1,1,0
651,380,1,0,0
651,395,1,0,1
651,240,2,0,0
651,146,1,0,0
651,87,1,1,0
651,854,3,1,0
651,170,1,0,0
651,19,1,0,1
651,143,2,1,1
651,318,1,1,0
651,688,1,0,0
651,415,1,1,0
651,246,1,0,0
652,541,3,1,1
652,278,1,1,0
652,301,3,1,2
652,77,1,1,0
652,55,3,3,0
652,426,2,1,1
652,122,3,3,0
652,312,1,0,1
652,143,1,1,0
652,25,1,1,0
652,652,50,36,10
652,28,3,1,2
652,358,2,1,1
652,85,1,1,0
652,238,1,0,0
652,139,2,2,0
652,678,2,1,0
652,200,2,1,0
652,299,1,1,0
652,300,1,1,0
652,76,1,1,0
652,23,1,0,0
652,395,1,1,0
652,282,1,1,0
652,121,3,3,0
652,336,1,1,0
652,11,2,0,2
652,624,1,1,0
652,492,1,0,1
652,608,1,1,0
652,40,1,0,1
652,1203,1,1,0
652,246,3,2,1
652,256,3,1,0
652,105,1,1,0
652,339,1,0,0
652,167,1,1,0
652,216,1,1,0
652,471,1,1,0
652,580,1,1,0
652,294,1,1,0
652,296,2,1,1
652,511,1,0,0
652,363,1,0,1
652,317,1,1,0
652,176,1,0,1
652,87,1,1,0
652,327,1,1,0
652,349,2,1,0
652,59,1,0,1
652,39,1,1,0
652,410,1,0,1
653,541,2,1,0
653,659,1,0,0
653,87,1,1,0
653,123,1,0,1
653,0,1,1,0
653,31,1,1,0
653,52,1,0,0
653,139,1,0,1
653,109,2,2,0
653,653,7,5,0
653,621,1,0,0
653,1,1,1,0
653,358,1,0,0
653,40,1,0,1
653,282,1,0,0
653,476,1,0,0
653,101,1,0,0
653,28,3,3,0
653,19,1,1,0
653,24,1,1,0
653,82,1,0,1
653,107,1,1,0
653,167,1,0,0
653,513,2,2,0
653,511,3,2,0
653,273,1,1,0
653,222,1,1,0
653,321,1,1,0
653,198,1,1,0
653,26,1,1,0
653,349,2,0,0
653,14,1,1,0
654,541,1,1,0
654,494,1,1,0
654,334,1,1,0
654,584,1,0,1
654,654,11,3,6
654,198,1,0,1
654,1090,1,0,1
654,374,1,1,0
654,499,1,0,0
654,621,1,1,0
654,122,1,1,0
654,317,5,2,3
654,81,1,1,0
654,176,1,0,1
654,273,3,3,0
654,320,3,2,1
654,360,2,0,1
654,109,1,0,1
654,39,2,1,0
654,115,1,0,1
654,554,1,1,0
654,498,2,0,2
654,1272,1,0,0
654,661,1,1,0
654,948,1,1,0
654,208,1,1,0
654,426,1,1,0
654,862,2,0,2
654,40,1,0,1
654,523,1,0,0
654,638,1,0,1
654,321,2,1,0
654,362,1,0,1
654,246,1,0,0
654,415,1,0,1
654,25,1,1,0
654,7,1,1,0
655,499,1,1,0
655,53,1,0,0
655,327,3,3,0
655,713,1,0,0
655,883,1,0,1
655,13,1,1,0
655,103,2,1,1
655,579,1,1,0
655,513,1,0,0
655,51,3,1,1
655,17,2,1,1
655,281,2,1,1
655,419,1,0,0
655,88,4,1,2
655,16,2,1,0
655,399,2,1,0
655,1267,2,1,1
655,358,1,1,0
655,653,1,0,0
655,413,1,0,0
655,1423,1,1,0
655,84,1,1,0
655,198,1,1,0
655,314,1,0,0
655,359,3,1,2
655,380,3,1,1
655,258,1,1,0
655,360,1,1,0
655,256,2,1,0
655,61,1,1,0
655,55,1,0,1
655,770,1,1,0
655,321,1,1,0
655,272,1,1,0
655,222,1,1,0
655,218,1,1,0
655,36,1,1,0
655,145,2,2,0
655,170,1,1,0
655,83,4,4,0
655,179,1,0,1
655,376,1,1,0
655,381,1,1,0
655,137,1,1,0
655,1147,1,1,0
655,101,2,2,0
655,295,1,0,1
655,408,1,1,0
655,230,1,0,1
655,167,4,3,1
655,52,1,0,1
655,301,1,1,0
655,299,1,1,0
655,2,1,0,1
655,625,1,1,0
655,248,1,0,0
655,646,6,2,4
655,311,2,0,2
655,310,1,1,0
655,395,1,0,0
655,878,1,1,0
655,9,1,1,0
655,147,4,2,2
655,216,1,1,0
655,234,1,0,1
655,23,1,0,1
655,58,1,0,1
655,240,1,1,0
655,523,1,1,0
655,777,1,0,0
655,238,2,0,1
655,105,1,1,0
655,318,1,1,0
655,3132,1,1,0
655,277,1,1,0
655,695,1,1,0
655,430,1,0,0
655,542,2,2,0
655,159,1,1,0
656,499,1,0,0
657,499,1,1,0
658,321,1,1,0
658,379,1,1,0
658,199,1,0,1
658,84,1,1,0
658,76,1,1,0
658,518,1,0,1
658,925,1,0,1
658,542,1,1,0
658,101,1,1,0
658,277,1,0,0
658,179,1,1,0
658,17,1,1,0
658,93,1,1,0
658,105,1,0,1
658,246,1,1,0
658,16,1,1,0
658,176,1,0,1
658,159,1,0,1
658,36,2,1,1
658,30,1,0,0
658,51,1,1,0
658,7,1,0,1
658,170,1,1,0
658,59,1,1,0
658,31,1,1,0
658,318,1,0,1
658,139,1,1,0
659,82,1,0,1
659,940,1,1,0
659,659,29,9,15
659,197,1,0,0
659,1127,1,0,1
659,175,1,1,0
659,358,1,0,0
659,103,2,2,0
659,77,1,0,0
659,513,1,0,0
659,170,1,1,0
659,511,1,0,0
659,60,2,0,0
659,56,3,1,0
659,31,1,1,0
659,523,2,2,0
659,32,2,2,0
659,361,1,0,1
659,218,1,0,1
659,19,1,0,1
659,301,1,1,0
659,53,1,1,0
659,381,1,0,0
659,854,1,1,0
659,317,1,1,0
659,374,1,0,1
659,97,1,1,0
659,770,1,0,0
659,30,1,0,1
659,55,1,1,0
659,279,1,1,0
659,359,1,0,1
659,741,1,0,1
659,179,1,1,0
659,238,1,1,0
659,901,1,1,0
659,336,1,0,1
659,508,1,1,0
659,207,1,0,1
659,408,1,1,0
659,933,1,0,1
659,158,2,0,2
659,430,1,0,1
659,816,1,1,0
659,581,1,1,0
659,122,1,0,0
659,554,1,1,0
659,109,1,1,0
659,1894,1,0,1
659,362,1,1,0
660,659,1,1,0
660,380,1,1,0
660,340,1,1,0
660,358,1,1,0
660,402,1,0,1
661,777,1,0,1
661,1272,1,0,0
661,619,1,0,1
661,349,1,0,1
661,222,1,0,1
661,397,1,0,1
661,661,26,4,18
661,109,3,1,0
661,53,1,1,0
661,148,1,1,0
661,39,1,0,1
661,419,2,1,1
661,621,1,0,1
661,246,1,0,0
661,471,1,1,0
662,663,1,1,0
662,395,1,1,0
662,234,1,1,0
662,426,1,0,1
662,815,1,1,0
662,197,1,0,1
662,675,1,1,0
662,75,1,1,0
662,314,1,1,0
662,7,1,1,0
662,18,1,0,1
662,56,1,0,1
662,296,1,0,1
662,170,1,0,1
662,260,1,0,1
662,199,1,0,0
662,122,1,0,0
662,144,1,1,0
662,84,1,0,0
663,663,27,11,14
663,349,1,1,0
663,621,1,0,1
663,918,3,0,3
663,374,1,0,1
663,347,1,0,1
663,912,1,0,1
663,19,1,0,1
663,176,1,0,0
663,674,2,0,2
663,402,1,0,1
663,534,1,1,0
663,361,1,0,1
663,340,1,1,0
663,426,1,1,0
663,312,1,1,0
663,1133,6,2,3
663,654,2,0,2
663,380,2,0,0
663,518,1,1,0
663,39,1,1,0
663,661,1,1,0
664,663,1,0,0
664,706,1,0,0
664,831,1,1,0
664,523,1,0,0
664,158,1,1,0
665,496,1,0,1
665,146,1,0,0
666,523,1,0,1
666,912,1,1,0
666,666,10,6,2
666,864,1,0,1
666,534,3,2,0
666,554,1,0,1
666,334,1,0,1
666,659,1,0,0
666,215,1,0,1
666,277,1,0,1
666,379,1,1,0
666,60,1,0,1
666,2526,4,1,3
666,88,1,0,1
666,86,1,1,0
666,53,1,0,1
666,340,2,2,0
666,2554,1,1,0
666,2296,5,3,0
666,2328,2,0,0
666,2929,1,0,0
666,2586,1,1,0
666,2945,2,1,0
666,2935,3,0,2
666,2855,1,1,0
667,123,1,0,1
667,496,1,1,0
667,1090,1,0,1
667,240,5,1,4
667,408,1,1,0
667,667,10,3,4
667,200,1,0,0
667,339,1,0,0
667,272,2,1,1
667,396,1,1,0
667,39,1,1,0
667,609,1,1,0
667,17,1,1,0
667,471,1,1,0
667,381,1,1,0
667,419,3,1,2
667,84,1,0,1
667,61,1,0,1
667,878,1,0,0
667,413,1,0,1
668,483,1,1,0
668,256,4,2,2
668,149,1,1,0
668,494,1,0,1
668,584,1,1,0
668,374,1,1,0
668,159,1,0,1
668,199,1,1,0
668,238,1,1,0
668,340,1,1,0
668,512,2,1,0
668,492,1,1,0
668,40,1,1,0
668,402,1,1,0
668,419,1,1,0
668,218,1,1,0
668,37,1,1,0
668,30,1,1,0
668,200,1,1,0
668,1109,1,1,0
668,413,1,1,0
668,139,1,0,1
668,240,1,0,0
668,146,1,1,0
668,246,1,0,0
668,336,3,2,1
668,310,1,0,1
668,97,1,0,1
668,918,1,0,1
668,659,1,0,1
668,2308,1,1,0
668,16,1,0,1
668,147,1,1,0
668,426,1,0,1
669,579,1,0,0
669,353,1,0,1
669,277,1,0,0
670,359,1,1,0
670,37,1,1,0
670,336,1,1,0
670,878,1,1,0
670,1109,1,1,0
671,359,1,0,1
671,272,1,1,0
671,26,1,0,1
671,28,1,1,0
671,56,1,0,1
671,256,1,0,1
672,362,1,1,0
672,512,1,0,0
672,36,1,1,0
673,673,57,29,19
673,278,1,1,0
673,360,1,1,0
673,121,1,1,0
673,256,3,2,1
673,234,1,1,0
673,426,1,0,1
673,336,1,0,1
673,534,1,1,0
673,470,1,0,1
673,105,4,3,0
673,395,3,3,0
673,430,1,1,0
673,259,1,0,1
673,56,2,2,0
673,216,2,0,1
673,374,2,1,0
673,320,1,1,0
673,678,1,1,0
673,122,3,1,0
673,87,1,1,0
673,101,2,1,1
673,103,1,0,0
673,106,1,1,0
673,311,1,0,0
673,1362,1,1,0
673,340,1,1,0
673,198,2,2,0
673,184,1,0,1
673,815,2,2,0
673,296,2,0,1
673,273,2,1,1
673,215,1,0,1
673,176,2,0,2
673,57,1,1,0
673,32,1,1,0
673,159,2,2,0
673,28,1,0,1
673,24,1,1,0
673,685,1,0,1
673,883,1,0,1
673,9,1,1,0
673,21,1,0,1
673,461,1,1,0
673,362,1,1,0
674,674,7,0,6
674,101,1,1,0
674,512,2,0,2
674,105,1,0,0
674,349,1,0,1
674,659,1,0,0
674,918,3,1,1
674,930,1,0,1
674,688,1,0,1
674,397,1,0,1
674,661,1,0,1
674,716,1,0,0
674,831,1,1,0
675,334,2,1,0
675,659,1,0,1
675,675,16,5,8
675,104,2,1,1
675,317,1,1,0
675,258,2,0,1
675,397,2,0,2
675,399,1,0,0
675,115,1,0,1
675,674,1,1,0
675,277,2,1,0
675,430,3,3,0
675,279,2,0,2
675,259,1,0,0
675,432,1,0,0
675,349,6,1,4
675,358,1,1,0
675,408,1,0,1
675,621,1,0,0
675,82,7,1,5
675,297,1,1,0
675,445,1,1,0
675,272,1,1,0
675,240,1,0,0
675,638,1,0,1
675,513,1,0,0
675,179,1,1,0
675,321,1,0,0
675,200,1,0,1
675,706,1,1,0
675,171,4,0,1
675,1423,1,0,1
675,439,1,0,1
675,84,1,0,1
675,175,2,0,2
675,121,1,1,0
675,402,1,1,0
675,230,1,1,0
675,661,3,1,1
675,362,1,1,0
675,101,1,1,0
675,684,1,1,0
675,379,2,0,2
675,197,1,1,0
675,461,1,0,1
675,619,2,1,0
675,24,1,0,1
675,300,1,1,0
675,781,2,0,2
675,2534,5,1,3
675,2932,3,1,2
675,777,1,1,0
675,196,1,1,0
675,30,1,0,1
675,40,1,1,0
675,380,1,0,1
675,347,1,0,1
675,361,1,0,1
675,159,1,0,1
675,105,1,1,0
675,256,1,0,0
675,39,1,0,1
676,653,1,1,0
676,339,1,1,0
677,542,1,1,0
677,93,1,1,0
677,699,1,0,1
677,137,1,0,1
677,169,1,1,0
677,148,1,0,1
677,429,1,1,0
677,324,1,0,0
677,772,1,1,0
677,75,1,1,0
677,60,1,0,1
677,101,1,1,0
678,624,4,4,0
678,678,20,16,3
678,341,1,1,0
678,358,1,1,0
678,376,1,1,0
678,413,1,1,0
678,339,1,1,0
678,483,1,1,0
678,175,1,1,0
678,106,1,0,0
678,87,1,1,0
678,619,1,1,0
678,200,1,1,0
679,319,1,0,0
679,2,4,1,2
679,81,3,1,2
679,105,3,2,1
679,59,1,1,0
679,432,1,0,1
679,312,1,1,0
679,467,1,1,0
679,77,1,0,1
679,78,1,1,0
679,296,2,1,1
679,15,3,2,1
679,215,2,2,0
679,734,1,1,0
679,101,2,2,0
679,84,4,2,1
679,410,1,0,0
679,353,1,1,0
679,121,1,0,1
679,158,2,2,0
679,137,4,3,1
679,159,1,1,0
679,31,2,2,0
679,376,1,1,0
679,419,1,0,0
679,542,2,1,0
679,109,1,0,1
679,347,1,1,0
679,349,1,1,0
679,53,3,3,0
679,36,1,0,0
679,273,1,0,0
679,483,1,0,1
679,199,1,0,1
679,17,1,1,0
679,336,1,1,0
679,831,1,0,1
679,75,3,2,0
679,176,4,4,0
679,321,1,0,0
679,33,1,0,1
679,146,1,1,0
679,362,1,1,0
679,779,2,1,1
679,281,2,2,0
679,8,2,1,1
679,60,4,3,0
679,171,3,3,0
679,792,1,1,0
679,584,1,0,1
679,11,1,1,0
679,9,3,2,1
679,21,1,0,0
679,170,1,0,0
679,301,3,2,0
679,28,2,1,1
679,26,2,1,0
679,297,1,1,0
679,925,1,0,1
679,609,2,0,1
679,40,1,0,0
679,168,1,0,0
679,402,1,1,0
679,675,1,1,0
679,23,1,0,1
679,184,1,0,1
679,304,1,0,0
679,74,1,0,1
679,0,1,0,0
679,51,1,0,1
679,1121,1,0,0
679,56,1,0,0
679,772,1,0,0
679,706,1,1,0
679,280,1,1,0
679,878,1,1,0
679,277,1,1,0
679,25,1,0,0
679,19,1,1,0
679,14,1,1,0
679,85,1,1,0
679,12,1,0,0
679,523,1,0,1
679,695,1,0,0
679,179,1,0,1
679,256,1,0,1
679,200,1,1,0
679,637,1,1,0
680,319,1,0,1
680,349,1,1,0
680,439,1,1,0
680,7,1,1,0
680,300,1,1,0
680,471,1,0,0
680,494,1,1,0
680,25,2,1,1
680,234,1,0,1
680,653,1,1,0
680,259,3,0,2
680,310,1,0,1
680,311,1,1,0
680,60,1,0,1
680,339,1,0,0
681,340,1,1,0
681,426,2,0,0
681,256,1,0,1
681,145,1,0,0
681,176,1,0,1
681,168,1,0,1
681,175,1,0,0
681,105,2,2,0
681,36,1,1,0
681,216,1,1,0
681,23,1,1,0
681,11,1,1,0
681,33,1,1,0
681,13,1,1,0
681,101,1,0,1
681,259,1,1,0
681,59,2,2,0
681,144,1,0,0
681,60,1,1,0
681,379,1,1,0
681,21,1,0,1
681,9,1,1,0
681,75,1,1,0
681,40,1,0,1
682,353,1,1,0
682,638,1,0,0
682,327,1,1,0
682,7,1,0,1
682,395,1,1,0
682,37,2,2,0
682,296,1,1,0
682,207,1,1,0
682,461,3,2,1
682,277,1,0,0
682,51,2,2,0
682,84,2,2,0
682,36,1,1,0
682,13,4,4,0
682,55,2,1,1
682,1,1,1,0
682,361,1,1,0
682,18,2,2,0
682,483,1,1,0
682,171,1,1,0
682,106,1,0,0
682,692,2,1,1
682,53,2,2,0
682,61,2,1,1
682,301,1,1,0
682,260,1,1,0
682,22,1,1,0
682,145,1,0,1
682,646,1,1,0
682,159,1,1,0
682,87,1,1,0
683,353,1,0,1
683,122,2,1,0
683,390,1,1,0
683,121,1,0,1
683,18,1,0,1
683,75,1,0,1
683,310,1,1,0
683,106,1,1,0
684,282,1,1,0
684,1102,1,1,0
684,379,2,0,2
684,684,52,14,33
684,300,1,1,0
684,175,1,0,1
684,430,1,1,0
684,234,1,0,1
684,512,1,0,1
684,327,1,0,0
684,513,1,1,0
684,147,1,0,1
684,294,4,1,3
684,439,5,2,3
684,159,3,0,3
684,301,1,1,0
684,106,5,3,2
684,179,1,0,1
684,685,7,0,5
684,231,1,0,1
684,542,1,0,0
684,2089,1,0,0
685,684,22,13,8
685,358,1,1,0
685,294,7,2,4
685,430,2,1,1
685,402,1,0,0
685,360,2,2,0
685,419,2,1,0
685,260,1,0,1
685,106,6,2,3
685,470,1,1,0
685,1102,1,0,1
685,51,1,0,1
685,159,3,0,3
685,379,2,1,1
685,36,1,0,1
685,53,1,1,0
685,256,1,0,1
685,16,1,0,1
685,399,3,1,2
685,171,2,1,1
685,179,2,0,1
685,147,1,1,0
685,918,1,0,1
685,685,47,15,27
685,707,1,0,0
685,198,2,1,1
685,659,3,1,2
685,777,2,0,1
685,1276,1,0,1
685,359,2,1,1
685,716,4,0,2
685,101,1,1,0
685,278,2,1,0
685,439,2,2,0
685,637,1,0,0
685,663,1,1,0
685,1147,1,0,1
685,277,1,0,1
685,1195,1,1,0
685,310,3,2,0
685,39,2,1,1
685,52,1,1,0
685,123,1,0,1
685,498,7,4,2
685,381,2,1,1
685,222,1,0,1
685,1298,1,0,0
685,1062,1,1,0
685,109,2,0,1
685,673,1,0,1
685,432,3,2,1
685,584,1,0,1
685,476,1,1,0
685,542,1,0,0
685,33,1,0,1
685,143,1,0,0
685,280,2,1,1
685,792,1,0,0
685,279,1,1,0
685,75,1,1,0
685,58,1,1,0
685,1142,1,0,1
685,1119,1,1,0
685,512,2,0,2
685,741,1,0,1
685,408,1,0,1
685,930,4,1,3
685,207,3,0,3
685,461,1,0,1
685,2639,1,0,1
685,361,1,0,1
685,661,4,0,3
685,864,1,0,1
685,319,1,0,1
685,199,1,1,0
685,318,2,1,1
685,240,2,0,2
685,1272,2,2,0
685,230,1,0,1
685,699,1,0,1
685,831,1,1,0
685,282,1,0,1
685,259,1,0,1
685,678,1,0,1
685,215,1,0,1
686,684,1,0,0
687,1,1,0,1
687,246,4,2,0
687,837,1,1,0
687,147,1,1,0
687,99,1,1,0
687,659,1,1,0
687,31,1,0,1
687,985,1,0,0
687,184,1,1,0
687,56,1,1,0
687,18,2,0,2
687,60,1,0,1
687,16,2,1,0
687,770,1,0,0
687,779,1,1,0
687,646,3,1,2
687,381,1,0,1
687,692,1,0,0
687,101,1,0,1
687,81,1,0,0
687,933,1,1,0
687,695,2,0,2
687,327,1,0,0
687,878,1,1,0
687,199,1,0,0
687,439,1,1,0
687,512,1,0,0
687,2861,1,0,1
687,57,1,0,1
687,218,1,0,1
687,8,1,1,0
687,77,1,0,0
687,215,1,0,1
687,925,1,1,0
687,523,2,1,0
687,318,1,0,0
687,333,1,1,0
687,88,1,0,0
688,1,1,0,0
688,339,1,1,0
688,512,4,1,2
688,170,4,2,1
688,998,1,0,0
688,175,1,0,1
688,199,1,0,0
688,706,9,5,3
688,930,3,2,1
688,707,2,1,1
688,320,1,1,0
688,293,1,0,0
688,688,30,7,21
688,277,2,2,0
688,106,2,1,0
688,207,3,1,1
688,258,1,1,0
688,314,1,1,0
688,24,4,1,3
688,36,3,1,2
688,28,3,2,1
688,159,1,0,0
688,256,4,2,1
688,215,1,1,0
688,240,1,1,0
688,122,1,0,0
688,200,1,0,1
688,854,2,1,1
688,772,1,0,1
688,218,1,0,1
688,56,1,0,1
688,31,1,0,1
688,777,1,1,0
688,208,2,1,0
688,82,1,0,1
688,8,1,1,0
688,158,1,0,1
688,333,3,3,0
688,741,2,0,2
688,699,1,0,0
688,734,2,0,1
688,692,1,1,0
688,380,2,0,2
688,105,3,0,3
688,878,1,1,0
688,87,1,0,0
688,176,1,0,0
688,39,1,1,0
688,439,2,1,1
688,336,1,1,0
688,301,1,0,1
688,534,1,0,0
688,230,1,0,1
688,918,1,0,1
688,770,1,0,1
688,716,1,0,1
688,13,1,0,1
688,9,1,1,0
688,12,1,0,1
688,831,1,1,0
688,121,1,1,0
688,646,1,0,0
688,216,1,0,1
688,327,1,1,0
688,771,1,1,0
688,143,1,0,1
688,25,1,0,1
688,231,1,0,1
688,238,1,1,0
689,1,1,1,0
690,2,1,1,0
690,87,1,1,0
690,36,3,2,1
690,121,2,2,0
690,637,1,1,0
690,53,1,0,1
690,439,1,0,0
690,82,2,1,0
690,200,1,1,0
690,294,1,1,0
690,176,1,1,0
690,75,2,1,1
690,933,1,1,0
690,103,2,2,0
690,16,1,0,0
690,492,2,2,0
690,340,1,0,1
690,300,1,0,1
690,461,1,1,0
690,415,1,1,0
690,207,1,1,0
690,361,2,2,0
690,74,1,1,0
690,318,1,1,0
690,312,3,1,0
690,281,1,0,0
690,234,1,1,0
690,39,1,1,0
690,106,1,1,0
690,9,1,0,1
690,97,1,1,0
690,158,1,1,0
690,258,2,1,0
690,157,1,1,0
690,483,1,0,1
690,76,1,0,1
690,7,1,1,0
690,104,2,1,0
690,159,2,1,0
690,144,2,2,0
690,8,1,1,0
690,21,1,1,0
690,216,1,1,0
690,171,1,0,1
690,699,1,0,0
690,18,2,2,0
690,675,1,0,0
690,57,1,1,0
690,118,1,1,0
690,17,1,1,0
690,445,1,0,0
690,816,1,0,1
690,143,1,1,0
690,741,1,0,1
690,2717,1,1,0
690,280,1,0,1
690,24,1,1,0
690,23,2,1,0
690,272,1,1,0
690,85,1,0,0
690,359,1,0,1
690,716,1,0,1
690,59,1,1,0
690,148,1,1,0
690,413,1,0,0
690,12,1,1,0
691,2,2,1,0
691,137,1,1,0
691,260,1,0,1
691,240,1,0,1
691,36,2,0,1
691,16,1,0,1
691,51,3,1,1
691,93,2,2,0
691,199,3,2,1
691,688,1,0,0
691,310,1,0,1
691,61,1,0,1
691,281,1,1,0
691,408,1,0,0
691,25,1,1,0
691,57,2,2,0
691,17,1,0,1
691,88,1,1,0
691,381,1,1,0
691,87,2,0,2
691,9,1,1,0
691,445,1,0,1
691,18,2,1,1
691,508,1,0,1
691,336,1,1,0
691,78,1,1,0
691,609,1,1,0
691,646,1,1,0
691,82,1,0,1
691,685,1,1,0
691,461,1,0,0
692,105,1,0,0
692,304,1,1,0
692,103,1,0,0
692,56,5,3,2
692,109,1,1,0
692,692,24,14,7
692,483,1,1,0
692,26,1,0,1
692,18,1,1,0
692,77,1,0,1
692,706,2,0,1
692,34,1,0,1
692,144,1,0,0
692,88,2,0,2
692,156,3,2,1
692,16,2,2,0
692,168,1,1,0
692,23,2,2,0
692,779,1,1,0
692,21,1,0,1
692,381,1,1,0
692,293,3,1,1
692,115,1,0,1
692,609,5,3,1
692,471,1,1,0
692,199,1,0,1
692,51,7,5,2
692,179,2,1,0
692,699,2,2,0
692,33,1,1,0
692,646,8,3,4
692,734,1,0,1
692,61,1,1,0
692,53,6,4,1
692,12,1,0,1
692,59,2,1,1
692,106,1,1,0
692,467,1,1,0
692,8,2,1,1
692,137,1,0,1
692,15,1,1,0
692,157,1,1,0
692,430,1,0,0
692,2861,3,1,2
692,17,1,0,1
692,9,1,0,1
692,83,1,1,0
692,695,1,0,1
692,97,1,1,0
692,318,1,1,0
692,143,1,1,0
692,688,1,1,0
692,1267,1,1,0
693,51,2,1,1
693,61,2,2,0
693,792,1,1,0
693,12,1,1,0
693,560,2,2,0
693,2,1,1,0
693,13,1,1,0
693,399,1,1,0
693,20,1,1,0
693,106,1,0,1
694,51,1,0,1
694,40,2,0,2
694,109,1,1,0
694,76,1,0,1
694,215,1,1,0
694,310,1,1,0
694,432,1,0,0
694,170,1,1,0
694,156,1,1,0
694,74,2,1,1
694,430,1,1,0
694,179,1,0,1
694,184,1,1,0
694,359,1,0,0
694,13,1,0,1
694,2296,1,0,0
694,56,1,0,1
694,103,1,0,1
694,104,1,1,0
695,81,1,0,1
695,34,1,0,1
695,26,22,12,8
695,196,2,1,0
695,123,3,2,0
695,14,2,2,0
695,105,1,0,1
695,218,6,3,2
695,137,6,4,0
695,18,7,2,3
695,159,7,3,4
695,339,1,1,0
695,80,2,2,0
695,175,2,0,1
695,36,15,9,4
695,53,17,13,3
695,246,1,1,0
695,156,2,2,0
695,282,2,1,1
695,76,2,2,0
695,12,12,4,5
695,57,26,9,13
695,59,28,14,12
695,11,2,1,1
695,19,3,2,1
695,78,3,3,0
695,37,4,2,2
695,318,4,3,1
695,109,1,1,0
695,598,1,0,1
695,470,2,1,1
695,139,1,1,0
695,508,1,1,0
695,280,3,1,2
695,20,8,5,3
695,640,1,1,0
695,87,3,2,1
695,56,10,8,2
695,215,1,0,0
695,1090,3,1,1
695,107,3,1,1
695,9,20,11,8
695,695,154,48,90
695,199,10,7,3
695,143,5,4,1
695,176,4,2,1
695,259,2,1,0
695,779,2,1,1
695,17,11,6,5
695,24,3,3,0
695,179,4,2,2
695,31,3,1,1
695,22,3,2,1
695,157,1,0,0
695,353,1,1,0
695,104,1,1,0
695,320,1,1,0
695,300,2,0,1
695,144,1,1,0
695,61,12,7,4
695,207,3,3,0
695,55,7,3,4
695,121,12,6,5
695,58,2,2,0
695,16,4,1,3
695,75,12,6,5
695,40,5,2,2
695,240,2,2,0
695,30,1,0,1
695,467,2,0,1
695,293,10,6,3
695,118,3,1,2
695,115,5,2,2
695,692,2,2,0
695,699,7,4,3
695,716,2,1,1
695,238,1,1,0
695,168,1,0,0
695,2,17,11,6
695,184,6,3,1
695,1,3,1,2
695,101,4,2,1
695,28,10,3,4
695,60,9,2,5
695,523,3,1,1
695,772,10,4,6
695,74,3,2,1
695,399,4,1,3
695,148,3,1,2
695,97,4,0,2
695,158,3,1,2
695,200,1,0,0
695,170,2,1,1
695,32,1,1,0
695,13,4,2,2
695,23,14,7,7
695,646,3,2,1
695,792,2,1,1
695,145,4,2,1
695,854,5,3,1
695,21,3,1,1
695,415,1,0,1
695,301,7,4,3
695,51,7,2,4
695,106,1,1,0
695,7,3,2,1
695,8,8,4,4
695,688,3,2,1
695,198,3,0,2
695,609,4,3,0
695,1109,1,0,0
695,336,2,2,0
695,25,8,4,3
695,930,1,0,0
695,147,4,2,2
695,310,1,0,0
695,33,1,0,1
695,379,1,0,1
695,88,3,2,0
695,122,1,1,0
695,15,2,2,0
695,297,3,2,0
695,831,1,0,0
695,296,4,1,3
695,321,1,0,1
695,2526,1,0,1
695,430,1,0,1
695,85,2,1,1
695,294,1,0,1
695,439,1,0,0
695,901,2,1,0
695,2861,2,1,1
695,2639,10,0,10
695,278,1,0,1
695,358,1,0,1
695,197,1,0,1
695,1718,1,0,1
695,83,1,1,0
695,149,1,0,1
695,492,1,0,0
695,312,1,0,1
695,349,1,0,1
695,347,1,1,0
695,461,1,0,1
695,734,1,0,1
695,933,1,0,1
695,685,1,1,0
695,390,1,0,0
695,222,2,0,2
695,86,1,0,1
695,659,1,0,0
695,700,1,1,0
695,770,1,0,1
695,498,1,0,1
695,52,1,1,0
695,234,1,0,1
695,359,1,0,1
695,948,1,1,0
695,771,10,5,4
695,281,1,1,0
695,256,1,0,1
695,77,1,1,0
695,327,1,1,0
695,231,1,1,0
695,333,1,1,0
695,560,1,0,0
696,81,1,0,1
696,101,3,3,0
696,105,1,0,1
696,320,1,0,1
696,175,2,1,1
696,197,2,1,1
696,501,2,1,0
696,334,3,2,0
696,390,1,1,0
696,84,1,1,0
696,498,2,1,0
696,28,1,1,0
696,36,1,1,0
696,16,2,2,0
696,199,5,1,1
696,312,3,2,0
696,499,1,1,0
696,139,2,1,0
696,511,2,1,1
696,20,1,0,1
696,361,2,1,0
696,1147,1,1,0
696,24,2,1,1
696,171,3,1,0
696,419,1,0,0
696,741,1,0,0
696,106,1,0,1
696,200,1,0,0
696,30,1,0,0
696,706,3,1,0
696,143,2,1,0
696,930,3,0,0
696,207,1,1,0
696,168,1,0,0
696,87,4,2,0
696,17,2,2,0
696,26,1,1,0
696,159,3,2,0
696,379,3,1,0
696,282,1,0,0
696,76,1,0,0
696,432,1,1,0
696,158,1,1,0
696,513,2,1,0
696,147,2,2,0
696,145,1,1,0
696,1423,1,0,0
696,104,1,0,1
696,272,1,1,0
696,621,1,1,0
696,169,1,1,0
696,395,2,1,1
696,296,1,0,0
696,238,1,0,0
696,137,2,1,0
696,321,1,1,0
696,430,2,1,1
696,246,1,1,0
696,492,1,0,0
696,349,3,2,0
696,667,1,1,0
696,1135,1,0,0
696,184,1,0,0
696,121,1,1,0
696,1717,1,1,0
696,74,1,1,0
696,60,1,1,0
696,1195,1,1,0
696,256,2,2,0
696,97,1,0,0
696,56,1,0,0
696,688,3,0,1
696,399,2,0,0
696,301,1,1,0
696,179,1,1,0
696,218,1,1,0
696,88,1,1,0
696,336,2,2,0
696,402,1,0,0
696,609,2,0,0
696,77,4,3,1
696,25,2,0,1
696,13,2,1,0
696,61,2,0,0
696,19,1,1,0
696,240,3,1,0
696,1272,1,1,0
696,258,1,0,1
696,854,1,0,1
696,280,1,0,0
696,381,2,1,0
696,9,2,1,0
696,380,1,1,0
696,23,1,0,1
696,311,1,0,1
696,294,1,1,0
696,777,1,1,0
696,148,1,0,1
696,646,2,2,0
696,699,1,0,1
696,779,1,1,0
696,318,2,0,1
696,22,1,1,0
696,1149,1,0,1
697,81,3,2,1
697,169,1,0,1
697,282,1,0,1
697,396,2,1,1
697,513,1,1,0
697,439,1,0,1
697,432,1,1,0
697,143,1,0,1
697,741,1,1,0
697,277,1,1,0
697,792,1,1,0
697,1267,1,0,1
697,12,1,0,1
697,716,1,1,0
697,208,1,1,0
697,55,1,1,0
697,59,1,1,0
697,381,1,0,1
697,170,1,0,1
697,156,1,0,1
697,87,1,1,0
697,199,1,1,0
697,781,1,1,0
697,467,1,1,0
697,692,1,0,1
697,609,1,0,1
697,39,1,1,0
698,87,1,0,0
698,159,2,2,0
698,294,1,1,0
698,854,1,1,0
698,34,1,1,0
698,706,1,1,0
698,106,1,0,1
698,216,1,1,0
698,684,1,1,0
698,277,1,1,0
699,87,1,1,0
699,11,1,0,1
699,149,1,0,1
699,76,2,1,1
699,53,4,3,1
699,625,1,0,0
699,17,1,1,0
699,24,1,0,1
699,831,1,0,1
699,107,1,1,0
699,60,1,1,0
699,31,2,1,1
699,16,1,0,0
699,215,1,1,0
699,199,1,1,0
699,145,1,1,0
699,699,24,11,9
699,8,1,1,0
699,280,1,1,0
699,218,1,1,0
699,74,3,2,1
699,359,2,0,1
699,238,1,0,0
699,59,1,1,0
699,40,1,1,0
699,2,1,0,1
699,246,1,1,0
699,18,1,0,0
699,33,2,1,1
699,156,3,2,1
699,115,2,0,2
699,77,1,0,0
699,300,1,0,1
699,13,1,1,0
699,61,3,0,2
699,358,1,0,1
699,121,2,1,1
699,492,2,0,2
699,171,1,1,0
699,376,4,0,4
699,695,1,1,0
699,301,1,1,0
699,379,1,1,0
699,122,1,0,1
699,646,2,1,1
699,439,1,1,0
700,87,2,0,2
700,146,1,1,0
700,277,1,1,0
700,32,1,1,0
700,700,24,9,11
700,483,2,2,0
700,1088,1,0,1
700,1142,1,1,0
700,327,5,3,2
700,408,1,0,1
700,1062,1,1,0
700,106,1,1,0
700,37,1,1,0
700,39,1,1,0
700,84,3,0,3
700,494,1,0,1
700,864,3,1,2
700,7,1,1,0
700,199,4,3,1
700,218,1,1,0
700,175,1,1,0
700,93,1,1,0
700,234,1,0,1
700,301,2,0,0
700,222,1,1,0
700,503,3,2,1
700,1031,2,1,1
700,399,2,0,2
700,8,1,1,0
700,74,1,0,1
700,360,1,1,0
700,0,1,0,0
700,741,3,0,2
700,584,2,0,2
700,439,1,0,1
700,115,1,0,1
700,685,1,0,0
700,361,1,0,0
700,380,1,0,1
700,248,1,0,1
700,1127,1,0,1
700,13,1,0,1
700,2296,1,1,0
700,101,1,1,0
700,320,1,0,0
700,77,2,0,0
700,76,1,1,0
700,56,1,0,0
700,52,2,2,0
700,170,1,0,0
700,661,1,0,1
700,948,1,1,0
700,390,1,0,1
700,402,1,0,1
700,878,1,1,0
700,296,1,1,0
700,359,1,1,0
701,87,1,1,0
701,347,1,0,1
701,171,1,0,0
701,77,1,0,0
701,238,2,0,0
701,159,1,0,0
701,23,1,0,0
701,147,1,1,0
701,301,1,1,0
701,259,1,0,0
701,317,1,0,0
701,426,1,0,0
701,7,1,0,0
701,75,1,0,0
701,104,1,0,1
701,144,1,0,1
701,55,1,0,0
701,19,1,0,0
701,30,1,0,0
701,105,1,0,0
701,84,1,1,0
702,87,1,0,1
702,396,1,1,0
702,659,1,0,1
702,106,1,1,0
702,259,2,2,0
702,77,1,1,0
702,115,1,0,0
702,772,1,0,1
702,334,1,1,0
702,402,1,0,0
703,87,1,0,0
704,87,1,1,0
704,414,1,0,0
704,246,1,0,1
704,1062,1,1,0
704,37,1,1,0
704,523,1,1,0
704,11,1,0,1
704,93,1,1,0
704,216,1,0,1
704,646,1,1,0
704,854,1,0,0
704,103,1,1,0
704,501,1,1,0
704,638,1,1,0
704,2526,2,2,0
704,74,1,1,0
704,240,1,0,0
704,75,1,1,0
705,105,1,0,0
705,9,1,0,1
705,734,1,0,0
705,143,1,1,0
705,508,1,0,0
706,101,2,2,0
706,196,2,1,1
706,123,1,1,0
706,105,8,4,2
706,339,1,1,0
706,144,3,3,0
706,93,1,1,0
706,156,2,2,0
706,12,3,2,1
706,59,3,2,0
706,11,1,0,0
706,240,1,1,0
706,246,7,3,1
706,598,1,1,0
706,912,1,0,0
706,311,1,0,1
706,157,1,0,1
706,713,1,1,0
706,883,1,0,0
706,81,1,0,0
706,137,1,1,0
706,53,5,2,2
706,16,4,2,0
706,706,68,36,18
706,24,2,0,2
706,277,2,0,2
706,9,3,3,0
706,55,2,1,1
706,171,3,2,0
706,930,1,0,0
706,293,6,3,1
706,734,8,4,3
706,716,5,1,3
706,695,2,0,2
706,61,3,2,0
706,76,1,0,0
706,523,3,2,1
706,145,1,1,0
706,361,1,0,0
706,17,1,0,1
706,26,3,2,0
706,77,3,2,0
706,199,3,2,0
706,781,2,2,0
706,31,4,3,0
706,143,1,0,0
706,816,2,2,0
706,688,5,3,0
706,854,2,1,0
706,317,1,1,0
706,779,1,1,0
706,8,6,3,3
706,88,3,2,0
706,57,2,2,0
706,56,3,3,0
706,215,1,0,1
706,40,1,0,1
706,115,1,0,0
706,901,2,2,0
706,699,2,1,1
706,1267,1,1,0
706,402,1,1,0
706,301,2,0,1
706,51,2,2,0
706,159,1,0,0
706,197,2,1,1
706,256,2,1,0
706,659,1,0,0
706,121,4,3,0
706,170,2,1,0
706,646,1,1,0
706,381,2,2,0
706,147,2,1,1
706,408,2,1,1
706,207,3,1,2
706,282,1,1,0
706,75,2,1,0
706,515,3,1,1
706,772,5,1,2
706,21,5,3,1
706,122,1,1,0
706,878,3,1,2
706,609,2,1,1
706,60,2,2,0
706,512,1,1,0
706,231,1,1,0
706,380,1,0,0
706,13,1,1,0
706,18,1,0,1
706,831,2,2,0
706,106,1,0,1
706,333,1,0,1
706,259,1,1,0
706,2,1,0,0
706,28,1,1,0
707,101,3,1,0
707,105,1,1,0
707,259,1,1,0
707,513,1,1,0
707,467,1,0,1
707,25,2,2,0
707,654,1,1,0
707,692,1,1,0
707,667,1,0,1
707,158,2,1,0
707,23,1,1,0
707,358,1,0,0
707,167,3,0,1
707,429,2,2,0
707,143,4,4,0
707,170,1,0,0
707,707,50,28,16
707,716,1,1,0
707,379,2,2,0
707,584,1,0,1
707,81,1,1,0
707,75,1,1,0
707,145,2,1,1
707,55,2,1,1
707,98,1,1,0
707,36,1,1,0
707,215,1,1,0
707,399,2,1,0
707,327,1,0,1
707,741,3,3,0
707,31,4,3,1
707,831,2,1,1
707,281,1,1,0
707,56,3,3,0
707,706,1,1,0
707,816,1,1,0
707,508,2,1,1
707,415,1,1,0
707,381,1,1,0
707,792,1,1,0
707,772,1,1,0
707,646,4,3,1
707,777,1,0,1
707,1267,1,1,0
707,277,1,0,1
707,523,1,1,0
707,196,1,1,0
707,199,3,2,0
707,878,2,1,1
707,148,1,0,0
707,147,1,1,0
707,246,1,0,0
707,362,1,1,0
707,294,1,0,1
707,901,1,1,0
707,9,1,1,0
707,53,1,1,0
707,60,1,1,0
707,12,1,1,0
707,59,1,1,0
707,57,2,2,0
707,16,1,1,0
707,171,1,0,1
707,301,3,2,1
707,26,1,1,0
707,20,1,1,0
707,779,1,0,1
707,318,1,1,0
708,101,1,1,0
708,93,1,1,0
708,713,2,2,0
708,972,1,1,0
708,109,1,1,0
708,59,1,0,1
708,692,2,1,1
708,175,1,1,0
708,40,1,1,0
708,179,1,0,1
708,419,1,0,1
708,123,1,1,0
708,158,1,0,1
708,646,1,0,1
708,684,1,0,1
708,144,1,0,1
708,9,1,0,1
708,25,3,3,0
708,359,1,0,1
708,467,1,0,0
708,336,1,0,1
708,19,1,0,0
708,311,1,1,0
708,579,1,0,0
708,282,1,0,1
708,1121,1,0,0
708,280,1,1,0
708,339,1,1,0
708,20,1,0,1
708,55,1,0,1
708,259,1,0,1
708,157,1,1,0
708,77,1,0,1
708,88,1,1,0
708,74,1,1,0
708,534,1,0,1
708,17,1,1,0
708,143,1,0,1
708,200,1,0,1
708,56,1,1,0
708,238,1,0,1
709,101,2,1,1
709,82,2,2,0
709,158,1,0,1
709,318,1,1,0
709,755,1,1,0
709,218,1,1,0
709,30,2,1,0
709,598,1,1,0
709,483,1,1,0
709,300,1,1,0
709,295,1,0,1
709,259,1,1,0
709,21,2,0,2
709,333,1,0,0
709,28,1,1,0
709,144,1,1,0
709,11,1,1,0
709,85,1,1,0
709,88,1,1,0
709,87,1,1,0
709,34,1,0,1
709,199,3,2,1
709,23,1,0,0
709,2,1,1,0
709,123,1,1,0
709,84,1,0,1
709,148,1,0,1
709,430,1,1,0
709,167,1,0,1
709,26,1,0,0
709,7,1,1,0
709,22,1,1,0
709,159,1,0,0
709,170,1,1,0
709,208,1,1,0
710,101,1,0,0
710,93,1,1,0
710,609,1,1,0
710,515,1,0,0
710,56,1,0,0
710,318,1,0,1
710,199,1,0,1
710,28,1,1,0
711,101,2,1,1
711,81,1,1,0
711,104,1,1,0
711,667,1,0,0
711,175,1,1,0
711,8,1,0,1
711,30,1,0,0
711,280,1,1,0
711,699,1,1,0
711,471,1,1,0
711,259,1,1,0
711,374,1,1,0
711,148,1,1,0
711,58,1,0,1
711,200,1,0,1
711,139,1,1,0
711,317,1,1,0
711,9,1,1,0
711,199,1,1,0
711,159,1,0,0
712,101,1,0,1
712,184,1,1,0
712,158,1,1,0
712,36,1,0,0
712,106,1,1,0
713,713,7,3,3
713,320,2,2,0
713,513,2,2,0
713,279,1,1,0
713,580,1,0,1
713,1062,1,1,0
713,277,1,1,0
713,171,1,0,1
713,419,2,2,0
713,56,3,1,1
713,16,1,0,0
713,105,1,1,0
713,467,2,1,1
713,358,1,1,0
713,397,1,0,0
713,1,1,0,0
713,333,1,1,0
713,273,1,1,0
713,299,4,1,3
713,376,2,1,0
713,413,2,1,1
713,0,1,0,0
713,483,1,0,0
713,310,1,1,0
713,334,1,0,0
713,74,1,1,0
713,399,3,1,2
713,741,1,0,1
713,200,1,1,0
713,30,1,0,1
713,158,1,0,1
713,23,1,1,0
713,20,1,0,0
713,36,1,0,1
713,318,3,2,1
713,17,1,0,0
713,901,1,0,1
713,1267,1,1,0
713,21,1,0,1
713,408,2,0,2
713,301,1,0,1
713,925,1,0,0
713,170,1,0,1
713,77,1,1,0
713,143,1,0,1
713,39,1,0,0
713,685,1,1,0
713,523,1,1,0
714,17,1,1,0
714,74,1,1,0
714,147,1,0,1
715,207,1,1,0
715,279,2,0,0
715,17,1,1,0
715,75,1,0,0
715,8,1,1,0
715,51,1,1,0
715,107,1,0,0
715,175,1,0,1
715,692,1,1,0
716,196,1,1,0
716,105,5,2,2
716,512,2,2,0
716,912,1,1,0
716,734,6,4,1
716,312,1,1,0
716,534,1,1,0
716,51,3,1,1
716,278,1,1,0
716,413,1,1,0
716,88,1,0,0
716,148,2,0,1
716,145,2,1,1
716,30,1,1,0
716,706,17,13,4
716,1272,3,1,1
716,918,3,0,2
716,170,4,0,2
716,716,64,27,26
716,168,1,1,0
716,34,1,1,0
716,56,2,2,0
716,402,1,1,0
716,157,2,1,1
716,985,1,0,0
716,143,1,0,1
716,523,2,2,0
716,246,2,1,0
716,7,1,1,0
716,772,1,1,0
716,159,3,2,1
716,147,1,1,0
716,831,3,3,0
716,9,2,0,1
716,156,1,0,1
716,256,2,1,1
716,171,3,3,0
716,781,2,1,0
716,688,5,2,3
716,854,2,2,0
716,609,1,1,0
716,301,2,1,1
716,792,1,1,0
716,33,1,1,0
716,816,2,1,0
716,381,1,1,0
716,777,2,1,1
716,61,2,0,2
716,399,2,2,0
716,106,1,1,0
716,467,1,1,0
716,230,1,0,1
716,360,2,1,1
716,770,1,1,0
716,23,1,1,0
716,297,1,1,0
716,8,1,0,1
716,77,1,0,0
716,349,1,0,1
716,930,2,0,1
716,2639,2,0,1
716,380,1,0,0
716,674,1,0,1
716,53,1,1,0
716,60,1,1,0
716,158,1,1,0
716,318,1,0,1
716,296,1,1,0
716,207,1,1,0
716,695,1,1,0
716,31,1,0,0
716,779,1,1,0
716,36,1,1,0
716,294,1,1,0
717,196,2,1,0
717,432,1,1,0
717,349,5,1,2
717,619,2,0,1
717,171,11,5,4
717,419,1,1,0
717,31,3,0,2
717,399,2,1,0
717,58,2,2,0
717,76,1,1,0
717,281,1,0,0
717,106,1,1,0
717,402,1,1,0
717,816,2,2,0
717,158,1,1,0
717,301,2,0,1
717,741,1,0,1
717,381,1,1,0
717,508,1,1,0
717,554,1,1,0
717,147,1,1,0
717,51,1,1,0
717,60,1,0,1
717,216,3,1,2
717,234,1,0,0
717,40,1,0,1
717,878,3,0,3
717,770,1,1,0
717,13,1,1,0
717,277,1,0,1
717,831,1,0,1
717,717,10,2,6
717,608,1,0,1
717,1088,1,0,0
717,379,1,0,1
717,159,2,2,0
718,196,1,1,0
718,200,1,0,0
718,148,1,1,0
718,240,1,0,0
719,196,1,1,0
719,11,1,1,0
719,259,1,1,0
719,471,1,1,0
720,24,1,1,0
720,147,1,0,1
720,36,1,0,1
720,60,1,1,0
720,74,1,1,0
720,81,1,0,1
720,39,1,1,0
720,347,1,1,0
720,37,1,1,0
720,492,1,1,0
720,246,1,1,0
720,334,1,1,0
720,300,1,1,0
720,208,2,1,1
720,123,1,1,0
720,77,1,1,0
720,122,1,0,0
720,53,1,1,0
720,554,1,0,0
720,25,1,1,0
720,471,1,1,0
720,439,1,0,1
720,199,1,1,0
720,145,1,1,0
720,692,1,1,0
720,26,1,1,0
720,85,1,1,0
720,207,1,1,0
721,24,1,1,0
721,81,1,1,0
721,31,2,1,1
721,18,1,0,1
721,419,1,1,0
721,51,1,1,0
721,770,1,0,1
721,106,1,1,0
722,7,1,0,1
722,419,1,1,0
722,998,1,1,0
722,88,1,1,0
722,16,1,0,0
722,781,1,1,0
722,77,1,1,0
722,81,2,1,1
722,688,1,0,0
722,402,1,0,1
722,75,1,0,1
722,692,1,0,0
722,215,2,0,0
722,143,1,0,0
722,196,1,0,0
722,272,1,0,0
722,13,1,0,0
722,18,1,0,0
722,258,1,0,0
722,609,1,0,0
722,379,1,0,0
722,318,2,0,0
722,199,1,0,0
723,7,1,1,0
723,175,1,0,0
723,419,1,0,1
723,167,1,1,0
723,146,1,1,0
723,334,1,1,0
723,579,1,1,0
723,998,1,0,1
723,395,1,1,0
723,36,1,0,1
723,741,2,2,0
723,147,2,1,0
723,30,1,0,0
723,207,1,0,0
723,692,2,1,1
723,169,1,0,1
723,103,1,0,1
723,52,1,1,0
723,60,1,1,0
723,88,1,1,0
723,554,1,1,0
723,259,1,0,1
723,34,1,0,1
723,293,1,0,0
723,379,1,0,0
723,399,1,1,0
723,1272,1,0,1
723,159,1,0,1
723,168,1,0,1
723,471,1,0,1
723,51,2,0,1
723,57,1,0,1
723,294,4,1,2
723,84,1,0,1
723,20,1,1,0
723,8,1,0,1
723,56,1,1,0
723,61,1,0,1
723,311,1,1,0
723,240,1,0,0
723,179,1,0,0
723,381,1,1,0
723,699,1,0,0
723,523,1,1,0
723,318,2,1,0
723,216,1,1,0
723,170,1,0,1
723,854,1,0,0
723,272,1,1,0
724,7,1,1,0
724,282,1,0,1
724,277,2,1,1
724,83,1,0,1
724,171,2,2,0
724,918,1,1,0
724,294,1,1,0
724,673,1,0,0
724,105,1,0,1
724,281,1,1,0
724,158,1,1,0
724,169,1,1,0
724,36,1,1,0
724,376,1,1,0
724,215,2,2,0
724,741,2,1,1
724,97,3,0,3
724,781,1,1,0
724,467,1,0,1
724,28,2,1,0
724,60,1,0,1
724,115,2,0,1
724,854,1,0,0
724,925,1,1,0
724,850,2,2,0
724,1267,1,0,1
724,9,1,1,0
724,30,1,0,0
724,199,2,1,0
724,706,2,1,0
724,51,1,0,0
724,218,1,1,0
724,16,1,1,0
724,143,2,0,2
724,777,1,1,0
724,699,1,1,0
724,59,2,1,1
724,75,3,2,1
724,381,3,2,1
724,77,1,0,1
724,53,3,2,1
724,311,4,1,3
724,336,1,1,0
724,2861,2,2,0
724,18,1,0,1
724,523,1,1,0
724,256,1,1,0
724,695,1,1,0
724,318,1,0,1
724,692,2,0,1
724,659,1,1,0
724,609,2,1,1
724,770,4,3,1
724,646,3,3,0
724,399,1,1,0
725,7,1,0,0
725,13,1,1,0
725,1272,1,0,0
725,741,1,0,0
725,199,1,0,0
725,688,1,1,0
725,216,1,0,0
726,123,2,1,1
726,320,1,0,1
726,158,2,1,1
726,31,2,2,0
726,347,1,0,1
726,273,1,0,1
726,159,3,3,0
726,310,1,1,0
726,175,1,1,0
726,259,2,0,2
726,55,2,2,0
726,57,2,2,0
726,199,2,0,1
726,7,1,0,0
726,36,1,0,0
726,339,1,1,0
726,258,1,1,0
726,18,2,1,0
726,74,1,1,0
726,148,2,1,1
726,706,1,0,1
726,707,1,0,0
726,772,1,1,0
726,281,1,0,1
726,770,1,0,1
726,82,1,1,0
726,25,2,1,0
726,301,1,1,0
726,59,1,1,0
726,121,2,2,0
726,16,1,1,0
726,734,1,0,1
726,399,1,0,0
726,336,1,1,0
726,215,1,0,0
726,415,1,0,0
726,13,1,1,0
726,8,1,1,0
726,240,1,0,1
726,218,1,0,1
726,9,1,0,1
726,61,1,0,1
726,156,1,1,0
726,659,1,0,0
726,695,1,1,0
726,40,1,0,1
726,200,1,1,0
726,554,1,1,0
726,688,1,1,0
726,171,1,0,0
726,609,1,0,0
727,123,2,2,0
727,234,1,0,1
727,158,1,1,0
727,471,1,1,0
727,156,2,1,1
727,146,2,0,2
727,137,1,0,1
727,159,1,1,0
727,240,2,1,1
727,296,1,0,1
727,28,2,2,0
727,24,1,1,0
727,121,1,1,0
727,170,1,1,0
727,7,1,1,0
727,426,1,0,1
727,779,1,0,1
727,413,1,0,1
727,734,1,0,1
727,238,1,1,0
727,8,1,1,0
727,59,1,0,1
727,84,1,1,0
727,197,1,1,0
727,58,1,0,0
727,399,1,1,0
727,53,2,1,1
727,259,1,1,0
727,175,1,1,0
727,2820,1,1,0
727,2554,1,1,0
727,2308,1,1,0
727,692,1,0,0
727,56,1,0,1
727,25,2,1,1
727,143,1,1,0
727,2,1,1,0
727,12,1,1,0
728,123,1,0,0
728,53,2,2,0
728,143,1,0,1
729,14,1,0,1
729,281,1,0,0
729,419,1,0,0
729,692,1,0,0
729,207,2,0,0
729,310,1,0,0
729,8,1,0,0
729,87,1,0,0
729,395,1,0,0
729,399,1,0,0
729,200,1,0,0
729,246,1,1,0
729,18,1,1,0
729,9,1,0,0
729,56,1,0,0
729,169,1,0,0
729,30,1,1,0
729,179,1,1,0
729,925,1,0,0
729,336,1,1,0
729,115,1,1,0
729,1267,1,0,0
729,170,1,0,0
729,609,1,0,0
729,97,1,1,0
729,21,1,1,0
729,148,1,0,1
729,171,1,0,0
729,646,1,1,0
729,429,1,0,0
729,143,1,0,0
729,277,1,0,0
729,36,1,0,0
729,83,1,0,0
729,508,1,0,0
729,197,1,0,0
729,31,1,0,0
729,318,1,0,0
729,734,1,0,0
730,14,1,1,0
730,76,1,1,0
730,512,1,1,0
730,755,1,0,0
730,619,1,1,0
730,579,1,1,0
730,93,1,1,0
730,75,1,0,1
730,171,1,1,0
730,143,1,1,0
730,688,1,0,1
730,277,1,1,0
730,30,1,0,1
730,88,1,1,0
730,646,1,1,0
731,14,1,0,1
732,14,1,1,0
732,31,1,1,0
733,105,2,1,1
733,85,1,0,1
733,53,2,1,0
733,508,1,1,0
733,158,2,2,0
733,78,1,1,0
733,156,1,0,1
733,207,1,0,1
733,31,1,1,0
733,84,1,1,0
734,105,10,4,5
734,304,1,1,0
734,149,2,2,0
734,246,5,1,2
734,534,4,1,3
734,324,1,1,0
734,734,125,28,79
734,361,2,1,0
734,175,2,1,1
734,380,2,0,1
734,87,2,1,0
734,24,8,3,4
734,107,2,1,1
734,88,1,1,0
734,256,3,1,1
734,512,4,0,3
734,312,1,0,1
734,706,20,5,10
734,170,4,0,4
734,716,14,3,10
734,1149,5,0,3
734,7,2,1,0
734,320,2,1,1
734,77,4,1,1
734,56,2,1,1
734,147,3,2,1
734,85,1,1,0
734,777,2,1,0
734,55,2,1,0
734,402,1,1,0
734,59,3,2,1
734,318,4,2,2
734,513,5,1,2
734,26,3,2,1
734,772,1,0,1
734,9,1,0,0
734,31,2,0,1
734,20,1,1,0
734,159,2,1,0
734,156,2,1,1
734,199,5,2,2
734,336,2,1,1
734,296,1,0,1
734,259,1,1,0
734,930,2,1,1
734,293,5,0,2
734,688,8,2,5
734,157,1,0,1
734,854,1,1,0
734,1109,2,2,0
734,176,2,0,2
734,379,1,1,0
734,792,2,2,0
734,659,1,1,0
734,699,1,1,0
734,836,1,0,1
734,12,3,1,2
734,646,2,0,1
734,15,1,1,0
734,101,2,1,1
734,51,1,0,1
734,300,1,0,1
734,277,1,0,0
734,816,1,0,1
734,197,5,1,1
734,523,4,2,2
734,408,1,1,0
734,30,1,1,0
734,1272,2,1,1
734,347,3,3,0
734,230,1,0,1
734,25,1,0,1
734,707,1,1,0
734,619,1,0,1
734,321,1,0,1
734,32,1,0,1
734,770,2,1,1
734,13,2,1,1
734,8,1,0,0
734,148,6,4,1
734,171,3,1,1
734,327,2,1,0
734,741,2,1,0
734,301,2,0,1
734,381,1,0,1
734,1127,1,0,1
734,18,1,0,1
734,260,1,0,1
734,878,1,1,0
734,23,2,0,1
734,74,3,1,1
734,294,1,1,0
734,39,1,0,0
734,515,2,0,1
734,57,1,0,1
734,492,1,0,0
734,554,1,0,1
734,106,1,0,1
734,918,2,0,2
734,461,2,0,2
734,372,1,0,1
734,231,1,0,0
734,674,2,0,2
734,53,2,1,1
734,40,1,0,1
734,179,1,1,0
734,207,2,1,1
734,115,1,0,1
734,692,1,0,0
734,399,1,1,0
734,439,1,0,1
734,430,1,0,0
734,143,1,1,0
734,609,1,0,0
734,21,1,1,0
734,36,1,1,0
735,105,1,1,0
736,105,1,0,0
736,238,1,1,0
736,659,1,1,0
736,30,2,2,0
736,445,1,1,0
736,144,2,2,0
736,358,1,0,1
736,36,1,1,0
736,280,1,0,0
736,175,1,1,0
736,339,1,0,0
736,107,1,0,1
736,619,1,0,1
736,170,1,1,0
736,301,1,0,1
736,25,1,0,1
736,419,1,0,0
736,312,1,1,0
736,167,1,0,1
736,56,1,0,1
736,426,1,0,1
736,349,1,0,1
736,198,1,1,0
736,2945,1,1,0
736,18,1,1,0
736,16,1,0,1
736,646,1,0,1
736,408,1,1,0
736,74,1,1,0
737,105,1,0,0
737,381,1,0,1
738,105,2,0,0
738,84,1,1,0
738,171,1,0,0
738,695,1,0,0
738,238,1,0,1
738,2,1,0,0
738,88,1,0,0
738,362,1,0,1
738,218,1,1,0
738,2360,1,0,0
738,77,1,0,1
738,494,1,0,1
739,105,1,1,0
739,637,1,0,0
739,374,1,1,0
739,320,1,1,0
739,534,1,0,0
739,39,1,0,0
740,105,1,0,0
740,912,1,0,0
740,222,1,1,0
740,661,1,1,0
740,87,2,1,1
740,8,2,2,0
740,399,1,1,0
740,34,1,0,0
740,56,1,0,1
740,199,1,0,1
740,688,1,0,0
740,707,1,1,0
740,83,1,1,0
740,706,1,0,0
740,772,1,0,0
740,82,1,0,0
740,115,1,1,0
741,105,1,1,0
741,637,1,0,0
741,713,1,1,0
741,77,3,2,0
741,170,4,2,1
741,741,31,5,23
741,381,4,2,2
741,31,11,4,6
741,523,2,1,0
741,148,2,2,0
741,402,1,1,0
741,854,2,1,0
741,659,1,1,0
741,850,1,0,0
741,770,1,1,0
741,159,1,0,1
741,609,1,1,0
741,238,1,1,0
741,171,6,2,3
741,706,1,1,0
741,707,1,0,0
741,646,1,0,1
741,53,1,1,0
741,156,1,1,0
741,831,2,1,1
741,23,1,1,0
741,781,2,1,1
741,13,2,1,1
741,196,1,0,0
741,24,1,0,1
741,218,4,0,3
741,358,1,0,1
741,430,1,0,1
741,399,1,0,1
741,1127,1,0,1
741,301,2,0,2
741,312,1,0,1
741,534,1,0,0
741,439,1,0,1
741,376,1,0,1
741,61,1,0,1
741,56,1,1,0
741,16,1,0,1
741,40,1,1,0
741,97,1,1,0
741,28,1,1,0
741,157,1,0,1
741,88,1,0,0
742,105,1,0,0
742,579,2,1,0
742,318,1,1,0
743,105,1,0,0
744,105,1,1,0
744,170,1,1,0
744,13,1,1,0
744,184,1,1,0
744,415,1,0,1
744,222,1,0,0
745,105,1,0,0
745,36,1,0,1
745,53,1,1,0
745,646,1,0,0
746,105,4,0,1
746,512,1,0,0
746,200,1,1,0
746,912,1,0,1
746,675,1,0,0
746,419,2,1,0
746,147,1,0,1
746,171,2,1,0
746,184,1,0,0
746,84,1,0,1
746,930,3,1,0
746,741,1,1,0
746,381,1,0,0
746,854,4,2,0
746,146,1,0,0
746,467,1,0,0
746,175,1,0,0
746,638,1,1,0
746,107,1,0,0
746,16,1,1,0
746,1717,1,1,0
746,7,1,1,0
746,148,2,1,0
746,816,1,0,0
746,258,4,1,1
746,688,3,2,1
746,901,1,0,1
746,925,1,0,1
746,716,1,1,0
746,104,1,1,0
746,82,1,0,0
746,158,1,0,0
746,36,1,0,0
746,83,1,0,0
746,777,2,0,0
746,31,1,1,0
746,18,1,1,0
746,159,1,1,0
746,17,1,0,0
746,199,1,0,0
746,837,1,0,1
746,216,3,2,1
746,121,1,0,0
746,277,1,0,0
746,143,3,1,1
746,408,1,1,0
746,534,1,0,0
746,218,1,0,0
746,57,1,0,0
746,56,1,1,0
746,646,1,0,0
746,1272,1,0,1
746,256,1,1,0
746,25,1,1,0
746,431,1,1,0
746,2089,1,1,0
746,619,1,0,0
746,101,1,0,0
746,327,1,0,0
747,105,1,0,0
747,181,1,0,0
747,906,1,0,1
747,300,1,0,0
747,199,4,2,0
747,619,1,1,0
747,379,1,0,0
747,143,3,1,2
747,207,2,1,0
747,854,3,3,0
747,168,1,1,0
747,171,2,1,0
747,88,1,1,0
747,327,1,1,0
747,816,1,0,1
747,7,2,0,0
747,30,1,0,0
747,61,1,1,0
747,51,1,0,1
747,706,2,1,0
747,692,1,0,0
747,716,1,0,0
747,381,1,1,0
747,609,2,1,0
747,53,1,1,0
747,156,2,1,0
747,741,1,0,0
747,25,1,0,0
747,646,2,1,1
747,17,3,0,0
747,277,1,0,0
747,256,1,1,0
747,16,1,1,0
747,399,1,1,0
747,179,1,0,0
747,200,1,1,0
747,258,1,1,0
747,20,1,1,0
747,925,1,1,0
747,318,2,1,1
747,18,1,1,0
747,39,1,1,0
748,105,1,0,0
748,31,1,0,0
748,831,1,1,0
748,215,1,0,0
748,17,1,0,0
748,148,1,1,0
748,515,1,0,1
748,16,2,0,2
748,467,1,0,0
748,925,1,0,0
748,106,1,1,0
748,199,1,0,0
748,688,1,0,0
749,105,1,0,0
749,358,1,0,0
749,584,1,1,0
749,87,1,0,0
749,741,1,0,0
750,105,1,0,0
750,1272,1,0,1
750,918,1,0,0
750,143,1,0,1
750,646,1,0,0
750,170,1,0,0
751,238,1,0,0
751,667,1,0,0
751,310,1,0,0
751,399,1,1,0
751,688,1,0,0
751,218,1,0,0
751,293,1,0,0
751,7,1,0,1
751,139,1,0,0
752,218,1,1,0
752,107,1,0,0
752,854,1,1,0
753,137,1,1,0
753,12,1,0,1
753,93,1,1,0
753,179,1,1,0
753,304,2,2,0
753,18,1,1,0
753,359,1,1,0
753,121,1,0,0
753,28,1,1,0
753,7,1,1,0
753,238,1,1,0
753,26,1,1,0
753,87,1,1,0
753,31,1,1,0
753,85,1,1,0
753,101,1,1,0
753,84,2,1,1
753,9,2,1,1
753,280,1,0,0
753,16,1,0,1
753,310,1,1,0
753,156,1,1,0
753,14,1,1,0
753,534,1,1,0
753,8,1,1,0
753,53,1,1,0
753,57,1,0,1
753,52,1,1,0
753,408,1,1,0
753,34,1,1,0
754,137,1,1,0
754,19,1,1,0
754,14,1,1,0
754,772,1,1,0
754,159,1,1,0
754,7,1,0,1
754,58,1,1,0
754,105,1,1,0
754,333,1,0,1
755,137,1,1,0
755,755,1,1,0
755,51,2,2,0
755,8,1,1,0
755,60,1,1,0
755,16,1,0,1
755,85,1,0,1
755,84,2,1,1
755,34,1,1,0
755,26,1,1,0
755,23,1,0,1
755,20,1,0,1
755,318,1,1,0
755,646,1,0,1
756,137,2,2,0
756,51,1,1,0
756,105,1,0,0
756,53,1,0,0
756,107,1,1,0
756,88,1,0,1
756,706,1,1,0
756,25,1,1,0
756,772,1,0,1
756,115,2,1,1
756,692,1,0,0
756,659,1,0,0
757,137,1,0,0
757,36,1,1,0
757,144,1,1,0
757,281,1,1,0
757,16,1,0,1
757,200,1,1,0
757,7,1,1,0
757,58,1,1,0
757,304,1,1,0
757,234,1,0,1
757,318,1,1,0
757,101,1,0,1
757,83,2,1,0
757,1272,1,1,0
757,199,1,1,0
757,293,1,1,0
757,148,2,2,0
757,878,1,1,0
757,171,1,1,0
757,741,1,0,1
757,74,1,0,1
757,143,1,0,1
757,415,1,1,0
758,137,1,1,0
758,399,1,1,0
758,36,1,0,1
758,105,3,1,1
758,84,1,0,1
758,415,1,0,1
758,301,1,0,0
758,175,1,1,0
758,432,1,0,1
759,137,3,3,0
759,278,1,1,0
759,230,1,0,0
759,28,3,2,1
759,12,2,2,0
759,24,1,0,0
759,19,2,2,0
759,176,1,1,0
759,9,3,3,0
759,402,1,1,0
759,415,1,1,0
759,218,1,1,0
759,296,1,1,0
759,107,1,1,0
759,200,1,1,0
759,56,1,1,0
759,379,1,0,0
759,159,1,0,0
759,158,1,0,0
759,199,1,0,1
759,327,1,0,0
759,144,1,0,1
759,208,3,2,1
759,122,1,0,0
759,82,1,1,0
759,74,1,1,0
759,104,1,1,0
759,300,1,0,0
760,137,1,0,0
760,36,2,1,0
760,336,1,0,0
760,199,1,1,0
760,28,1,1,0
760,462,1,1,0
760,1,1,0,0
760,7,1,0,0
760,18,1,0,0
760,339,1,0,0
760,360,1,0,0
760,216,1,0,0
760,579,1,0,0
760,492,1,0,0
760,200,1,0,1
760,258,3,2,0
760,327,1,0,0
760,207,1,1,0
760,933,1,1,0
760,781,1,0,0
760,77,1,0,0
761,137,1,1,0
762,137,1,0,1
763,137,1,0,1
763,692,1,1,0
764,208,1,1,0
764,609,1,0,1
765,208,2,2,0
765,673,1,1,0
765,246,1,1,0
765,148,3,1,2
765,277,1,1,0
765,8,1,1,0
765,88,2,2,0
765,53,1,1,0
765,16,3,3,0
765,145,1,0,1
765,741,1,0,0
765,25,1,1,0
765,395,1,0,1
765,296,1,1,0
765,462,1,1,0
765,76,1,0,0
765,40,1,1,0
765,410,1,0,1
765,171,2,2,0
765,28,1,1,0
765,170,1,0,0
765,402,1,1,0
765,659,1,0,0
765,105,1,0,0
765,82,1,0,0
765,34,1,1,0
765,147,2,1,0
765,18,1,0,0
765,381,1,1,0
765,281,1,1,0
765,646,1,1,0
765,167,1,1,0
765,878,2,1,1
765,318,2,2,0
765,781,1,0,0
765,143,1,1,0
765,97,1,0,0
765,101,1,1,0
765,512,1,0,1
765,23,1,1,0
765,60,1,0,0
765,695,1,1,0
765,20,1,1,0
765,176,1,0,0
765,408,1,1,0
765,779,2,2,0
765,87,1,1,0
765,122,1,0,0
765,215,1,0,0
766,208,3,1,0
766,395,1,1,0
766,246,1,1,0
766,300,1,1,0
766,512,1,1,0
766,376,1,0,0
766,31,2,2,0
766,82,1,0,0
766,379,1,1,0
766,513,2,1,0
766,358,1,1,0
766,101,1,1,0
766,494,1,1,0
766,13,1,0,1
766,218,1,1,0
766,281,1,1,0
766,207,1,1,0
766,97,1,1,0
766,426,1,1,0
766,318,4,2,0
766,148,1,1,0
766,56,1,1,0
766,199,1,0,1
766,175,1,1,0
767,208,1,1,0
767,713,1,0,0
767,87,2,1,1
767,81,2,0,0
767,327,1,0,0
767,772,1,0,0
767,61,2,0,0
767,336,1,0,0
767,770,1,0,0
767,281,1,0,0
767,31,1,0,0
767,82,1,1,0
767,158,1,0,0
767,51,1,0,0
767,741,1,0,0
767,1272,1,0,0
767,734,2,0,0
767,147,1,0,0
767,18,1,0,1
767,17,4,0,1
767,878,1,0,0
767,105,1,1,0
767,218,1,0,0
767,256,1,1,0
767,215,2,0,0
767,16,1,0,0
767,240,2,0,0
767,301,1,0,0
767,207,1,0,0
767,646,2,0,0
767,781,1,1,0
767,318,1,0,0
767,30,1,1,0
768,208,1,0,1
768,36,1,0,0
769,310,1,0,1
769,445,1,0,0
769,390,1,1,0
769,246,1,1,0
769,17,1,0,0
769,294,1,1,0
769,197,1,0,0
769,60,1,1,0
769,280,1,0,0
769,16,1,1,0
769,31,1,0,1
770,310,2,1,1
770,93,2,1,1
770,167,2,1,1
770,19,1,0,1
770,199,1,0,1
770,408,1,1,0
770,87,1,0,1
770,379,2,0,2
770,171,2,2,0
770,637,1,1,0
770,850,2,2,0
770,156,1,0,1
770,706,2,1,0
770,770,28,17,11
770,716,1,1,0
770,122,1,1,0
770,158,2,2,0
770,688,1,1,0
770,925,1,0,0
770,57,1,0,1
770,238,1,0,1
770,159,1,0,1
770,59,1,1,0
770,207,3,1,1
770,105,1,1,0
770,554,1,1,0
770,40,2,0,1
770,76,4,3,0
770,361,1,1,0
770,60,1,0,1
770,281,1,0,1
771,310,1,0,1
771,179,1,1,0
771,17,1,0,1
771,471,1,1,0
771,336,1,0,1
771,716,1,0,0
771,36,2,0,2
771,9,1,1,0
771,23,1,0,1
771,695,1,0,1
771,148,1,1,0
771,327,1,1,0
771,301,3,2,1
771,147,1,0,0
771,771,13,6,7
771,1102,1,0,1
772,320,2,2,0
772,93,1,1,0
772,78,1,0,1
772,199,2,0,2
772,240,1,1,0
772,336,1,1,0
772,554,2,1,1
772,692,1,1,0
772,380,1,0,1
772,168,1,1,0
772,640,1,0,1
772,101,1,0,1
772,123,1,1,0
772,59,3,1,2
772,215,2,2,0
772,147,1,1,0
772,176,1,0,1
772,85,1,0,0
772,87,1,0,1
772,88,1,0,1
772,156,1,0,1
772,115,3,1,1
772,57,9,4,4
772,461,2,1,1
772,499,1,1,0
772,13,2,0,1
772,218,2,1,1
772,772,65,13,43
772,8,1,0,1
772,75,2,2,0
772,930,2,1,1
772,216,1,1,0
772,40,4,3,1
772,296,2,1,1
772,158,3,1,2
772,501,1,0,1
772,294,1,0,1
772,86,1,0,1
772,246,1,1,0
772,74,1,1,0
772,9,8,2,5
772,145,1,0,1
772,31,2,2,0
772,28,5,1,4
772,277,1,1,0
772,58,1,1,0
772,327,1,0,1
772,467,2,1,1
772,280,1,0,1
772,381,1,1,0
772,293,1,1,0
772,699,1,1,0
772,770,1,1,0
772,415,7,1,6
772,706,2,2,0
772,707,2,1,1
772,24,1,0,1
772,779,1,0,1
772,171,1,1,0
772,18,1,1,0
772,23,2,2,0
772,159,2,0,1
772,60,1,0,0
772,508,1,0,1
772,51,1,0,1
772,105,1,1,0
772,137,1,0,1
772,317,3,0,2
772,816,1,1,0
772,56,2,1,1
772,122,1,0,1
772,97,1,0,1
772,301,2,1,1
772,143,1,1,0
772,53,1,0,1
772,12,1,1,0
772,121,1,0,0
772,695,1,0,1
772,16,2,0,1
772,609,1,1,0
772,831,1,0,1
773,18,1,1,0
773,179,1,1,0
774,18,1,1,0
774,21,1,1,0
774,2,1,1,0
775,279,1,1,0
775,295,1,0,1
775,512,1,0,1
775,1147,1,1,0
775,16,1,1,0
775,169,1,1,0
775,272,1,1,0
775,318,1,0,1
775,792,1,0,0
775,374,1,1,0
775,218,1,1,0
775,84,1,1,0
775,97,1,1,0
775,11,1,1,0
775,101,1,1,0
775,7,2,1,1
775,105,1,1,0
775,55,1,0,0
775,25,1,1,0
775,381,1,0,0
775,199,1,0,0
775,432,1,1,0
775,273,1,1,0
775,430,1,1,0
775,196,1,0,0
775,148,1,0,0
775,145,1,1,0
775,925,1,1,0
775,408,1,1,0
776,159,1,0,0
776,57,1,1,0
776,646,2,1,1
776,695,1,1,0
776,53,1,0,1
777,82,1,0,1
777,246,1,0,0
777,171,4,2,2
777,777,11,5,5
777,358,1,1,0
777,1272,2,1,0
777,56,2,0,2
777,402,1,0,1
777,646,1,0,0
777,706,2,1,1
777,781,6,0,3
777,347,1,0,0
777,300,2,1,0
777,659,1,1,0
777,25,1,1,0
777,381,1,1,0
777,109,1,0,1
777,349,3,0,3
777,685,1,0,1
777,222,1,1,0
777,523,1,1,0
777,831,4,1,3
777,318,1,1,0
777,816,1,0,0
778,278,1,1,0
778,496,1,1,0
778,80,1,1,0
778,37,1,0,0
778,17,1,1,0
778,84,2,1,1
778,159,4,1,3
778,147,1,0,1
778,20,1,0,1
778,87,3,3,0
778,167,1,1,0
778,16,1,1,0
778,75,1,1,0
778,148,2,1,1
778,81,2,2,0
778,104,1,1,0
778,300,1,1,0
778,107,1,0,0
778,216,1,1,0
778,523,1,0,1
778,336,1,1,0
778,176,3,3,0
778,321,1,1,0
778,296,1,0,0
778,8,1,1,0
778,280,1,0,0
778,170,1,0,1
778,25,1,1,0
778,88,1,0,0
778,26,1,1,0
778,467,1,0,1
778,584,1,0,0
778,716,1,0,1
778,171,1,1,0
778,21,1,1,0
778,52,1,1,0
778,61,1,1,0
778,19,1,1,0
778,2,1,1,0
778,36,2,1,1
778,57,1,1,0
778,74,1,1,0
778,197,1,1,0
779,339,2,1,0
779,80,2,1,0
779,103,2,1,1
779,78,3,2,1
779,246,1,1,0
779,940,1,1,0
779,14,1,1,0
779,1,2,2,0
779,2,2,1,0
779,13,1,0,0
779,81,1,0,1
779,118,1,0,0
779,7,2,2,0
779,104,2,1,0
779,105,2,2,0
779,137,1,1,0
779,779,16,13,1
779,61,1,1,0
779,358,1,1,0
779,77,2,2,0
779,21,2,2,0
779,53,2,2,0
779,282,1,1,0
779,216,1,0,0
779,76,1,0,0
779,59,15,11,4
779,56,3,2,1
779,16,1,1,0
779,75,2,1,0
779,199,1,1,0
779,318,2,2,0
779,299,1,1,0
779,86,1,1,0
779,32,1,1,0
779,314,1,1,0
779,23,4,3,1
779,55,1,1,0
779,215,1,1,0
779,171,1,1,0
779,31,1,1,0
779,293,1,1,0
779,692,2,1,1
779,792,1,1,0
779,198,2,2,0
779,772,2,1,0
779,9,3,2,1
779,36,2,1,1
779,281,1,1,0
779,122,1,1,0
779,28,3,1,1
779,11,1,1,0
779,106,1,1,0
779,176,3,2,0
779,359,1,1,0
779,379,2,2,0
779,156,1,1,0
779,256,1,0,0
779,39,1,0,1
779,259,1,1,0
779,17,1,0,1
779,646,1,1,0
779,22,1,0,1
779,57,6,3,2
779,148,1,1,0
779,218,1,1,0
779,12,1,1,0
779,149,1,1,0
779,542,2,1,0
779,121,1,0,0
779,695,2,1,0
780,339,1,1,0
780,77,2,1,0
780,258,1,0,0
780,716,1,0,1
780,294,1,1,0
780,259,1,0,0
780,170,1,0,0
780,16,1,0,0
780,240,1,0,0
780,381,1,1,0
780,609,1,0,1
780,158,1,1,0
781,339,1,1,0
781,426,1,1,0
781,318,2,1,1
781,471,2,1,1
781,380,1,0,1
781,171,3,1,2
781,781,24,14,5
781,159,1,1,0
781,31,1,1,0
781,256,1,0,1
781,199,1,1,0
781,97,1,1,0
781,258,5,3,2
781,699,1,1,0
781,831,2,2,0
781,301,1,1,0
781,51,1,1,0
781,741,1,0,0
781,688,2,1,1
781,777,5,2,3
781,336,1,1,0
781,216,1,0,0
781,429,1,1,0
781,349,3,0,2
781,619,2,0,1
781,878,1,0,0
781,2534,1,0,1
781,18,1,0,1
781,207,1,1,0
781,659,1,1,0
781,1109,1,0,0
781,432,1,1,0
781,82,1,0,1
782,339,1,1,0
782,199,1,1,0
782,374,1,0,1
782,625,1,1,0
782,297,1,0,0
782,87,1,1,0
782,37,1,1,0
782,314,2,1,0
782,144,4,3,1
782,238,1,1,0
782,584,1,1,0
782,76,1,0,0
782,93,1,1,0
782,53,1,1,0
782,360,1,1,0
782,327,1,1,0
782,218,1,1,0
782,379,1,1,0
782,781,1,1,0
782,149,1,1,0
782,123,1,1,0
782,294,1,0,1
782,21,1,1,0
782,158,1,1,0
782,137,1,1,0
782,88,1,0,0
782,24,2,1,0
782,609,1,1,0
782,426,1,0,1
782,103,1,1,0
782,395,1,0,0
782,333,1,1,0
782,7,1,1,0
782,56,1,1,0
783,339,1,1,0
783,998,1,1,0
783,75,2,1,1
783,15,1,0,1
783,23,1,0,1
783,199,1,1,0
783,40,1,1,0
783,310,1,1,0
783,1,1,1,0
783,61,1,0,1
783,281,1,0,1
783,280,1,0,1
783,121,1,1,0
783,12,1,0,1
783,17,2,2,0
783,109,1,1,0
783,26,1,0,1
783,137,1,1,0
783,609,1,1,0
783,53,1,0,0
783,646,2,0,2
783,399,1,0,1
783,207,1,1,0
783,781,1,1,0
783,88,1,0,1
783,144,1,1,0
784,339,1,1,0
784,277,1,1,0
784,706,2,0,2
784,930,1,0,1
784,59,1,0,1
784,97,1,0,1
784,831,1,0,1
785,339,1,0,1
785,402,1,1,0
785,259,1,0,1
785,87,1,0,1
785,248,1,0,0
785,415,1,1,0
785,148,1,1,0
785,208,1,1,0
785,317,1,1,0
785,512,1,1,0
785,199,1,0,1
785,179,2,1,0
786,144,1,0,0
786,84,1,1,0
786,93,1,0,0
786,104,1,0,0
786,87,1,0,0
786,358,1,0,1
786,707,1,0,0
787,144,1,1,0
787,207,1,1,0
787,15,1,0,1
787,78,1,1,0
787,39,1,1,0
787,653,1,0,1
787,159,1,1,0
787,156,1,1,0
787,40,1,1,0
787,74,1,0,1
787,170,1,1,0
787,53,1,1,0
787,84,1,1,0
787,21,1,1,0
787,282,1,1,0
787,1149,1,1,0
787,19,1,1,0
787,467,1,0,1
787,1272,1,1,0
788,82,1,1,0
788,580,1,1,0
788,176,1,1,0
788,312,1,0,0
788,93,1,1,0
788,462,1,1,0
788,471,1,0,0
788,259,1,1,0
788,282,1,1,0
788,301,1,0,1
788,716,1,0,1
788,431,1,1,0
788,39,1,0,0
789,277,1,0,1
789,234,1,0,1
789,171,1,1,0
789,379,1,1,0
789,381,1,1,0
789,431,1,0,0
790,80,1,1,0
790,170,1,1,0
790,30,2,0,1
790,706,1,1,0
790,854,1,0,1
790,688,1,1,0
790,772,2,1,0
790,77,1,0,1
790,199,1,0,1
790,734,5,0,5
790,523,2,1,1
790,115,1,0,1
790,301,3,1,2
790,51,1,0,1
790,13,1,0,1
790,930,1,0,1
790,674,2,0,2
790,716,1,0,1
790,58,1,0,1
790,28,1,0,1
790,55,1,1,0
790,779,1,0,0
791,281,1,0,1
791,667,1,0,0
791,104,1,0,0
791,215,1,0,0
791,419,1,0,1
791,158,1,0,0
791,311,1,0,0
791,88,1,0,1
791,716,1,0,1
791,87,3,1,0
791,792,1,0,0
791,17,1,1,0
791,1149,1,0,0
791,74,1,0,0
791,646,1,0,0
791,831,1,0,0
791,515,1,0,0
791,139,1,0,0
792,281,6,3,2
792,83,1,1,0
792,40,3,2,1
792,301,2,1,1
792,692,3,2,1
792,23,2,1,1
792,36,5,2,3
792,53,4,3,0
792,52,1,0,1
792,199,3,1,2
792,179,3,2,1
792,170,1,1,0
792,156,6,5,1
792,734,2,2,0
792,792,29,18,7
792,168,2,2,0
792,741,1,1,0
792,1272,1,0,1
792,8,5,2,1
792,97,4,2,2
792,31,1,0,1
792,646,2,0,1
792,609,1,0,1
792,21,1,1,0
792,61,2,2,0
792,77,2,0,0
792,147,1,1,0
792,706,3,2,1
792,51,2,1,1
792,259,1,0,0
792,836,1,0,1
792,87,1,0,1
792,327,1,1,0
792,28,2,2,0
792,115,2,0,2
792,831,1,1,0
792,294,1,0,1
792,231,1,0,1
792,248,1,0,1
792,218,1,0,1
792,60,1,1,0
792,59,1,1,0
792,57,1,1,0
792,256,1,0,1
792,148,1,0,1
792,925,1,1,0
792,523,1,0,1
792,88,1,0,1
792,159,1,1,0
792,318,1,1,0
792,81,1,1,0
792,215,1,0,1
792,75,1,1,0
792,39,1,1,0
792,716,1,1,0
793,169,1,0,1
793,327,2,2,0
793,890,2,0,1
793,143,1,1,0
793,666,1,1,0
793,147,1,1,0
793,51,3,2,1
793,9,1,0,1
793,88,4,2,1
793,83,20,9,10
793,53,3,2,0
793,199,3,2,1
793,706,1,0,0
793,77,2,0,0
793,60,1,1,0
793,58,1,1,0
793,925,2,1,1
793,17,3,1,2
793,37,1,0,0
793,379,2,1,1
793,13,2,2,0
793,97,3,3,0
793,293,2,1,0
793,692,3,1,2
793,792,2,0,1
793,699,1,0,0
793,333,1,1,0
793,256,1,1,0
793,770,1,0,0
793,646,5,3,2
793,381,2,2,0
793,734,2,1,0
793,159,1,0,1
793,146,1,0,1
793,106,1,0,1
793,836,1,0,1
793,281,3,1,2
793,277,1,1,0
793,74,1,0,1
793,430,2,1,1
793,294,1,0,1
793,207,2,0,2
793,439,1,1,0
793,248,4,0,3
793,218,1,1,0
793,18,1,1,0
793,8,2,1,1
793,36,2,2,0
793,419,1,0,1
793,296,1,0,1
793,716,2,1,0
793,831,1,1,0
793,171,1,1,0
793,55,1,0,1
793,40,1,0,1
793,149,2,0,2
794,8,1,0,1
794,147,2,2,0
794,107,2,1,1
794,87,1,1,0
794,381,1,1,0
794,20,1,1,0
794,197,1,1,0
795,8,1,1,0
796,103,2,0,0
796,379,1,0,0
796,426,1,0,0
796,419,1,0,0
796,498,1,0,0
796,340,1,0,0
796,18,1,1,0
796,310,1,0,0
796,215,1,1,0
796,258,1,0,0
796,1109,1,1,0
796,106,1,0,0
796,716,1,0,0
796,646,2,0,0
796,148,1,0,0
796,85,1,0,0
796,39,2,0,1
796,56,2,0,0
796,179,1,1,0
796,347,1,0,0
796,208,1,0,0
796,230,1,0,0
796,26,1,0,0
796,88,1,0,0
797,379,1,1,0
797,246,2,0,1
797,380,1,0,1
797,28,1,1,0
797,341,1,1,0
797,159,1,0,1
797,98,1,0,0
797,215,1,0,0
797,770,1,0,1
797,9,1,0,1
797,779,1,1,0
797,426,1,1,0
797,144,1,1,0
798,379,2,2,0
798,28,1,0,1
799,395,1,1,0
799,381,2,0,0
799,240,1,0,0
799,1272,1,0,0
800,395,2,2,0
800,230,1,0,0
800,320,1,0,1
800,143,1,1,0
800,327,1,1,0
800,159,1,1,0
800,81,1,1,0
800,106,2,1,0
800,122,1,0,1
800,23,1,0,1
800,26,1,1,0
800,207,1,0,1
800,51,1,1,0
800,57,1,0,1
801,395,1,0,0
802,83,1,1,0
802,25,1,1,0
803,36,1,1,0
803,359,1,0,0
803,673,1,1,0
803,59,1,0,0
803,439,1,1,0
803,9,1,1,0
803,336,1,0,1
803,584,1,1,0
803,158,1,1,0
803,324,1,1,0
803,23,1,1,0
803,652,1,0,1
803,208,1,1,0
803,197,1,1,0
803,77,1,0,1
803,147,1,1,0
803,542,3,2,0
803,334,1,0,0
803,146,1,0,0
803,311,1,1,0
803,238,1,1,0
803,74,1,0,0
803,198,1,1,0
803,815,1,1,0
803,619,1,1,0
803,109,1,1,0
803,170,1,1,0
803,176,1,1,0
804,36,1,1,0
804,17,1,1,0
804,208,1,1,0
804,792,1,1,0
804,176,1,0,1
805,36,1,1,0
806,334,1,0,1
806,199,1,0,1
806,20,1,0,1
806,121,1,0,1
807,419,1,0,1
807,294,1,1,0
807,402,2,1,1
807,699,1,0,1
807,26,1,0,1
807,339,1,1,0
807,167,1,1,0
807,76,1,0,1
807,336,1,1,0
807,159,1,1,0
807,318,1,0,1
807,7,2,1,0
807,121,1,0,1
807,933,1,0,1
807,706,1,1,0
807,374,1,0,1
807,55,1,0,1
807,362,1,1,0
807,28,1,0,0
807,13,1,0,1
808,419,1,0,0
808,215,1,0,1
808,84,1,1,0
808,196,1,0,0
808,197,1,1,0
808,638,1,0,1
808,23,2,2,0
808,144,1,1,0
808,1,2,2,0
808,25,1,1,0
808,104,1,0,1
808,281,1,0,1
808,147,1,1,0
808,402,1,0,1
808,508,1,0,0
808,207,2,1,0
808,87,2,2,0
808,19,1,1,0
808,258,1,0,0
808,88,1,1,0
808,34,1,0,1
808,33,1,1,0
808,295,1,0,0
808,609,1,0,1
808,24,1,1,0
808,413,1,0,0
808,734,1,1,0
808,53,2,2,0
808,81,1,1,0
808,168,1,1,0
808,123,1,1,0
808,105,1,1,0
808,148,1,0,1
808,20,1,0,1
808,218,2,0,2
808,18,1,1,0
808,156,1,0,1
808,57,1,1,0
808,816,1,0,1
808,646,2,1,0
808,695,2,1,1
808,51,1,0,1
808,347,1,1,0
808,277,1,1,0
808,77,1,0,1
809,197,1,1,0
809,674,1,0,1
809,84,1,1,0
809,1,2,2,0
809,716,1,1,0
809,105,1,1,0
809,144,1,1,0
809,399,2,2,0
809,30,1,1,0
809,321,1,1,0
809,77,2,2,0
809,21,1,0,1
809,256,1,1,0
809,56,1,0,1
809,106,1,1,0
809,23,1,0,1
809,145,1,0,1
809,542,1,1,0
809,93,1,1,0
810,167,1,1,0
810,53,1,0,0
810,40,1,0,0
810,336,1,0,0
810,327,1,0,0
810,170,3,1,0
810,9,2,1,1
810,31,1,1,0
810,20,1,0,0
810,854,1,0,1
810,659,1,0,1
810,878,1,0,0
810,18,1,1,0
810,646,1,1,0
810,379,1,0,0
810,109,1,1,0
810,402,1,0,0
810,17,1,1,0
811,167,1,1,0
811,57,1,0,0
811,280,1,1,0
811,147,1,1,0
811,122,1,1,0
812,167,1,1,0
813,93,1,1,0
813,13,1,1,0
813,7,1,0,1
813,659,1,0,0
813,24,1,0,1
813,208,1,1,0
813,105,1,1,0
813,240,1,1,0
813,396,1,1,0
813,143,2,0,1
813,432,1,1,0
813,339,1,0,0
813,523,1,0,0
813,512,1,1,0
813,159,1,0,0
813,18,1,0,0
813,9,1,1,0
813,692,1,0,0
813,234,1,0,0
813,258,1,0,1
813,293,2,1,1
813,87,2,2,0
813,296,1,0,1
813,97,1,0,0
813,23,1,1,0
814,93,1,0,1
814,523,1,0,0
814,461,1,1,0
814,688,1,0,0
814,82,1,1,0
814,439,1,1,0
814,277,2,1,0
814,706,3,2,1
814,9,1,1,0
814,379,1,0,1
814,734,1,1,0
814,171,1,1,0
814,408,1,1,0
814,359,1,0,0
814,17,1,1,0
814,61,1,1,0
814,12,1,1,0
814,240,1,0,0
814,508,1,0,1
814,318,1,0,1
814,716,1,0,1
814,28,1,1,0
814,101,1,0,0
815,93,1,0,1
815,494,3,1,0
815,2,2,2,0
815,358,2,1,0
815,815,21,15,4
815,107,1,0,0
815,101,1,1,0
815,280,1,1,0
815,25,2,1,1
815,13,2,1,0
815,234,1,1,0
815,359,1,0,1
815,84,3,1,2
815,523,1,0,0
815,149,1,0,0
815,55,1,0,1
815,238,3,2,1
815,159,3,2,1
815,395,1,1,0
815,115,1,0,1
815,296,1,1,0
815,88,1,1,0
815,103,1,1,0
815,77,1,1,0
815,311,1,1,0
815,156,1,1,0
815,215,1,0,0
815,74,2,2,0
815,144,3,2,1
815,200,1,1,0
815,61,1,0,0
815,207,2,1,1
815,673,1,1,0
815,619,1,0,0
815,1413,1,1,0
815,158,2,1,0
815,170,1,1,0
815,216,1,0,0
815,432,1,0,0
815,176,1,1,0
815,273,1,1,0
816,93,1,1,0
816,906,1,0,0
816,101,1,1,0
816,17,1,1,0
816,36,2,2,0
816,523,1,1,0
816,816,38,15,16
816,381,2,1,1
816,60,1,1,0
816,831,1,0,0
816,56,2,2,0
816,716,1,0,0
816,77,2,1,1
816,277,1,1,0
816,508,1,1,0
816,361,1,1,0
816,30,1,0,0
816,770,1,1,0
816,878,2,1,1
816,661,5,3,2
816,28,1,0,1
816,115,1,1,0
816,84,1,0,1
816,256,1,0,1
816,31,2,1,1
816,171,2,1,1
816,145,1,1,0
816,301,1,1,0
816,781,1,1,0
816,318,1,0,1
816,467,1,1,0
816,688,2,0,1
816,105,1,1,0
816,297,2,1,1
816,170,1,1,0
816,948,1,1,0
816,471,1,1,0
817,93,1,1,0
818,93,1,0,1
818,259,1,0,0
819,53,1,1,0
819,51,1,1,0
819,362,1,1,0
819,146,1,1,0
819,246,1,1,0
819,13,1,1,0
819,39,1,1,0
819,692,1,0,1
819,777,1,0,1
819,61,1,0,1
819,699,1,0,1
819,184,1,0,1
819,30,1,0,1
819,666,1,0,1
819,23,1,1,0
819,93,1,0,1
819,123,1,1,0
819,320,1,0,0
819,198,1,0,1
819,2932,1,1,0
820,60,1,1,0
820,336,1,1,0
821,60,1,1,0
821,293,1,1,0
822,282,1,0,1
822,492,1,1,0
822,296,1,0,0
822,470,1,1,0
822,390,1,1,0
822,376,2,0,1
822,101,1,1,0
822,58,1,1,0
822,103,1,0,1
822,542,1,1,0
822,25,1,0,0
822,75,1,0,1
822,259,1,0,0
822,87,1,1,0
822,208,1,1,0
822,24,1,1,0
822,149,1,0,1
822,717,2,1,1
823,282,1,0,1
823,156,1,1,0
823,734,1,0,1
823,277,1,0,1
823,179,1,1,0
823,171,1,0,1
823,379,1,0,1
824,272,1,0,1
824,12,1,1,0
824,31,2,1,1
824,415,1,0,0
824,361,2,1,0
824,9,2,1,0
824,145,2,2,0
824,339,1,0,0
824,88,1,1,0
824,57,2,1,1
824,296,1,0,1
824,340,2,1,1
824,51,4,1,1
824,156,1,0,1
824,84,1,0,1
824,360,1,1,0
824,61,2,2,0
824,103,2,2,0
824,93,1,1,0
824,147,1,1,0
824,207,1,1,0
824,321,1,1,0
824,198,1,1,0
824,584,1,0,0
824,218,1,0,0
824,75,1,1,0
824,86,1,1,0
824,81,1,1,0
824,170,1,1,0
824,933,1,1,0
824,230,1,0,0
824,1,1,1,0
824,673,1,0,1
824,28,1,1,0
824,20,3,2,0
824,24,1,1,0
824,40,1,1,0
824,26,1,1,0
824,30,1,1,0
824,699,1,1,0
824,22,1,1,0
824,60,1,0,0
824,58,1,1,0
824,646,1,1,0
824,293,1,1,0
824,734,1,1,0
824,56,1,1,0
824,76,1,0,1
824,107,1,0,1
824,97,1,1,0
824,106,1,0,1
824,659,1,0,1
824,77,1,1,0
824,208,1,1,0
824,327,1,1,0
824,362,1,0,0
824,234,1,0,0
824,23,2,2,0
824,53,1,1,0
824,143,1,0,0
824,78,1,0,0
824,15,1,1,0
824,318,1,0,0
824,199,1,0,1
825,12,1,1,0
825,25,1,1,0
825,16,1,1,0
825,31,1,0,1
825,106,1,0,1
825,339,1,1,0
825,77,1,1,0
825,139,1,0,1
825,28,1,0,1
825,56,1,1,0
825,779,1,1,0
825,159,1,1,0
825,104,1,1,0
825,34,1,1,0
825,20,1,1,0
825,121,1,0,1
826,59,1,0,1
826,560,1,1,0
826,17,1,1,0
826,88,1,0,1
826,695,1,1,0
826,854,1,1,0
827,57,1,1,0
827,0,1,1,0
827,584,1,1,0
827,56,1,1,0
827,933,1,0,0
827,25,1,1,0
827,381,1,0,0
828,11,1,1,0
828,483,3,2,1
828,101,1,0,1
828,81,1,1,0
828,23,2,2,0
828,260,1,1,0
828,248,1,1,0
828,208,2,2,0
828,55,1,1,0
828,87,1,0,1
828,74,1,1,0
828,57,1,1,0
828,149,1,0,0
828,122,1,1,0
828,147,1,1,0
828,85,2,1,1
828,374,1,0,0
828,25,2,2,0
828,33,2,2,0
828,380,1,1,0
828,105,1,1,0
828,310,1,1,0
828,61,1,1,0
828,8,1,1,0
828,413,1,0,1
828,415,1,1,0
828,103,2,2,0
828,584,1,0,0
828,906,1,1,0
828,123,1,1,0
828,77,1,0,1
828,19,1,0,1
828,53,1,1,0
828,106,1,1,0
828,360,1,0,1
828,230,1,0,1
828,51,2,1,1
828,107,1,1,0
828,60,1,1,0
828,148,1,1,0
828,113,1,0,0
828,159,1,1,0
828,534,1,1,0
828,2526,1,0,1
828,2554,1,1,0
828,13,1,1,0
828,2203,1,1,0
828,2296,2,1,1
828,1062,2,2,0
828,1171,2,1,1
828,2945,1,1,0
828,2860,1,1,0
828,28,1,1,0
828,0,1,1,0
828,59,2,2,0
829,121,1,0,1
829,580,1,1,0
829,58,1,0,1
829,53,2,2,0
829,1,1,0,0
829,333,1,1,0
829,93,1,1,0
829,25,1,1,0
829,234,1,1,0
829,277,1,1,0
829,98,1,1,0
829,169,1,1,0
829,81,1,1,0
829,395,1,1,0
829,314,1,1,0
829,197,1,0,1
829,1109,1,1,0
829,24,1,1,0
829,156,1,1,0
829,199,1,0,1
829,74,3,1,2
829,147,1,1,0
829,104,2,2,0
829,77,1,1,0
829,137,1,0,1
829,159,1,1,0
829,215,1,1,0
829,609,1,0,1
829,15,1,1,0
829,51,2,2,0
829,170,1,0,1
829,145,2,1,1
829,84,1,1,0
829,179,1,1,0
829,461,1,1,0
829,534,1,1,0
829,256,1,0,0
829,167,1,0,0
829,560,1,1,0
830,121,1,0,0
831,432,2,2,0
831,347,1,1,0
831,1272,1,0,0
831,294,1,1,0
831,523,1,1,0
831,158,1,1,0
831,106,2,2,0
831,831,71,18,42
831,82,1,1,0
831,156,1,1,0
831,16,1,1,0
831,97,1,0,1
831,159,1,1,0
831,216,1,1,0
831,30,1,1,0
831,716,1,0,1
831,816,2,1,1
831,115,1,1,0
831,301,1,1,0
831,109,10,2,7
831,176,1,1,0
831,103,1,0,0
831,0,2,0,2
831,619,3,0,2
831,661,1,0,1
831,171,1,1,0
831,777,1,1,0
831,56,1,1,0
831,222,1,0,0
832,146,1,1,0
832,426,1,1,0
832,311,1,1,0
832,646,1,0,0
832,470,1,1,0
832,198,1,1,0
832,9,1,0,0
832,77,1,1,0
833,149,1,0,1
834,215,1,0,0
834,159,1,0,0
834,554,1,0,0
834,301,1,0,0
834,862,1,1,0
834,97,1,0,0
834,258,1,0,0
834,83,1,0,0
834,1,1,0,0
834,24,1,0,0
834,426,1,0,0
834,294,1,0,1
834,87,1,0,0
834,82,1,0,1
834,381,1,0,0
834,777,2,0,0
834,280,1,1,0
834,688,1,0,0
834,76,1,0,0
834,431,1,0,0
834,432,1,0,0
835,215,1,0,0
835,395,1,0,0
835,84,1,0,0
836,78,1,1,0
836,755,1,1,0
836,692,8,1,5
836,51,6,4,1
836,107,1,1,0
836,83,2,2,0
836,320,1,1,0
836,156,3,2,1
836,792,2,1,1
836,699,2,2,0
836,60,1,0,1
836,17,3,2,1
836,36,1,1,0
836,399,1,1,0
836,508,1,1,0
836,87,1,1,0
836,20,1,1,0
836,925,3,2,1
836,12,1,1,0
836,7,1,1,0
836,238,1,0,0
836,30,1,1,0
836,57,1,1,0
836,55,1,0,1
836,836,9,7,2
836,381,1,0,0
836,1267,1,1,0
836,106,1,0,1
836,609,7,5,2
836,512,1,1,0
836,26,1,1,0
836,18,2,2,0
836,646,8,6,2
836,706,1,1,0
836,56,1,1,0
836,240,2,2,0
836,74,1,1,0
836,2861,1,1,0
836,684,1,0,1
836,121,1,1,0
836,336,1,0,0
836,97,1,1,0
836,781,1,1,0
836,179,1,0,0
836,147,1,1,0
836,258,1,1,0
836,770,1,1,0
836,831,1,1,0
836,61,1,1,0
836,318,1,1,0
837,498,5,1,0
837,912,2,0,1
837,837,16,7,6
837,640,1,1,0
837,215,1,0,1
837,39,1,0,1
837,199,1,1,0
837,1423,1,0,1
837,8,1,1,0
837,52,1,1,0
837,361,1,1,0
837,432,1,1,0
837,1147,1,1,0
837,349,1,0,0
837,81,1,0,0
837,84,1,1,0
837,0,1,0,1
837,534,1,0,1
837,279,1,0,0
837,222,1,1,0
837,1717,1,0,1
837,277,1,0,0
838,396,1,1,0
838,272,1,0,0
838,296,1,1,0
838,28,1,1,0
838,101,1,1,0
838,1272,1,0,1
838,81,1,0,1
838,37,1,0,1
838,238,1,1,0
839,396,1,1,0
839,238,1,0,0
839,294,1,0,1
839,2296,1,1,0
840,396,1,0,0
841,396,1,1,0
841,159,1,1,0
841,36,1,0,1
841,85,1,1,0
841,13,1,0,1
841,901,1,1,0
841,167,1,1,0
841,60,1,0,1
841,21,1,0,1
841,101,1,1,0
841,508,1,1,0
841,59,1,0,1
841,678,1,1,0
841,84,1,1,0
842,512,1,0,0
842,513,1,0,0
843,0,1,1,0
843,168,1,0,1
843,234,1,0,1
844,199,1,0,0
845,199,3,3,0
845,319,1,0,1
845,854,1,0,0
845,60,1,1,0
845,419,9,7,1
845,215,2,2,0
845,84,1,0,1
845,688,1,1,0
845,301,1,1,0
845,734,1,0,1
845,77,1,1,0
845,426,1,0,0
845,770,1,1,0
845,707,1,1,0
845,87,1,1,0
845,39,1,1,0
845,137,1,1,0
845,9,1,0,0
845,56,1,1,0
845,170,1,0,1
845,171,1,1,0
845,467,1,0,1
845,318,1,1,0
845,109,1,0,0
845,883,1,0,1
845,31,1,0,1
846,40,1,0,1
846,184,1,1,0
846,327,1,0,0
846,37,1,1,0
846,300,1,1,0
847,40,1,0,1
847,707,1,0,0
847,104,1,0,0
847,84,1,0,1
847,170,1,0,1
847,12,1,0,1
848,426,1,0,0
848,20,1,1,0
848,248,1,0,0
848,103,1,0,1
848,26,1,1,0
848,9,1,1,0
848,692,1,1,0
848,933,1,1,0
848,218,1,1,0
848,716,1,1,0
848,381,1,1,0
848,156,1,1,0
849,426,1,0,1
849,361,1,1,0
849,673,1,0,1
849,170,1,1,0
849,200,1,1,0
849,17,1,1,0
849,168,1,0,1
849,82,2,1,1
849,413,2,1,1
849,429,1,1,0
849,81,1,1,0
849,101,1,1,0
849,652,1,0,1
849,734,1,1,0
849,699,1,1,0
849,300,1,1,0
849,115,1,1,0
849,97,1,1,0
849,31,1,1,0
849,777,1,0,0
849,85,1,1,0
849,259,2,2,0
849,541,1,1,0
849,207,1,0,1
849,175,1,0,1
849,816,1,1,0
849,1109,1,1,0
849,273,2,1,1
849,19,1,1,0
849,53,1,1,0
849,334,1,0,0
849,2,1,1,0
849,59,1,1,0
849,327,1,1,0
849,280,1,0,0
849,301,1,1,0
849,878,1,1,0
849,144,1,0,0
849,56,1,0,1
849,60,1,0,1
849,24,1,1,0
849,52,1,1,0
849,781,1,1,0
849,854,1,1,0
849,199,1,1,0
849,297,1,0,1
849,39,1,0,1
850,426,1,1,0
850,637,1,1,0
850,77,1,1,0
850,107,1,0,1
850,379,2,2,0
850,40,2,1,0
850,25,1,1,0
850,146,1,1,0
850,61,3,0,2
850,772,1,1,0
850,84,1,1,0
850,277,2,1,1
850,281,3,2,0
850,148,2,2,0
850,147,1,1,0
850,850,13,8,5
850,87,1,1,0
850,197,1,0,1
850,156,3,3,0
850,792,1,0,0
850,699,1,1,0
850,609,5,1,4
850,399,1,1,0
850,381,2,1,1
850,26,1,0,1
850,53,2,1,0
850,159,1,1,0
850,770,1,1,0
850,199,1,1,0
850,318,1,0,0
850,21,2,2,0
850,360,1,0,1
850,18,1,1,0
850,8,1,0,0
850,57,1,0,1
850,240,1,1,0
850,97,1,0,1
850,646,3,2,0
850,659,1,0,0
851,171,2,1,1
851,101,1,1,0
851,85,1,1,0
852,327,1,0,1
852,143,2,1,1
852,9,1,0,1
852,25,2,1,1
852,170,1,0,1
852,198,1,1,0
852,55,1,1,0
852,158,1,0,1
852,147,1,1,0
852,381,1,1,0
852,77,1,0,1
852,336,1,0,0
852,8,1,1,0
852,159,1,0,1
852,646,1,0,1
852,28,1,0,1
853,327,1,1,0
854,638,1,0,1
854,734,1,0,1
854,692,1,1,0
854,327,1,0,1
854,429,1,0,1
854,159,1,1,0
854,103,1,1,0
854,148,6,2,2
854,854,72,19,45
854,659,1,0,0
854,171,1,0,0
854,580,1,0,0
854,608,6,0,4
854,139,10,0,8
854,299,1,1,0
854,716,1,1,0
854,101,2,2,0
854,208,5,3,2
854,18,1,0,1
854,215,2,2,0
854,158,1,1,0
854,508,1,1,0
854,293,1,0,0
854,779,1,1,0
854,97,1,1,0
854,901,8,5,3
854,74,1,1,0
854,144,1,0,1
854,21,1,1,0
854,30,1,1,0
854,706,1,1,0
854,560,1,0,0
854,770,1,1,0
854,87,1,1,0
854,88,1,1,0
854,167,1,0,0
854,282,2,1,1
854,56,1,0,1
854,2656,2,1,1
854,707,1,1,0
854,84,2,1,0
854,831,1,1,0
854,179,2,2,0
854,85,1,0,1
854,381,1,0,0
854,515,1,0,1
854,23,1,0,1
854,105,2,1,1
854,360,1,0,0
854,55,1,0,1
854,741,1,0,0
854,297,3,1,1
854,207,1,0,1
854,61,1,0,0
854,121,1,1,0
854,695,1,0,1
854,199,1,1,0
854,318,1,1,0
854,115,1,0,1
854,362,1,1,0
854,147,1,1,0
854,176,1,0,0
854,77,1,1,0
854,930,1,0,1
854,883,1,0,0
854,256,1,1,0
855,554,1,1,0
856,246,2,1,0
856,97,1,1,0
856,176,1,0,1
857,246,1,1,0
857,25,1,1,0
857,534,1,1,0
857,281,1,1,0
857,19,1,0,0
857,33,2,2,0
857,61,1,1,0
857,40,1,1,0
857,692,1,1,0
858,246,1,1,0
858,912,1,0,1
858,663,1,0,0
858,399,1,0,0
858,381,1,1,0
858,82,1,1,0
858,215,1,0,0
858,273,1,0,0
858,40,1,0,1
858,58,1,1,0
858,637,1,1,0
858,208,1,0,0
858,28,1,1,0
859,246,1,0,0
859,207,1,1,0
859,259,1,1,0
859,933,1,1,0
859,781,1,0,0
859,56,1,0,0
859,36,1,1,0
859,296,1,0,1
860,246,1,1,0
860,207,1,1,0
860,362,1,0,0
860,197,1,0,0
860,716,2,2,0
860,297,1,1,0
860,273,1,1,0
860,930,2,2,0
861,158,1,0,1
861,196,1,1,0
861,395,1,1,0
861,341,1,1,0
861,240,1,1,0
861,17,1,1,0
861,379,1,1,0
861,19,1,1,0
861,2,1,0,1
861,97,1,1,0
861,901,1,1,0
862,361,1,1,0
862,554,7,7,0
862,499,1,0,0
862,360,2,2,0
862,175,1,1,0
862,167,1,1,0
862,430,2,2,0
862,109,1,1,0
862,862,10,4,6
862,431,3,2,1
862,467,2,1,1
862,139,24,7,15
862,159,1,1,0
862,158,1,1,0
862,619,1,1,0
862,107,1,0,1
862,426,1,1,0
862,78,1,1,0
862,301,2,1,1
862,317,1,1,0
862,471,1,1,0
862,608,2,2,0
862,33,1,1,0
862,541,2,2,0
862,170,1,0,0
862,272,2,2,0
862,36,1,1,0
862,97,1,0,0
862,654,1,0,1
862,256,1,1,0
862,25,1,0,1
862,222,1,0,0
862,16,1,1,0
863,106,1,0,1
863,9,2,2,0
863,23,1,0,1
863,18,1,0,1
863,58,1,0,1
863,24,1,1,0
863,158,1,0,1
863,511,1,1,0
863,230,1,1,0
863,280,1,0,0
863,1272,1,1,0
863,53,1,1,0
863,74,1,0,0
863,7,2,1,1
863,60,2,1,1
863,81,1,0,1
863,415,1,1,0
863,259,1,0,1
863,99,1,1,0
863,327,1,0,0
864,106,2,0,1
864,659,4,3,0
864,1102,1,0,1
864,1142,1,1,0
864,301,1,0,0
864,584,1,0,1
864,608,1,0,1
864,77,2,1,1
864,18,1,1,0
864,33,2,1,0
864,137,1,1,0
864,40,1,0,0
864,408,1,0,1
864,39,1,1,0
864,374,1,1,0
864,296,1,1,0
864,259,1,1,0
864,637,3,1,1
864,864,14,2,9
864,1276,1,1,0
864,319,1,1,0
864,25,2,2,0
864,105,1,1,0
864,476,1,0,1
864,26,1,0,1
864,467,1,1,0
864,439,1,0,0
864,363,1,1,0
864,413,1,0,0
864,1135,1,0,1
864,169,1,1,0
864,199,1,0,1
864,361,1,1,0
864,81,1,1,0
864,215,1,1,0
864,87,1,0,1
864,74,1,1,0
864,318,1,0,0
864,12,1,0,0
864,700,1,0,1
864,167,1,0,1
864,445,1,1,0
864,0,1,0,1
864,336,2,1,1
864,554,1,1,0
864,461,1,1,0
864,222,1,0,1
865,106,2,1,1
866,513,1,0,1
866,741,1,0,0
866,854,1,0,1
866,168,1,1,0
866,374,1,0,1
866,145,1,1,0
866,498,1,0,0
866,200,1,0,1
867,513,1,0,0
867,692,2,1,1
867,430,1,1,0
867,234,1,1,0
867,31,1,0,0
867,318,1,0,0
867,395,1,0,0
867,58,1,1,0
867,171,1,0,0
867,88,1,0,0
868,513,1,1,0
868,143,1,1,0
869,513,1,0,1
869,31,1,1,0
869,199,1,0,1
870,179,3,2,1
870,1090,1,1,0
870,24,1,1,0
870,137,1,0,1
870,692,2,1,0
870,199,4,1,3
870,156,1,0,1
870,17,1,0,1
870,59,1,1,0
871,179,2,2,0
871,196,1,1,0
871,399,1,1,0
871,33,1,1,0
871,57,1,1,0
871,76,1,1,0
871,16,1,0,1
871,445,1,1,0
871,816,1,0,1
871,496,1,1,0
871,1718,1,1,0
871,12,1,1,0
871,26,1,0,1
871,75,1,0,1
871,171,1,1,0
871,51,1,1,0
872,179,1,1,0
872,281,2,1,1
872,399,1,1,0
872,513,1,0,1
872,104,1,1,0
872,215,1,0,1
872,347,1,1,0
872,312,1,1,0
872,107,1,0,1
872,20,1,0,1
872,258,1,1,0
872,147,1,1,0
872,145,1,0,1
872,688,1,0,1
872,781,1,0,1
872,779,1,1,0
872,259,1,0,1
872,144,1,1,0
873,179,1,0,1
874,179,1,1,0
875,179,1,0,1
875,296,1,0,1
875,181,1,1,0
875,281,1,1,0
875,74,1,1,0
875,467,2,2,0
875,341,1,1,0
875,51,2,1,1
875,75,1,1,0
875,11,1,0,1
875,156,1,1,0
875,399,1,0,1
875,121,1,1,0
875,33,1,0,1
875,53,2,1,1
875,28,1,0,1
875,158,1,0,1
875,93,1,1,0
875,30,1,0,1
875,878,1,0,0
875,13,1,1,0
876,179,2,1,1
876,692,2,1,1
876,379,1,1,0
877,147,1,0,1
877,360,1,0,0
878,200,1,1,0
878,374,1,1,0
878,706,2,0,1
878,471,3,1,2
878,317,1,1,0
878,144,1,1,0
878,300,3,1,2
878,339,1,1,0
878,222,11,2,9
878,878,49,15,24
878,57,1,1,0
878,31,12,3,7
878,170,3,2,0
878,688,1,1,0
878,901,1,1,0
878,716,1,1,0
878,34,1,1,0
878,741,1,0,1
878,381,1,1,0
878,156,1,0,1
878,695,1,0,1
878,25,2,1,0
878,297,1,1,0
878,831,1,1,0
878,196,1,0,1
878,103,1,0,1
878,430,1,1,0
878,84,1,0,0
878,77,1,1,0
878,215,1,0,0
878,0,1,0,1
878,171,2,0,2
878,39,1,0,1
878,349,1,0,1
878,930,1,0,1
878,390,1,1,0
878,397,1,0,1
878,684,1,0,1
878,419,1,0,1
878,97,1,0,1
878,216,2,1,0
878,498,1,1,0
878,52,1,1,0
878,109,4,2,0
878,105,1,0,1
878,2360,1,0,1
878,581,1,0,1
878,321,1,1,0
878,1088,1,1,0
879,200,1,0,0
879,98,1,1,0
879,87,1,1,0
879,143,1,1,0
879,148,1,1,0
880,200,1,1,0
880,31,1,0,0
880,207,1,0,0
880,706,1,0,0
880,415,1,0,1
880,170,1,0,0
880,258,1,0,0
880,430,1,0,1
880,777,1,0,0
881,200,1,0,1
881,240,1,1,0
881,207,1,1,0
882,483,1,0,0
882,734,1,1,0
882,137,2,1,0
882,31,1,0,0
882,381,2,0,0
882,688,2,0,1
882,772,1,0,0
882,28,1,1,0
882,170,2,0,0
882,854,2,0,1
882,831,1,1,0
882,40,1,0,0
882,258,2,1,0
882,143,1,1,0
882,646,7,0,0
882,707,1,0,0
882,238,1,0,0
882,19,1,0,0
882,706,2,0,0
882,792,1,0,0
882,179,1,0,0
882,318,1,0,0
882,218,1,1,0
882,77,1,1,0
882,741,2,0,0
882,88,1,0,0
882,56,1,0,0
882,13,1,1,0
882,18,2,1,0
882,57,1,0,0
882,58,1,0,0
882,16,3,0,0
882,523,1,0,0
882,399,2,0,0
882,199,1,1,0
882,240,1,0,0
882,609,1,0,0
882,8,1,1,0
882,277,1,1,0
882,256,1,0,0
882,1149,1,0,0
882,259,1,0,0
883,883,2,2,0
883,28,1,1,0
883,159,1,0,1
883,381,1,1,0
883,179,1,0,0
883,176,1,1,0
883,948,1,1,0
883,878,1,1,0
883,56,1,1,0
884,31,1,0,0
884,277,1,0,0
884,179,1,0,0
884,688,2,0,0
884,122,1,0,0
884,158,1,0,0
884,105,1,1,0
884,171,1,0,0
884,523,1,0,0
884,143,1,0,0
884,706,1,0,0
884,170,1,0,0
885,580,1,1,0
885,218,1,1,0
886,294,1,1,0
886,156,1,1,0
886,159,2,1,1
886,77,1,1,0
886,88,1,1,0
886,280,1,1,0
886,40,1,0,0
886,78,1,1,0
886,121,1,1,0
886,148,1,1,0
886,81,1,0,1
886,61,1,1,0
886,21,1,1,0
886,215,2,1,1
886,168,1,1,0
886,84,1,0,1
886,471,1,1,0
886,413,1,1,0
886,39,1,0,1
886,158,1,1,0
887,294,1,0,1
887,22,1,1,0
887,137,1,1,0
887,358,1,1,0
887,23,1,0,0
887,2,1,1,0
887,159,1,0,1
887,281,1,1,0
887,13,1,0,1
888,294,1,0,1
888,850,1,1,0
888,1357,1,1,0
888,159,1,1,0
889,294,1,1,0
890,890,16,5,11
890,83,6,1,5
890,148,1,0,1
890,918,1,0,1
890,88,1,1,0
890,240,1,1,0
890,82,1,1,0
890,1142,1,0,1
890,156,1,0,1
890,408,1,1,0
890,181,1,0,1
890,23,1,1,0
890,685,1,0,1
890,390,1,0,1
890,770,1,0,1
890,248,1,0,1
890,646,1,1,0
890,238,1,0,1
890,107,1,1,0
891,890,1,0,0
891,36,1,1,0
891,87,2,0,0
891,311,1,1,0
891,277,2,0,0
891,58,1,0,0
891,26,1,0,0
891,734,1,0,0
891,40,1,0,0
891,30,1,0,0
892,39,1,1,0
892,147,1,0,0
893,39,1,1,0
893,542,1,0,1
893,1119,2,2,0
893,101,2,2,0
893,462,1,1,0
893,7,2,2,0
893,327,1,1,0
893,1,1,1,0
893,358,1,1,0
893,471,1,1,0
893,216,1,1,0
893,259,1,1,0
893,56,1,1,0
893,51,2,1,1
893,379,1,1,0
893,621,1,1,0
893,176,1,1,0
894,39,1,1,0
895,143,1,1,0
895,16,1,0,0
896,115,1,0,0
896,106,1,0,0
896,511,1,0,0
896,147,1,1,0
896,312,1,0,0
896,176,1,0,0
896,60,1,1,0
896,432,1,0,0
896,360,1,1,0
896,16,1,1,0
896,170,1,1,0
896,171,1,0,0
896,734,2,0,0
897,295,1,0,1
898,374,3,3,0
898,2,1,1,0
898,147,1,1,0
898,143,1,1,0
898,105,2,1,1
898,918,1,1,0
898,320,1,1,0
898,395,1,0,1
898,432,1,1,0
898,58,2,2,0
898,402,1,1,0
898,260,1,1,0
898,327,1,0,1
898,36,1,1,0
898,60,1,1,0
898,492,1,1,0
898,426,1,0,1
898,462,1,0,0
898,87,2,2,0
898,123,1,1,0
898,15,1,1,0
898,361,2,2,0
898,57,1,1,0
898,101,2,0,1
898,208,1,0,0
898,379,1,1,0
898,439,1,1,0
898,358,2,0,1
898,297,1,1,0
898,359,1,1,0
898,137,1,1,0
898,21,1,0,1
898,122,1,1,0
898,106,2,1,1
898,18,2,1,1
898,197,2,1,0
898,88,1,0,1
898,39,2,2,0
898,363,1,0,0
898,816,1,0,0
898,699,1,1,0
898,26,1,1,0
898,20,1,0,1
898,17,1,0,1
898,277,1,0,0
898,199,1,1,0
898,470,1,1,0
898,149,1,0,1
898,207,1,0,1
898,77,1,0,1
898,159,1,1,0
898,218,1,0,0
898,222,1,0,0
898,56,2,1,0
898,215,1,0,0
898,115,1,0,1
898,878,1,1,0
898,8,2,1,0
898,430,1,1,0
898,23,2,2,0
898,7,1,1,0
898,318,1,0,0
898,646,3,2,1
898,30,1,0,1
898,184,1,0,0
898,259,2,2,0
898,619,1,0,0
898,512,1,0,0
898,33,1,1,0
899,374,1,0,1
899,53,1,0,1
899,97,1,0,1
899,76,1,1,0
899,156,2,1,1
899,31,1,1,0
899,7,1,1,0
899,1021,1,0,1
899,692,1,0,0
900,374,1,1,0
901,467,2,0,1
901,277,1,0,1
901,360,1,1,0
901,9,1,0,1
901,215,2,2,0
901,554,2,1,1
901,179,1,0,0
901,259,2,0,2
901,608,1,1,0
901,36,1,1,0
901,901,8,7,1
901,854,6,3,1
901,301,2,1,1
901,159,1,1,0
901,419,1,1,0
901,40,2,2,0
901,258,4,1,0
901,707,1,1,0
901,25,3,1,2
901,57,2,1,0
901,199,2,1,0
901,534,1,0,1
901,97,3,2,1
901,200,1,0,1
901,508,1,0,0
901,770,1,1,0
901,831,1,1,0
901,216,1,1,0
901,148,1,1,0
901,122,1,0,1
901,297,2,0,1
901,431,1,0,1
901,139,1,0,1
901,948,2,0,1
901,240,1,0,1
901,272,1,1,0
902,279,1,0,0
902,379,1,1,0
902,381,1,0,1
902,716,1,0,1
902,511,1,1,0
902,741,1,1,0
902,734,1,1,0
902,25,1,1,0
902,492,1,0,0
902,515,1,0,0
902,199,2,1,1
902,171,1,0,0
902,779,1,1,0
902,105,1,1,0
902,297,1,0,0
903,334,1,1,0
903,654,1,0,1
903,372,1,1,0
903,706,1,1,0
903,301,1,0,1
903,320,1,1,0
904,347,1,0,1
904,854,1,1,0
904,60,1,1,0
905,347,1,0,1
906,906,2,1,1
906,147,1,1,0
906,82,1,1,0
906,2169,1,1,0
906,663,2,0,2
906,426,2,1,1
906,878,1,0,0
906,200,1,0,1
907,471,1,0,0
907,362,1,0,0
907,379,1,1,0
907,426,1,1,0
907,8,1,0,1
907,415,1,0,0
908,25,1,0,1
908,8,1,1,0
908,706,1,0,1
908,399,1,0,1
908,87,2,2,0
908,97,1,1,0
908,925,1,1,0
908,53,1,1,0
909,25,2,0,0
909,619,1,0,0
909,84,1,0,0
909,277,3,0,1
909,341,2,0,0
909,294,1,1,0
909,862,1,1,0
909,837,1,0,0
909,1149,1,0,0
909,379,1,0,0
909,16,1,0,0
909,240,2,2,0
909,317,1,1,0
909,471,1,0,0
909,137,1,0,0
909,415,1,1,0
909,256,2,1,0
909,297,1,0,0
909,339,1,0,0
909,1091,1,1,0
909,75,1,0,0
909,772,1,0,0
909,87,1,0,0
909,105,1,0,0
909,673,1,0,0
909,374,1,1,0
909,8,1,0,0
909,280,1,0,0
909,61,1,1,0
909,318,1,0,0
909,143,1,0,0
909,81,1,0,0
909,359,1,0,0
909,36,1,0,0
909,40,1,0,0
910,25,1,0,1
910,625,1,0,1
910,40,1,1,0
910,123,1,1,0
910,498,1,1,0
910,51,1,1,0
910,741,1,1,0
910,52,1,1,0
910,523,1,0,0
910,646,1,1,0
910,399,1,0,0
911,25,1,1,0
911,554,1,1,0
911,280,1,1,0
911,16,1,1,0
912,52,4,3,1
912,912,10,5,4
912,361,2,0,0
912,816,1,1,0
912,312,1,0,1
912,207,1,1,0
912,74,1,0,1
912,143,1,1,0
912,837,1,0,0
912,231,2,1,1
913,912,1,1,0
913,1090,1,1,0
913,707,1,0,1
913,9,1,1,0
913,772,1,1,0
913,659,1,1,0
913,26,1,0,1
913,143,1,1,0
913,1109,1,0,1
913,77,1,1,0
914,296,1,0,0
914,294,1,1,0
914,18,1,0,0
914,215,1,0,0
914,25,1,1,0
914,654,1,0,0
914,9,1,1,0
914,77,1,0,0
914,395,1,1,0
914,0,1,1,0
914,31,1,1,0
914,380,1,0,0
914,143,1,0,0
914,688,1,0,0
914,19,1,0,1
914,692,1,0,0
914,734,1,0,1
915,296,2,0,0
915,81,1,0,0
915,410,1,1,0
915,360,1,0,0
915,523,1,0,0
915,256,1,0,0
915,156,1,0,0
915,399,1,0,0
915,772,1,0,0
916,296,1,0,0
916,207,1,0,1
916,933,1,0,0
916,30,1,1,0
916,87,1,1,0
916,34,1,1,0
916,692,1,0,1
916,646,1,0,0
917,296,1,0,0
917,40,1,0,0
917,402,1,0,1
917,81,1,0,0
917,379,1,0,0
917,77,1,1,0
917,0,1,0,0
917,777,1,0,0
917,106,1,0,0
917,523,1,0,0
917,688,2,0,0
917,88,1,1,0
917,31,1,0,0
917,646,1,0,0
917,734,1,0,0
918,380,9,1,6
918,674,11,2,9
918,200,1,0,1
918,334,12,1,10
918,918,84,8,62
918,1119,1,0,0
918,105,2,0,1
918,360,2,0,2
918,281,1,0,1
918,55,1,1,0
918,60,1,1,0
918,216,1,0,1
918,256,15,1,14
918,695,1,0,1
918,494,2,0,0
918,512,7,2,3
918,426,6,1,5
918,171,3,1,1
918,143,1,1,0
918,513,1,0,1
918,294,2,1,1
918,534,11,2,5
918,1272,3,0,3
918,349,1,0,1
918,685,1,0,0
918,259,1,0,1
918,930,13,1,12
918,461,6,0,3
918,321,1,0,1
918,397,3,2,1
918,659,4,0,2
918,661,1,0,0
918,777,4,0,4
918,663,6,0,4
918,1276,1,0,1
918,340,2,0,1
918,716,15,0,15
918,362,1,0,1
918,77,2,0,2
918,215,2,1,1
918,82,1,0,0
918,197,3,0,2
918,39,2,0,2
918,2171,1,0,1
918,30,1,0,1
918,471,4,0,2
918,637,1,0,0
918,415,2,0,2
918,296,2,1,0
918,312,6,0,6
918,374,2,1,1
918,1133,1,0,1
918,8,1,0,1
918,19,1,0,0
918,933,2,1,0
918,2656,1,0,0
918,619,2,1,0
918,542,1,0,1
918,498,1,0,1
918,137,1,0,1
918,159,1,0,1
918,122,1,0,1
918,381,1,0,1
918,13,1,0,1
918,24,2,0,2
918,84,1,0,1
918,772,1,0,1
918,278,1,0,1
918,76,1,0,1
918,430,1,0,1
918,0,1,0,1
918,199,1,0,1
918,40,1,0,1
918,878,1,0,1
918,741,1,1,0
918,554,1,0,1
918,246,2,0,2
918,301,2,0,2
918,318,1,0,1
918,230,3,0,3
918,654,1,0,1
918,734,15,0,14
918,688,1,0,1
918,231,1,0,1
918,503,2,0,2
918,684,1,0,1
918,2534,2,0,2
918,402,1,0,1
918,144,1,0,1
918,9,1,0,1
918,408,1,0,1
918,272,1,1,0
918,273,1,0,1
918,467,1,1,0
919,470,1,0,1
919,60,2,1,1
919,0,1,1,0
919,327,1,1,0
919,304,1,1,0
919,429,1,0,0
919,699,1,1,0
919,82,2,1,1
919,30,1,0,1
919,280,1,0,0
919,31,1,0,1
919,638,1,0,1
919,22,1,0,1
919,277,1,0,1
919,121,1,0,1
919,318,1,0,0
919,207,1,1,0
920,470,1,1,0
920,408,1,0,1
920,430,1,1,0
920,39,1,1,0
920,26,1,1,0
920,104,1,1,0
920,77,1,1,0
920,327,1,1,0
920,60,1,0,0
920,61,1,1,0
920,278,1,1,0
920,36,1,0,1
920,30,1,1,0
920,147,1,1,0
920,9,1,1,0
920,471,1,0,0
920,295,1,1,0
921,470,1,1,0
921,621,1,0,1
921,637,1,1,0
921,940,1,0,1
921,24,1,0,0
921,327,1,1,0
921,17,1,1,0
921,554,1,0,0
921,706,2,1,0
921,918,1,1,0
921,707,1,0,1
921,80,1,1,0
921,272,2,1,0
921,106,1,1,0
921,513,1,1,0
921,318,1,1,0
921,74,2,0,2
921,281,1,1,0
921,314,1,1,0
921,9,3,1,2
921,933,1,1,0
921,699,1,0,0
921,144,1,1,0
921,51,1,1,0
921,741,1,1,0
921,1109,1,1,0
921,159,1,1,0
921,294,2,1,1
921,30,1,1,0
921,18,1,0,1
921,57,1,1,0
921,179,1,1,0
921,467,2,0,0
921,381,1,1,0
921,777,3,2,0
921,171,1,0,1
921,56,1,1,0
921,77,1,1,0
922,139,2,0,0
922,88,1,0,0
922,431,2,0,0
922,30,1,0,0
922,379,1,0,0
922,82,1,0,0
922,280,1,0,0
922,208,1,1,0
922,200,1,0,0
922,196,1,0,0
923,139,1,0,0
923,716,1,0,1
923,25,1,1,0
923,61,1,1,0
924,299,2,1,1
924,207,1,0,1
924,419,1,1,0
924,688,1,0,0
924,158,1,1,0
924,925,1,0,0
924,259,1,0,0
924,318,1,0,0
925,207,1,1,0
925,692,6,4,1
925,76,1,1,0
925,1090,1,0,0
925,199,2,1,1
925,419,1,1,0
925,215,1,0,1
925,523,2,2,0
925,336,1,1,0
925,97,2,1,1
925,31,2,2,0
925,854,1,1,0
925,925,11,9,1
925,293,1,0,1
925,706,2,0,2
925,51,3,2,1
925,26,1,1,0
925,646,5,3,1
925,933,1,1,0
925,115,1,1,0
925,609,4,2,2
925,695,1,0,1
925,311,1,0,1
925,61,3,3,0
925,741,1,1,0
925,1267,1,1,0
925,218,1,1,0
925,36,1,0,1
925,88,1,1,0
925,83,1,0,1
925,12,1,0,1
925,143,1,1,0
925,171,1,1,0
925,24,1,0,0
925,301,1,1,0
925,147,1,1,0
926,207,1,0,1
926,167,1,0,0
926,619,1,0,0
926,31,1,0,0
926,467,1,0,0
926,51,1,0,0
926,831,2,0,0
926,695,1,0,0
926,646,1,0,0
926,82,1,0,0
926,734,1,1,0
926,77,1,1,0
927,461,1,0,1
927,176,1,0,1
927,57,3,3,0
927,379,1,1,0
927,772,1,1,0
927,277,1,1,0
927,523,1,1,0
927,930,1,1,0
927,770,1,0,1
927,18,1,1,0
927,419,1,0,1
927,925,3,1,1
927,9,2,0,1
927,25,1,1,0
927,716,1,1,0
927,13,1,1,0
927,17,1,0,1
927,53,2,2,0
927,831,1,1,0
927,28,1,1,0
927,781,1,1,0
928,461,1,1,0
928,121,1,1,0
928,143,2,2,0
928,31,1,0,0
928,379,1,0,1
928,692,1,0,1
928,706,1,1,0
928,792,1,0,0
928,646,1,0,0
928,716,1,0,0
928,831,1,0,1
929,654,1,1,0
929,122,1,0,1
930,734,1,0,0
930,230,1,0,1
930,930,34,10,18
930,716,3,3,0
930,78,1,1,0
930,688,3,3,0
930,381,1,1,0
930,770,1,0,0
930,40,1,1,0
930,674,4,1,3
930,18,1,1,0
930,36,1,1,0
930,57,1,0,1
930,318,1,1,0
930,1272,1,1,0
930,661,1,0,1
930,320,1,1,0
930,208,1,0,1
930,105,1,1,0
930,170,1,1,0
930,28,1,1,0
931,734,1,1,0
931,139,1,1,0
931,53,1,1,0
931,554,1,1,0
931,674,1,1,0
931,512,1,0,0
931,419,2,1,0
931,87,1,0,0
931,175,1,1,0
931,31,1,1,0
931,9,1,1,0
931,19,1,0,0
931,51,1,0,1
931,137,1,0,1
931,28,1,1,0
931,101,1,0,1
931,36,1,0,1
931,59,1,1,0
931,121,2,2,0
931,199,1,0,1
931,40,1,0,1
931,240,1,1,0
931,318,1,1,0
931,147,1,1,0
932,734,1,1,0
932,57,1,1,0
932,17,1,1,0
932,9,1,0,1
932,695,1,1,0
932,215,1,1,0
932,741,1,1,0
932,508,1,1,0
932,1267,1,1,0
932,770,1,1,0
932,2,1,0,1
932,159,1,1,0
932,281,1,1,0
932,121,1,0,0
932,277,1,1,0
932,145,1,1,0
932,39,1,1,0
933,933,102,47,41
933,713,1,1,0
933,1102,6,1,4
933,336,1,1,0
933,170,1,1,0
933,299,1,1,0
933,685,1,0,0
933,854,1,0,0
933,75,1,0,1
933,327,2,0,1
933,77,1,1,0
933,20,1,1,0
933,918,1,0,1
933,215,1,0,0
933,57,1,1,0
933,1357,1,1,0
933,218,1,0,0
933,523,1,0,1
933,148,1,0,1
933,279,1,0,1
933,461,1,0,1
933,361,1,1,0
933,61,1,0,1
933,314,1,0,1
933,301,2,1,0
933,175,1,0,0
933,149,1,0,1
933,419,1,1,0
933,741,1,1,0
933,360,1,0,1
933,415,1,0,1
933,36,1,1,0
933,59,1,0,1
933,256,1,0,1
933,695,1,0,1
933,770,1,1,0
933,115,1,1,0
933,515,1,1,0
933,318,1,1,0
933,771,1,0,1
933,831,1,0,1
933,259,1,0,1
933,661,1,0,1
933,40,1,1,0
933,272,1,0,1
933,1894,1,0,1
934,933,1,1,0
934,273,1,1,0
934,380,1,1,0
935,311,1,0,1
935,56,1,1,0
935,850,1,1,0
936,637,1,0,0
936,467,1,0,0
936,8,1,0,0
937,637,2,2,0
937,379,1,0,1
938,273,1,0,0
938,208,1,1,0
938,9,1,1,0
939,273,1,0,1
939,906,1,0,0
939,707,1,0,0
939,196,1,0,0
939,499,1,0,0
939,419,1,0,0
939,25,1,0,0
939,147,1,0,0
939,87,1,0,0
939,175,1,0,0
939,716,1,0,1
939,17,1,1,0
939,281,1,1,0
939,523,2,0,0
939,53,1,0,0
939,12,1,1,0
939,199,1,0,0
939,148,1,1,0
939,258,1,0,0
939,77,1,0,0
939,59,1,0,0
940,940,1,1,0
940,82,2,2,0
941,390,1,1,0
941,619,1,1,0
941,179,3,2,1
941,933,1,1,0
941,115,1,1,0
941,816,1,1,0
941,199,1,1,0
941,854,2,1,1
941,82,1,0,0
941,158,1,1,0
941,836,1,1,0
941,419,1,1,0
941,148,2,1,1
942,157,1,0,0
942,372,1,1,0
942,0,1,1,0
942,277,1,1,0
942,200,1,1,0
942,327,1,1,0
942,379,1,0,0
943,415,2,1,1
943,414,1,1,0
943,121,1,1,0
943,82,1,1,0
943,19,2,1,1
943,28,1,0,1
943,339,1,1,0
943,145,1,1,0
943,176,1,0,0
943,143,1,1,0
943,836,1,1,0
943,9,1,1,0
943,396,1,0,0
943,579,1,0,1
943,256,1,0,1
943,25,1,1,0
943,57,2,1,1
943,218,1,1,0
943,87,1,1,0
943,1062,1,0,1
943,51,1,1,0
943,779,1,1,0
944,940,1,0,1
944,430,1,0,0
944,324,1,0,0
944,167,1,1,0
944,359,1,1,0
944,147,1,0,1
944,104,1,1,0
945,222,1,0,1
945,349,1,1,0
945,390,1,0,0
945,945,7,3,4
945,1717,1,1,0
945,16,1,0,0
945,1147,1,0,0
945,2534,1,0,0
945,208,1,0,1
945,144,1,1,0
945,175,1,1,0
946,692,1,0,1
946,854,1,0,0
946,26,2,1,1
946,101,1,1,0
946,78,1,1,0
946,40,2,1,1
946,197,1,1,0
946,301,1,1,0
946,445,1,0,1
946,55,1,0,1
946,28,1,0,1
946,36,5,4,1
946,34,1,0,0
946,218,1,1,0
946,358,2,0,0
946,167,1,0,0
946,59,1,0,0
946,176,1,1,0
946,321,1,0,1
946,74,1,0,1
946,695,1,1,0
946,171,1,0,0
946,19,1,1,0
946,143,1,0,0
946,56,1,0,1
947,692,1,1,0
947,170,1,1,0
947,678,1,1,0
947,26,1,1,0
947,87,1,0,0
947,23,1,0,1
947,80,1,1,0
947,53,1,1,0
947,11,1,1,0
947,146,1,1,0
947,246,1,0,1
947,380,1,1,0
947,176,1,0,1
947,30,1,0,0
948,692,1,1,0
948,1113,1,1,0
948,299,1,0,1
948,1102,1,1,0
948,8,1,1,0
948,779,1,0,1
948,1121,1,1,0
948,156,1,0,1
948,948,10,2,8
948,19,1,0,1
948,1894,1,0,0
949,361,2,1,1
949,196,1,1,0
950,86,1,0,0
951,86,1,1,0
952,380,1,1,0
952,157,1,0,1
952,218,1,1,0
952,19,1,0,1
952,334,1,1,0
952,248,1,1,0
952,7,2,1,1
952,333,1,1,0
952,0,1,1,0
952,260,1,0,0
952,361,1,1,0
952,101,1,0,1
952,26,1,1,0
952,84,1,0,0
952,159,2,1,1
952,23,2,1,1
952,779,2,0,1
952,11,2,2,0
952,105,1,1,0
952,184,1,1,0
952,25,1,0,1
952,21,1,1,0
952,51,1,0,1
952,18,1,1,0
952,215,1,1,0
952,56,1,1,0
952,646,1,0,1
952,318,1,1,0
952,930,1,1,0
953,380,1,1,0
953,498,1,0,0
953,912,1,1,0
953,167,1,1,0
954,380,1,0,1
954,707,1,1,0
954,159,1,1,0
954,706,1,1,0
954,259,2,0,1
954,439,1,0,0
954,17,1,1,0
954,199,1,1,0
954,318,1,0,1
954,609,1,0,1
954,1109,1,1,0
954,646,1,0,1
954,77,1,0,0
955,380,1,1,0
955,28,1,1,0
955,57,3,2,1
955,16,1,1,0
955,82,1,0,1
955,9,1,0,0
955,706,1,1,0
955,779,1,1,0
955,149,1,0,1
955,158,1,1,0
955,512,1,1,0
955,692,1,1,0
955,148,1,1,0
955,278,1,1,0
955,25,1,0,1
956,380,2,0,2
956,300,1,0,1
956,296,1,0,1
956,57,1,0,1
956,716,1,0,1
957,619,1,0,1
957,426,2,2,0
957,85,1,1,0
957,238,1,0,0
957,159,1,1,0
957,445,1,1,0
957,81,1,0,1
957,673,1,0,0
957,84,1,0,0
957,56,1,1,0
958,414,1,0,0
958,402,1,0,0
958,317,1,0,0
958,28,1,1,0
958,19,2,0,0
958,77,1,0,0
958,208,1,1,0
958,159,1,0,0
959,713,1,1,0
959,462,1,1,0
959,75,1,0,1
959,461,1,1,0
959,167,1,1,0
959,196,1,0,0
959,106,1,1,0
959,26,1,1,0
959,76,1,1,0
959,294,1,1,0
959,16,1,1,0
959,216,1,1,0
959,358,1,1,0
959,222,2,2,0
959,912,1,1,0
959,207,1,0,0
959,299,1,1,0
959,619,1,1,0
959,56,1,1,0
959,281,1,0,0
959,60,1,1,0
959,170,1,1,0
959,399,2,0,0
959,770,1,0,1
959,379,2,1,1
959,85,2,1,1
959,218,1,1,0
959,699,1,1,0
959,1109,2,2,0
959,310,2,2,0
959,238,2,2,0
959,673,1,0,0
959,432,1,1,0
959,179,1,1,0
959,296,1,0,0
959,143,1,1,0
959,8,1,0,1
959,77,1,1,0
959,24,1,1,0
959,408,1,1,0
959,101,1,1,0
959,159,1,1,0
959,40,1,1,0
959,854,1,1,0
959,84,1,0,1
959,87,1,1,0
959,415,1,0,1
960,713,1,0,0
960,471,1,0,0
960,930,1,0,0
960,314,1,1,0
960,281,1,0,1
960,327,1,1,0
960,82,1,1,0
960,402,1,0,0
960,19,1,1,0
960,2534,1,0,0
960,512,2,0,0
960,218,1,1,0
960,36,2,1,1
960,12,1,0,1
960,240,1,0,0
960,171,1,0,0
960,508,1,1,0
960,692,1,1,0
960,148,1,1,0
960,646,1,0,0
961,713,1,1,0
961,107,1,0,0
961,25,1,0,1
961,296,1,0,0
962,198,1,1,0
962,462,1,1,0
962,207,1,0,1
962,40,1,0,0
962,831,1,1,0
963,198,1,0,1
963,240,1,1,0
963,494,1,1,0
964,661,4,1,2
964,216,1,1,0
965,168,1,1,0
966,168,1,1,0
967,663,1,1,0
968,663,1,0,0
968,176,1,1,0
968,299,1,0,0
968,637,1,0,0
968,16,2,0,1
968,106,1,0,0
968,31,1,1,0
968,296,1,0,0
968,341,1,0,0
968,259,1,1,0
968,24,1,0,0
968,301,1,1,0
968,277,1,0,0
968,692,1,0,0
968,1109,1,0,1
968,105,1,0,0
968,777,1,1,0
968,471,1,0,0
968,156,2,0,0
968,646,3,0,0
968,293,1,0,0
968,280,1,1,0
968,240,1,0,0
968,901,1,0,0
968,107,1,0,0
968,145,1,0,1
968,97,1,0,0
968,101,1,1,0
968,144,1,0,0
968,230,1,1,0
968,36,1,0,1
968,147,1,0,0
969,667,1,1,0
969,84,1,0,1
969,170,1,0,0
969,854,1,0,0
969,34,1,0,1
969,104,1,1,0
969,301,1,0,1
969,143,1,0,0
969,101,1,1,0
969,105,2,0,1
969,277,1,0,0
969,145,1,1,0
969,36,1,1,0
969,318,1,0,0
970,667,1,1,0
971,483,1,1,0
971,688,1,0,1
971,609,1,1,0
971,238,2,1,1
971,16,1,0,1
972,483,1,0,1
972,972,4,2,2
972,238,1,1,0
972,301,1,1,0
972,25,1,1,0
972,207,2,1,1
972,181,2,1,1
972,1082,2,1,1
972,278,1,1,0
972,1166,2,1,1
972,402,1,0,1
972,51,1,1,0
972,792,1,1,0
972,86,1,1,0
972,30,1,1,0
972,88,3,2,0
972,299,1,1,0
972,99,1,0,1
972,58,3,1,2
972,419,1,1,0
972,246,1,1,0
972,523,1,1,0
972,467,1,1,0
972,646,2,1,1
972,105,1,0,0
972,948,7,2,4
973,314,1,1,0
973,156,1,0,0
973,238,1,1,0
973,347,1,1,0
974,314,1,1,0
974,706,1,0,0
975,673,1,1,0
975,25,1,1,0
975,246,1,0,0
976,673,1,0,1
977,862,1,0,1
977,40,1,1,0
978,319,1,1,0
978,81,2,1,1
978,59,1,0,1
978,82,1,0,1
978,77,1,1,0
978,11,1,0,1
978,238,2,1,1
978,294,1,1,0
978,137,1,1,0
978,20,1,1,0
978,22,1,1,0
978,84,1,0,1
978,2861,1,1,0
978,716,1,1,0
978,374,1,1,0
978,659,1,0,1
978,208,1,1,0
979,319,1,1,0
979,197,1,0,1
980,319,1,1,0
980,36,1,0,1
981,340,1,0,1
982,248,1,0,1
982,184,1,1,0
983,462,1,0,1
983,118,1,0,1
983,85,1,1,0
983,139,1,1,0
983,208,2,2,0
983,318,1,1,0
983,300,1,1,0
983,93,1,1,0
983,511,1,1,0
983,327,1,0,1
983,84,2,1,1
983,333,1,0,0
983,234,1,1,0
983,23,1,1,0
983,293,1,1,0
983,59,1,0,1
983,30,1,1,0
984,883,1,0,1
984,281,9,4,3
984,1102,1,1,0
984,51,2,0,2
984,36,1,0,1
984,197,1,0,1
984,256,1,0,0
984,199,1,1,0
984,179,2,2,0
984,240,1,1,0
984,87,1,1,0
984,772,1,1,0
984,707,1,1,0
984,792,3,2,1
984,159,1,1,0
984,168,1,1,0
984,175,1,1,0
984,379,1,1,0
984,8,1,0,1
984,84,1,1,0
984,9,1,0,0
984,523,1,1,0
984,646,1,0,1
984,692,1,1,0
984,609,2,0,2
984,770,1,0,1
984,56,1,0,1
984,53,1,1,0
985,837,2,0,1
985,640,3,0,2
985,996,2,0,0
985,9,1,1,0
985,171,2,2,0
985,341,1,0,0
985,379,1,0,0
985,985,1,1,0
985,933,2,0,2
985,381,1,0,0
985,523,1,0,0
985,321,1,0,0
985,2534,1,0,1
985,706,1,0,1
985,52,1,1,0
985,258,1,1,0
985,167,1,1,0
985,85,1,1,0
985,901,1,1,0
985,26,1,0,1
985,336,1,0,1
985,301,1,0,1
985,925,1,0,1
985,716,2,1,1
985,498,2,1,1
985,34,1,0,0
986,837,1,1,0
986,1127,1,0,0
986,362,1,0,0
987,837,1,1,0
987,105,1,1,0
988,972,1,1,0
988,74,1,1,0
988,277,1,1,0
988,31,1,1,0
988,144,1,1,0
988,541,1,1,0
989,972,1,1,0
989,2,1,1,0
989,74,1,0,1
990,640,1,1,0
990,30,1,0,0
990,147,1,0,0
990,314,1,0,1
990,360,1,0,0
991,640,1,0,1
991,104,1,1,0
991,59,1,1,0
991,21,1,1,0
991,311,1,1,0
991,379,1,1,0
991,259,1,1,0
991,51,1,1,0
991,372,1,0,1
991,234,1,1,0
992,684,1,0,0
992,431,1,1,0
992,36,1,0,0
992,171,1,0,0
992,56,1,1,0
992,831,1,0,0
992,17,1,0,0
992,83,1,0,0
992,121,1,1,0
992,779,1,0,0
992,139,1,0,0
993,684,1,0,1
993,56,1,0,1
994,906,1,1,0
994,426,1,0,0
994,87,1,0,0
994,499,1,0,0
994,238,1,0,0
994,16,1,0,0
994,311,1,0,0
995,906,1,0,0
995,215,1,0,0
996,996,1,0,0
996,321,1,0,1
997,996,1,0,0
997,199,1,0,1
997,158,1,0,0
998,998,1,0,1
998,87,1,0,1
998,327,3,0,2
998,115,1,0,0
998,179,1,1,0
998,318,1,1,0
998,646,1,1,0
998,105,1,0,0
998,39,1,0,1
999,998,1,0,1
999,59,2,0,0
999,692,2,0,1
999,707,1,1,0
999,208,1,1,0
999,277,1,0,0
999,218,1,1,0
999,318,1,0,0
999,207,1,0,0
1000,998,1,0,1
1000,19,1,1,0
1000,9,1,1,0
1000,523,2,1,0
1000,199,1,1,0
1000,170,1,0,1
1000,296,1,0,1
1000,61,2,1,1
1000,2861,1,1,0
1001,87,1,0,0
1001,410,1,0,0
1001,492,1,0,0
1001,168,1,0,0
1002,28,1,1,0
1002,74,2,2,0
1002,88,1,0,1
1002,52,1,1,0
1002,381,1,1,0
1002,26,1,1,0
1002,7,1,1,0
1002,53,1,0,0
1002,175,1,0,1
1002,296,1,1,0
1003,104,1,0,1
1004,105,1,1,0
1004,339,1,1,0
1004,57,1,1,0
1004,360,1,1,0
1004,277,1,1,0
1004,413,1,1,0
1004,28,1,1,0
1004,171,1,0,1
1004,59,2,0,1
1004,146,1,0,1
1004,51,1,1,0
1004,334,1,0,1
1004,246,1,0,0
1005,238,1,0,1
1005,1,1,1,0
1005,215,1,0,1
1005,692,1,1,0
1005,426,1,0,0
1005,300,1,1,0
1005,273,1,1,0
1005,358,1,1,0
1005,77,1,1,0
1005,216,1,1,0
1005,461,1,1,0
1005,17,1,1,0
1005,208,1,1,0
1005,7,1,1,0
1005,159,1,0,0
1005,176,1,1,0
1006,208,1,1,0
1007,84,1,1,0
1007,336,1,1,0
1007,294,1,0,0
1008,58,1,1,0
1008,19,1,1,0
1008,678,1,1,0
1009,74,1,1,0
1009,831,1,0,0
1009,101,1,1,0
1009,77,2,1,1
1009,18,1,1,0
1009,175,1,0,0
1009,432,1,1,0
1009,925,1,0,1
1009,106,1,0,1
1009,215,1,0,1
1009,208,1,1,0
1009,32,1,0,1
1009,159,1,0,1
1009,144,1,1,0
1010,74,1,0,0
1010,57,1,1,0
1010,854,1,0,1
1010,300,1,0,1
1010,9,1,1,0
1011,80,1,0,1
1011,390,2,1,1
1011,259,1,0,0
1011,143,1,1,0
1011,75,1,1,0
1011,501,1,0,1
1011,609,1,0,1
1011,741,1,1,0
1011,419,1,0,1
1012,80,1,0,1
1012,51,2,2,0
1012,23,2,2,0
1012,695,1,0,1
1012,143,1,1,0
1012,688,1,1,0
1012,101,1,1,0
1012,75,2,2,0
1012,280,2,1,0
1012,87,1,1,0
1012,216,1,0,1
1012,106,1,0,1
1012,792,1,1,0
1012,692,3,2,1
1012,471,1,1,0
1012,159,1,1,0
1012,61,1,0,1
1012,707,1,0,0
1012,179,1,0,1
1012,646,1,0,1
1012,77,1,0,1
1012,28,1,0,1
1012,31,1,0,1
1013,88,1,1,0
1013,2,1,0,1
1014,53,3,2,1
1014,8,5,4,0
1014,21,2,1,1
1014,197,1,0,1
1014,279,1,0,0
1014,281,1,0,0
1014,76,1,0,0
1014,624,1,1,0
1014,88,1,1,0
1014,333,1,1,0
1014,11,4,0,3
1014,16,4,1,2
1014,97,2,2,0
1014,85,3,2,0
1014,51,9,6,3
1014,28,1,1,0
1014,608,1,0,0
1014,397,1,0,0
1014,320,1,0,0
1014,37,2,1,1
1014,246,1,0,0
1014,179,2,0,0
1014,143,2,0,2
1014,81,3,3,0
1014,106,1,1,0
1014,36,1,0,0
1014,93,1,0,0
1014,57,1,1,0
1014,19,4,3,1
1014,445,4,2,2
1014,2,7,6,0
1014,13,3,0,3
1014,87,2,2,0
1014,26,1,1,0
1014,238,2,2,0
1014,218,3,1,1
1014,84,1,1,0
1014,144,1,0,1
1014,107,2,2,0
1014,61,4,3,1
1014,156,2,2,0
1014,60,2,1,0
1014,12,3,1,2
1014,15,1,1,0
1014,176,1,0,1
1014,207,2,2,0
1014,168,3,3,0
1014,340,2,1,0
1014,362,2,1,1
1014,310,2,2,0
1014,83,1,0,1
1014,146,2,2,0
1014,199,1,1,0
1014,461,1,1,0
1014,23,2,0,1
1014,17,1,1,0
1014,159,1,1,0
1014,20,4,4,0
1014,118,1,0,1
1014,1,1,0,1
1014,170,1,0,0
1014,280,2,2,0
1014,678,1,1,0
1014,413,1,0,0
1014,59,1,0,0
1014,311,1,0,1
1014,321,1,1,0
1014,666,1,1,0
1014,638,1,1,0
1014,390,1,1,0
1014,34,2,2,0
1014,56,1,1,0
1014,18,1,0,1
1014,324,1,0,1
1014,74,1,1,0
1014,148,1,1,0
1014,181,1,1,0
1014,99,1,1,0
1014,560,1,1,0
1015,58,1,1,0
1016,75,1,0,1
1016,359,1,1,0
1016,118,1,1,0
1016,84,1,0,1
1016,512,1,0,0
1016,196,1,1,0
1016,86,1,1,0
1016,137,1,0,1
1016,88,1,0,1
1016,83,1,0,1
1016,53,3,2,1
1016,218,1,1,0
1016,341,1,1,0
1017,179,1,1,0
1017,74,1,0,1
1017,1102,1,1,0
1017,9,1,1,0
1017,318,1,1,0
1017,2,2,2,0
1017,19,1,1,0
1017,1811,1,0,0
1017,390,1,1,0
1017,158,1,0,0
1017,258,1,0,0
1017,779,1,1,0
1017,143,1,1,0
1017,609,2,2,0
1017,13,1,1,0
1017,379,1,0,0
1017,87,1,0,0
1017,145,1,0,0
1017,646,2,1,0
1017,34,1,0,0
1018,30,1,0,1
1018,82,1,1,0
1018,2,2,1,1
1018,26,2,0,2
1018,654,1,0,1
1018,104,1,0,0
1018,106,1,0,0
1018,85,1,1,0
1018,706,1,1,0
1018,272,1,0,0
1018,207,1,1,0
1018,258,1,1,0
1018,256,1,0,1
1018,707,1,1,0
1018,609,1,1,0
1018,1267,1,0,0
1018,23,1,1,0
1018,17,2,1,1
1018,84,1,1,0
1018,419,1,1,0
1018,395,1,1,0
1018,361,1,0,0
1018,333,1,0,0
1018,408,1,0,1
1018,0,1,1,0
1018,170,1,1,0
1018,75,1,1,0
1018,105,1,0,0
1018,137,1,1,0
1018,399,1,1,0
1018,347,1,1,0
1018,7,1,1,0
1018,169,1,0,1
1018,144,2,2,0
1018,296,1,1,0
1018,57,2,2,0
1018,294,2,2,0
1018,652,1,0,0
1018,770,1,0,1
1018,11,1,1,0
1018,53,4,1,2
1018,688,1,0,0
1018,312,1,0,1
1018,58,1,0,0
1018,415,1,0,0
1018,51,1,1,0
1018,695,2,1,1
1018,145,2,1,1
1018,716,1,1,0
1018,37,1,1,0
1018,199,1,1,0
1018,317,1,0,1
1018,16,1,0,1
1018,148,1,1,0
1018,511,1,1,0
1018,61,1,1,0
1018,99,1,0,1
1018,101,1,1,0
1018,122,1,0,1
1018,22,1,1,0
1018,176,1,1,0
1018,55,1,0,1
1019,184,1,1,0
1019,145,1,0,1
1019,415,1,1,0
1019,59,1,0,0
1019,98,1,0,1
1019,358,1,1,0
1019,77,1,1,0
1019,21,1,1,0
1019,82,2,1,0
1019,81,2,1,0
1019,196,1,0,0
1019,234,2,2,0
1019,148,1,0,1
1019,1894,1,0,0
1020,22,1,1,0
1020,98,1,1,0
1021,215,2,2,0
1021,107,3,2,1
1021,36,2,1,1
1021,52,3,2,1
1021,513,1,1,0
1021,890,1,0,1
1021,598,1,1,0
1021,439,2,2,0
1021,15,2,1,1
1021,635,3,2,0
1021,700,1,1,0
1021,483,2,0,2
1021,1021,4,2,1
1021,181,4,2,1
1021,281,2,1,1
1021,24,2,2,0
1021,137,1,0,1
1021,360,1,1,0
1021,175,2,1,0
1021,103,1,1,0
1021,121,7,5,1
1021,58,2,0,2
1021,297,2,1,1
1021,115,1,0,0
1021,17,4,3,1
1021,170,5,1,4
1021,310,3,1,1
1021,336,2,0,1
1021,9,1,0,0
1021,26,2,1,0
1021,147,2,1,1
1021,260,1,1,0
1021,675,2,2,0
1021,51,4,4,0
1021,379,2,2,0
1021,60,1,0,1
1021,347,1,0,1
1021,390,3,2,1
1021,83,1,0,1
1021,93,2,1,1
1021,256,1,0,0
1021,78,2,1,1
1021,492,1,0,1
1021,408,3,1,1
1021,299,2,0,1
1021,118,1,1,0
1021,415,1,0,1
1021,87,2,2,0
1021,218,2,0,1
1021,84,1,1,0
1021,358,1,1,0
1021,413,1,1,0
1021,156,1,1,0
1021,301,1,1,0
1021,179,2,2,0
1021,31,2,1,1
1021,296,1,0,1
1021,258,1,0,1
1021,503,1,1,0
1021,1031,1,0,1
1021,149,2,1,1
1021,7,1,1,0
1021,419,1,0,1
1021,81,2,1,0
1021,21,1,1,0
1021,200,1,1,0
1021,85,1,0,1
1021,22,1,1,0
1021,792,1,1,0
1021,159,2,2,0
1021,300,1,1,0
1021,55,1,1,0
1021,88,2,1,1
1021,534,1,1,0
1021,334,1,1,0
1021,321,1,1,0
1021,659,1,0,1
1021,168,1,1,0
1021,101,1,0,1
1021,40,1,0,1
1021,77,1,0,1
1021,1102,1,1,0
1021,685,1,1,0
1022,81,1,1,0
1022,301,1,1,0
1022,294,1,0,1
1022,21,1,0,1
1022,483,1,1,0
1022,181,1,1,0
1023,87,1,0,1
1023,667,1,0,0
1023,55,1,1,0
1023,256,1,0,1
1023,2526,1,0,1
1023,347,1,0,0
1024,87,1,0,1
1024,312,1,1,0
1024,299,1,1,0
1024,0,1,1,0
1024,439,3,1,2
1024,137,1,0,0
1024,429,2,1,0
1024,84,1,0,1
1024,77,1,1,0
1024,461,1,0,0
1025,87,1,1,0
1025,280,1,1,0
1026,87,1,1,0
1026,379,1,1,0
1027,196,1,1,0
1027,11,1,1,0
1027,2,1,1,0
1027,13,1,1,0
1027,55,1,1,0
1027,123,1,0,1
1028,24,1,1,0
1028,230,1,0,1
1029,7,1,0,0
1029,103,1,0,0
1029,32,1,0,1
1029,118,1,0,0
1030,238,1,1,0
1030,81,1,1,0
1030,36,1,0,1
1030,333,1,1,0
1030,674,1,1,0
1030,199,1,0,1
1031,82,1,1,0
1031,84,2,1,0
1031,277,1,1,0
1031,52,1,0,0
1031,396,2,0,1
1031,240,1,0,1
1031,336,1,1,0
1031,580,1,1,0
1031,30,2,2,0
1031,39,1,0,1
1031,143,3,0,3
1031,390,1,0,1
1031,314,1,0,1
1031,1135,1,1,0
1031,1102,1,1,0
1031,1031,3,0,3
1031,1090,2,0,2
1031,23,2,1,1
1031,16,1,0,1
1031,1195,1,1,0
1031,659,1,0,1
1031,321,1,1,0
1031,218,1,0,1
1031,413,1,0,1
1031,282,1,0,1
1031,334,1,1,0
1031,347,1,0,1
1031,445,1,1,0
1031,508,2,2,0
1031,222,3,0,1
1031,700,1,1,0
1031,483,1,0,0
1031,362,1,1,0
1031,684,1,1,0
1031,1298,1,0,0
1031,2,1,0,1
1031,18,2,0,2
1031,523,1,0,1
1031,137,1,0,0
1031,260,1,0,1
1031,176,1,0,0
1031,19,1,0,1
1031,22,1,0,1
1031,402,1,1,0
1032,107,3,1,2
1032,340,1,0,0
1032,1032,3,2,1
1032,376,1,1,0
1032,280,1,1,0
1032,492,1,0,0
1032,53,1,0,1
1032,930,1,0,1
1032,2360,1,0,1
1033,107,1,1,0
1033,55,1,0,1
1034,80,2,1,1
1034,21,1,0,1
1034,53,1,0,1
1034,60,2,1,0
1034,1,2,2,0
1034,81,2,1,1
1034,8,5,3,2
1034,19,2,2,0
1034,678,1,1,0
1034,17,1,1,0
1034,26,1,1,0
1034,196,1,1,0
1034,310,1,0,1
1034,333,1,0,1
1034,11,1,1,0
1034,146,1,0,0
1034,75,1,0,0
1034,31,3,2,1
1034,85,1,0,0
1034,439,1,0,0
1034,86,2,1,0
1034,340,1,0,1
1034,105,1,1,0
1034,168,2,1,0
1034,51,2,1,1
1034,18,1,0,0
1034,159,1,1,0
1034,199,1,0,0
1034,415,1,1,0
1034,7,1,1,0
1034,156,1,1,0
1034,123,1,1,0
1034,218,1,0,0
1034,12,2,2,0
1034,37,3,2,0
1034,157,1,1,0
1035,103,1,0,0
1035,912,1,0,1
1035,483,1,1,0
1035,198,1,0,0
1035,196,1,1,0
1035,379,1,1,0
1036,413,1,0,1
1036,430,1,1,0
1036,554,4,2,1
1036,277,1,0,1
1036,310,2,0,1
1036,395,1,0,1
1036,659,1,1,0
1036,663,2,1,1
1036,772,2,1,1
1036,60,1,0,1
1036,399,3,0,3
1036,673,2,1,1
1036,222,2,0,1
1036,321,2,1,0
1036,1133,1,0,1
1036,836,1,0,0
1036,426,1,0,1
1036,512,2,1,1
1036,296,1,0,0
1036,684,1,0,1
1036,498,2,1,1
1036,82,1,1,0
1036,278,1,0,1
1036,358,1,0,1
1036,379,1,1,0
1036,76,1,0,1
1036,301,1,0,1
1036,179,1,0,1
1036,31,1,0,1
1036,39,3,1,2
1036,930,1,1,0
1036,2639,1,0,1
1036,933,1,0,0
1036,685,1,0,0
1036,674,2,0,2
1036,319,1,0,1
1036,1272,1,0,0
1036,777,1,0,0
1036,579,2,0,2
1036,144,1,0,1
1036,361,1,0,0
1036,918,1,1,0
1036,139,1,0,1
1036,661,1,1,0
1036,2855,1,1,0
1037,413,1,0,0
1037,512,2,0,1
1037,734,1,0,1
1038,55,1,1,0
1038,2861,1,1,0
1038,692,1,0,0
1038,58,1,1,0
1039,197,1,1,0
1039,609,1,1,0
1040,430,1,0,0
1040,462,1,1,0
1040,39,1,1,0
1040,17,1,1,0
1040,327,1,1,0
1041,430,1,1,0
1041,280,1,0,1
1042,430,1,1,0
1042,1062,1,1,0
1042,1102,1,1,0
1042,584,1,0,1
1042,103,1,1,0
1042,196,1,0,1
1042,379,1,0,1
1042,512,1,0,1
1042,139,1,0,1
1042,498,1,0,1
1042,432,1,0,1
1043,430,1,0,0
1044,88,1,1,0
1045,156,1,0,1
1045,107,1,0,0
1045,281,1,1,0
1045,234,1,1,0
1045,207,1,1,0
1045,483,1,1,0
1045,512,1,0,0
1045,17,1,1,0
1045,77,1,0,1
1045,310,1,1,0
1045,33,1,1,0
1045,146,1,0,1
1045,248,1,1,0
1046,156,1,0,1
1046,282,9,1,5
1046,862,1,0,1
1046,85,2,1,0
1046,9,2,1,1
1046,83,1,0,0
1046,321,1,0,0
1046,28,1,0,1
1046,230,2,0,1
1046,299,1,0,1
1046,1046,13,0,12
1046,1133,1,0,1
1046,310,1,0,1
1046,137,1,0,1
1046,554,2,1,1
1046,317,1,0,1
1046,358,1,1,0
1046,695,1,0,1
1046,75,2,0,2
1046,145,1,0,1
1046,408,1,0,1
1046,301,1,0,0
1046,429,1,0,1
1046,349,1,0,1
1046,347,1,0,1
1046,654,1,0,1
1046,2639,16,0,15
1046,933,4,0,4
1046,688,1,0,1
1046,415,1,0,0
1046,361,1,0,0
1046,770,2,1,1
1046,542,1,0,0
1046,207,1,0,1
1046,159,1,0,1
1047,60,1,1,0
1048,282,1,0,1
1048,379,1,0,0
1048,281,1,1,0
1048,159,1,1,0
1048,88,1,1,0
1048,148,1,1,0
1048,57,1,0,1
1048,360,1,0,0
1049,301,1,1,0
1049,23,1,1,0
1049,28,1,1,0
1049,26,1,1,0
1049,123,1,1,0
1049,137,1,0,1
1049,107,1,1,0
1049,272,1,1,0
1049,31,1,0,1
1049,16,1,1,0
1049,336,1,0,1
1049,327,1,1,0
1049,408,1,1,0
1049,179,3,1,1
1049,30,1,1,0
1049,39,1,1,0
1049,402,1,1,0
1049,386,1,0,1
1049,621,1,0,1
1049,321,1,1,0
1049,32,1,1,0
1049,362,1,0,1
1049,430,1,1,0
1049,2301,1,0,1
1050,76,1,1,0
1050,11,1,1,0
1050,646,4,1,2
1050,554,1,0,0
1050,334,1,1,0
1050,61,1,1,0
1050,9,1,0,1
1050,15,1,1,0
1050,25,1,1,0
1050,430,2,0,1
1050,294,1,0,1
1051,76,2,2,0
1051,93,1,1,0
1052,146,2,2,0
1053,215,1,0,0
1054,512,10,4,4
1054,103,1,0,1
1054,661,1,0,0
1054,461,2,1,0
1054,380,1,0,1
1054,408,1,0,0
1054,621,2,0,1
1054,395,1,0,0
1054,426,1,1,0
1054,476,2,0,0
1054,1272,1,0,1
1055,327,1,0,0
1055,413,1,0,0
1055,39,1,1,0
1055,13,1,1,0
1055,272,1,1,0
1055,76,1,1,0
1055,22,1,1,0
1056,327,1,0,1
1056,296,2,0,2
1056,277,1,0,0
1056,361,1,1,0
1056,278,1,0,0
1056,246,1,0,0
1057,554,1,1,0
1057,1718,1,0,0
1058,554,1,1,0
1059,301,1,1,0
1059,640,1,1,0
1059,470,1,0,0
1059,272,1,0,1
1059,512,1,0,1
1059,685,3,0,3
1059,179,1,1,0
1059,1102,1,1,0
1059,659,1,0,0
1059,277,2,1,0
1059,216,1,0,0
1059,1142,1,0,1
1059,663,1,0,1
1059,1147,2,0,1
1059,296,3,0,1
1059,2526,1,0,1
1059,430,1,1,0
1059,13,1,0,1
1059,215,1,0,1
1059,317,1,0,1
1059,360,1,0,1
1059,9,1,0,1
1059,256,1,0,1
1059,240,1,0,1
1059,147,1,0,1
1059,347,1,0,1
1059,259,1,0,1
1059,930,1,0,1
1059,207,1,0,1
1059,2639,1,0,1
1059,222,1,0,1
1059,619,1,0,0
1059,231,1,1,0
1059,770,1,1,0
1059,2534,1,0,1
1059,278,1,1,0
1059,498,1,0,1
1059,1109,1,0,0
1059,299,1,0,0
1059,621,1,0,1
1059,584,1,0,1
1059,471,1,0,1
1059,1341,1,0,1
1060,301,1,1,0
1061,179,1,0,0
1061,282,1,1,0
1062,179,1,1,0
1062,1062,26,13,13
1062,397,1,0,0
1062,1171,1,0,0
1062,310,1,0,1
1062,534,1,1,0
1062,674,1,1,0
1062,579,1,0,0
1062,39,1,1,0
1062,52,1,0,1
1062,430,1,0,1
1062,101,1,0,1
1062,2296,2,2,0
1062,2308,1,1,0
1062,2854,1,1,0
1062,659,1,0,1
1062,426,1,0,0
1063,179,1,0,1
1063,215,1,1,0
1063,734,1,0,0
1063,2639,1,0,1
1063,380,1,0,1
1063,716,1,0,0
1064,179,1,1,0
1065,200,1,1,0
1065,26,1,0,1
1065,147,1,1,0
1065,81,1,1,0
1065,59,2,1,1
1065,16,1,0,1
1065,97,1,0,0
1065,1,1,0,1
1065,87,1,0,1
1065,197,1,1,0
1065,137,1,1,0
1065,57,1,0,0
1065,17,1,1,0
1065,36,1,0,1
1065,439,1,0,0
1065,21,1,0,1
1065,78,1,0,1
1065,359,1,0,0
1065,2,1,0,1
1065,7,1,1,0
1065,56,1,1,0
1065,20,2,1,1
1065,170,1,1,0
1065,144,1,0,1
1065,638,1,0,0
1066,294,1,1,0
1067,294,1,1,0
1068,334,1,0,0
1068,51,1,0,1
1068,28,1,0,0
1068,279,1,0,1
1068,88,1,0,0
1068,381,1,0,1
1068,30,1,0,0
1068,360,1,0,0
1068,318,2,0,1
1068,609,1,0,0
1068,948,1,0,1
1068,121,1,0,1
1068,734,1,0,0
1069,445,1,1,0
1069,396,1,1,0
1069,53,1,0,1
1069,170,1,0,0
1070,637,1,1,0
1071,32,1,1,0
1071,105,2,1,1
1071,402,1,1,0
1071,432,1,1,0
1071,115,1,1,0
1071,51,1,1,0
1071,17,1,1,0
1072,32,1,0,0
1072,659,2,0,1
1072,28,1,1,0
1072,273,2,0,2
1072,1046,1,1,0
1072,1119,1,1,0
1072,415,1,0,1
1072,159,1,1,0
1073,32,1,1,0
1073,281,1,1,0
1074,340,1,0,1
1074,137,1,1,0
1074,101,1,1,0
1074,9,1,1,0
1074,77,1,0,1
1074,11,1,1,0
1074,408,1,0,1
1074,51,2,2,0
1074,80,1,1,0
1074,8,1,1,0
1074,53,1,1,0
1074,168,1,0,1
1074,15,1,1,0
1074,37,1,1,0
1074,176,1,0,0
1075,678,1,1,0
1076,1062,1,1,0
1076,238,1,1,0
1076,336,1,0,1
1077,1062,1,1,0
1077,259,1,1,0
1077,685,1,0,0
1077,9,1,1,0
1078,1062,1,1,0
1078,1102,1,0,1
1079,2,1,1,0
1079,53,1,1,0
1080,81,1,1,0
1080,379,1,1,0
1080,156,1,1,0
1080,256,2,1,1
1080,147,1,0,0
1080,358,1,1,0
1080,772,1,0,0
1080,36,1,1,0
1080,741,1,1,0
1080,816,1,0,1
1080,157,2,0,0
1080,707,1,0,0
1080,792,3,3,0
1080,699,1,0,1
1080,30,1,0,0
1080,145,1,1,0
1080,716,1,1,0
1080,115,1,1,0
1080,381,1,0,1
1080,57,1,1,0
1080,97,1,1,0
1080,301,1,1,0
1080,207,1,0,1
1080,831,2,1,1
1080,199,1,1,0
1080,609,1,0,1
1081,81,1,1,0
1081,310,1,1,0
1081,512,1,1,0
1081,327,1,0,1
1081,296,1,0,1
1082,101,1,1,0
1082,36,1,1,0
1082,483,2,1,1
1082,972,3,2,1
1082,1088,1,0,1
1082,1082,5,2,3
1082,53,1,1,0
1082,619,1,0,1
1082,1166,2,0,2
1082,74,1,0,1
1082,18,1,0,1
1082,311,1,0,1
1082,312,1,1,0
1082,81,1,1,0
1082,792,1,1,0
1082,147,1,1,0
1082,19,1,0,1
1082,84,1,1,0
1082,17,1,0,1
1083,23,1,1,0
1083,402,2,2,0
1083,81,1,1,0
1083,9,1,1,0
1083,408,1,1,0
1083,361,1,0,1
1083,85,1,0,0
1083,925,1,1,0
1083,105,1,1,0
1083,74,1,0,1
1083,295,1,1,0
1084,23,1,1,0
1084,57,1,0,1
1084,333,1,0,0
1085,24,1,0,1
1085,167,1,1,0
1085,816,1,1,0
1086,304,1,0,1
1086,75,1,0,1
1086,118,1,1,0
1086,87,1,0,1
1086,84,1,1,0
1086,80,1,1,0
1086,2,1,0,1
1086,85,1,0,1
1086,13,1,1,0
1086,25,1,1,0
1086,76,1,1,0
1086,176,1,1,0
1087,310,1,1,0
1087,88,1,0,0
1087,318,2,2,0
1087,462,1,1,0
1087,327,1,1,0
1087,28,1,0,1
1087,75,1,1,0
1087,23,2,2,0
1087,159,1,1,0
1087,81,1,1,0
1087,3132,1,1,0
1087,277,1,0,0
1087,301,1,1,0
1088,310,1,0,1
1088,1088,16,2,11
1088,199,1,0,1
1088,358,1,1,0
1088,39,1,1,0
1088,777,1,0,1
1088,279,1,0,1
1088,246,1,0,1
1088,685,1,1,0
1089,310,3,1,2
1089,675,1,0,1
1090,1090,2,0,1
1091,360,1,0,1
1091,103,2,2,0
1091,414,1,0,1
1091,105,2,1,1
1091,1362,1,1,0
1091,93,1,1,0
1091,598,1,1,0
1091,347,1,1,0
1091,673,1,1,0
1091,1091,1,1,0
1091,395,1,0,0
1091,31,1,0,1
1091,137,1,0,1
1091,1272,1,1,0
1092,159,2,2,0
1092,28,1,1,0
1092,144,1,1,0
1093,74,1,0,1
1094,82,2,1,1
1094,273,1,0,1
1095,107,1,0,1
1095,207,1,1,0
1095,59,1,0,1
1095,609,1,1,0
1096,360,1,1,0
1096,40,1,1,0
1096,87,1,0,0
1096,222,1,1,0
1096,333,1,1,0
1096,22,3,1,1
1096,512,1,0,1
1096,230,1,0,0
1096,312,1,1,0
1097,175,1,0,1
1097,379,1,0,1
1097,278,1,1,0
1097,77,1,1,0
1097,144,1,0,1
1097,40,1,0,1
1097,23,1,0,1
1098,281,3,0,2
1098,179,2,0,2
1098,87,1,1,0
1098,240,1,0,1
1098,109,1,0,0
1098,579,1,0,1
1098,113,1,1,0
1098,218,1,1,0
1098,84,1,0,1
1098,107,1,0,1
1098,439,1,0,1
1098,149,3,0,3
1098,492,1,0,1
1098,327,2,0,2
1098,501,1,0,1
1098,294,1,0,1
1098,933,1,0,1
1098,503,1,0,1
1098,864,1,0,1
1098,359,1,0,1
1098,542,1,0,0
1098,248,1,0,1
1098,684,1,0,1
1098,430,1,0,1
1099,379,1,0,1
1099,359,1,0,0
1099,277,1,0,1
1099,259,1,0,1
1099,492,1,1,0
1100,379,1,0,1
1100,105,1,1,0
1100,772,1,0,0
1100,296,2,0,0
1100,147,1,1,0
1100,26,1,1,0
1100,707,1,0,1
1100,75,1,1,0
1100,18,1,1,0
1100,137,1,1,0
1101,36,2,1,1
1101,147,1,1,0
1101,678,1,1,0
1101,259,1,1,0
1101,143,1,1,0
1101,390,1,1,0
1101,207,1,1,0
1101,381,1,1,0
1101,30,1,0,1
1101,19,1,1,0
1101,104,1,1,0
1101,376,1,0,0
1101,878,1,0,1
1101,609,1,0,1
1101,87,1,0,1
1101,101,1,0,1
1101,22,1,1,0
1101,685,1,0,0
1102,36,1,0,1
1102,1113,1,0,1
1102,1135,1,1,0
1102,1102,53,20,26
1102,248,1,0,0
1102,1171,1,0,1
1102,282,2,0,1
1102,144,1,1,0
1102,149,1,1,0
1102,52,1,0,1
1102,310,1,0,1
1102,360,1,1,0
1102,498,1,0,0
1102,379,1,0,1
1102,933,1,0,1
1102,2639,1,0,0
1102,1157,1,0,1
1102,76,1,1,0
1102,272,1,0,1
1102,426,1,1,0
1103,77,1,1,0
1104,413,1,0,1
1104,1142,1,1,0
1104,170,2,1,0
1104,336,5,2,3
1105,55,1,1,0
1105,87,1,1,0
1106,156,1,1,0
1106,246,1,1,0
1106,470,1,0,1
1107,156,1,0,1
1107,523,1,0,0
1107,361,1,1,0
1107,513,1,0,1
1107,706,1,1,0
1107,104,1,0,1
1107,31,1,1,0
1107,40,1,1,0
1107,692,1,0,0
1107,144,2,1,1
1107,318,1,1,0
1108,512,1,0,1
1108,312,1,0,1
1108,103,1,0,1
1108,279,1,0,1
1108,415,1,1,0
1108,216,1,1,0
1108,208,1,1,0
1108,498,1,0,1
1108,419,1,0,1
1108,299,1,0,0
1109,282,1,1,0
1109,19,1,0,0
1109,40,2,2,0
1109,30,1,1,0
1109,640,1,0,1
1109,51,1,1,0
1109,23,1,1,0
1109,16,2,0,2
1109,707,2,2,0
1109,170,1,1,0
1109,56,1,1,0
1109,301,4,1,2
1109,362,1,1,0
1109,1109,13,7,5
1109,901,1,1,0
1109,199,2,2,0
1109,692,2,0,2
1109,12,1,1,0
1109,59,1,1,0
1109,143,2,2,0
1109,9,1,1,0
1109,36,1,1,0
1109,685,1,1,0
1110,216,1,1,0
1110,1082,1,1,0
1111,272,1,1,0
1112,56,1,0,1
1113,512,1,1,0
1113,700,1,0,1
1113,1102,3,1,2
1113,208,1,1,0
1113,637,1,0,1
1113,310,1,0,1
1113,1279,1,0,1
1113,688,1,1,0
1113,231,1,0,0
1113,699,1,0,1
1113,673,1,0,1
1113,661,1,1,0
1113,39,1,1,0
1114,432,1,1,0
1114,933,1,0,1
1114,1126,3,2,1
1114,317,1,0,0
1114,156,1,0,0
1114,36,1,1,0
1115,19,1,1,0
1115,496,1,0,1
1115,294,1,1,0
1115,55,1,1,0
1115,734,1,0,0
1115,1267,3,2,1
1115,40,2,2,0
1115,598,1,1,0
1115,101,1,0,1
1115,333,1,1,0
1115,358,1,0,0
1115,39,1,0,1
1115,197,1,1,0
1115,59,2,2,0
1115,23,1,1,0
1115,21,1,1,0
1115,246,1,1,0
1115,176,1,1,0
1115,311,2,2,0
1115,471,1,0,1
1115,157,2,1,0
1115,9,2,0,1
1115,170,1,0,1
1115,609,1,1,0
1115,716,1,1,0
1115,82,3,1,1
1115,30,1,0,1
1115,280,2,1,0
1115,77,1,1,0
1115,706,1,1,0
1115,58,1,1,0
1115,461,1,0,0
1115,159,1,1,0
1115,18,1,0,1
1115,75,1,0,1
1115,2,1,1,0
1115,156,1,0,1
1115,258,1,1,0
1115,317,1,1,0
1115,402,1,0,0
1115,318,1,1,0
1115,238,1,1,0
1115,2526,1,1,0
1115,2861,1,1,0
1115,97,1,0,1
1115,105,1,1,0
1115,144,1,0,1
1115,57,1,1,0
1115,663,1,0,1
1116,58,1,1,0
1116,706,1,0,1
1116,925,1,1,0
1116,699,1,0,0
1116,238,1,0,1
1116,381,1,0,1
1116,147,1,1,0
1116,56,1,0,1
1116,277,1,1,0
1116,281,1,1,0
1116,12,1,0,1
1116,318,1,0,1
1116,207,1,0,1
1116,716,1,1,0
1117,146,1,0,1
1117,379,1,0,1
1118,1113,1,0,1
1118,31,1,0,1
1118,467,1,0,1
1118,1102,4,1,3
1118,300,1,0,1
1119,78,1,1,0
1119,52,1,1,0
1119,933,1,0,0
1119,397,1,1,0
1119,1102,2,0,2
1119,1119,53,32,16
1119,1126,1,1,0
1119,1062,4,3,0
1119,8,2,2,0
1119,1357,10,8,0
1119,1171,12,9,3
1119,534,3,0,3
1119,299,1,1,0
1119,2296,2,2,0
1119,2854,1,1,0
1119,2956,2,2,0
1120,396,1,1,0
1120,143,1,1,0
1121,396,1,1,0
1121,890,1,0,1
1121,1021,2,0,1
1121,948,1,0,1
1121,1031,1,1,0
1121,972,1,0,1
1121,181,1,0,1
1121,1119,1,0,1
1121,1082,1,1,0
1121,1142,1,0,0
1121,51,3,1,2
1121,341,1,1,0
1121,408,1,0,1
1121,1121,9,1,6
1121,379,1,1,0
1121,58,10,0,10
1121,439,1,0,0
1121,933,1,0,1
1121,483,2,0,2
1121,1147,1,0,1
1121,17,1,0,1
1121,52,1,0,1
1121,234,1,0,1
1121,97,1,0,1
1121,279,1,0,1
1121,25,1,0,1
1121,198,1,0,1
1121,248,1,0,1
1121,684,1,0,0
1121,282,1,0,1
1121,105,1,1,0
1121,77,1,1,0
1121,1894,1,1,0
1121,685,1,1,0
1122,396,1,1,0
1122,1171,1,1,0
1122,2534,1,1,0
1123,492,1,0,1
1123,144,1,1,0
1123,19,1,1,0
1123,55,1,1,0
1123,176,2,0,1
1123,105,1,1,0
1123,415,1,0,0
1124,0,1,1,0
1124,327,1,1,0
1124,109,1,1,0
1124,1272,1,1,0
1125,0,1,0,1
1125,361,1,0,0
1125,84,1,0,1
1126,673,1,0,1
1126,674,1,1,0
1126,1126,2,1,1
1126,230,1,0,1
1126,32,1,0,1
1127,320,1,1,0
1127,918,1,0,1
1127,685,1,0,1
1127,397,1,1,0
1127,1127,21,3,14
1127,30,1,1,0
1127,13,1,1,0
1127,301,2,1,1
1127,317,1,0,1
1127,77,1,1,0
1127,659,2,0,1
1127,171,1,1,0
1127,294,1,1,0
1127,31,1,0,1
1127,854,1,0,1
1127,199,1,1,0
1127,170,3,0,2
1127,777,1,0,1
1127,216,1,1,0
1127,300,1,1,0
1128,318,1,0,1
1128,60,2,2,0
1128,207,1,0,1
1128,28,1,1,0
1128,279,1,1,0
1128,327,1,0,1
1128,379,1,0,1
1128,399,1,0,1
1129,31,1,0,0
1129,171,1,0,1
1129,467,1,0,0
1129,34,1,1,0
1129,1,1,1,0
1129,9,1,0,0
1129,106,1,0,0
1129,207,1,0,0
1129,104,1,0,0
1129,139,1,0,0
1129,56,1,0,0
1129,26,1,1,0
1129,734,2,1,0
1129,277,1,0,0
1129,58,1,0,0
1129,18,1,0,0
1129,8,1,0,0
1129,362,1,1,0
1129,273,1,0,1
1129,159,1,0,0
1130,184,1,1,0
1130,1021,2,1,0
1130,181,1,1,0
1130,107,2,0,1
1130,390,2,2,0
1130,281,1,1,0
1130,55,1,0,0
1130,40,1,1,0
1130,508,1,0,0
1130,88,1,1,0
1130,31,1,1,0
1130,1031,1,1,0
1130,176,1,0,1
1130,25,1,0,0
1131,349,1,0,0
1131,36,1,1,0
1131,199,1,0,1
1131,22,1,1,0
1131,945,1,0,0
1132,374,1,0,1
1132,318,1,0,1
1132,199,1,0,1
1132,831,1,0,1
1133,397,1,0,1
1133,1133,2,0,2
1133,32,1,1,0
1133,333,1,1,0
1133,674,1,0,1
1133,621,2,0,1
1133,918,1,0,1
1133,349,2,2,0
1133,661,2,1,0
1133,426,1,1,0
1133,476,1,0,1
1133,200,1,1,0
1133,39,2,0,1
1133,734,1,0,1
1133,334,6,4,2
1133,222,2,0,1
1133,380,4,0,4
1133,1149,2,2,0
1133,84,1,1,0
1133,513,1,0,1
1133,430,2,1,1
1133,512,5,3,1
1133,336,1,1,0
1133,171,2,1,0
1133,554,1,0,0
1133,230,5,4,1
1133,439,2,1,1
1133,461,1,0,0
1133,637,1,0,1
1133,415,1,1,0
1133,619,2,2,0
1133,1135,5,3,1
1133,659,5,5,0
1133,581,5,3,1
1133,864,2,0,0
1133,518,1,0,0
1134,230,2,1,1
1134,675,1,0,1
1134,273,1,1,0
1134,419,1,1,0
1134,87,1,1,0
1134,238,1,1,0
1134,103,1,1,0
1134,198,1,0,0
1134,17,1,0,0
1134,439,1,1,0
1134,101,1,1,0
1134,81,1,1,0
1134,413,1,1,0
1134,297,1,0,0
1134,176,1,0,1
1134,281,1,0,0
1134,25,1,0,0
1134,28,1,0,1
1134,55,1,0,0
1134,147,1,0,0
1135,2534,1,0,1
1135,476,1,1,0
1135,1135,1,1,0
1135,663,2,0,2
1135,734,1,0,0
1135,512,1,0,0
1135,336,1,0,0
1135,312,2,1,0
1135,334,1,1,0
1135,637,1,0,0
1135,661,2,0,0
1135,1149,2,0,0
1136,621,1,0,0
1136,222,5,0,4
1136,837,1,0,1
1136,51,1,1,0
1136,878,1,1,0
1136,1127,1,0,1
1136,2554,1,1,0
1137,260,1,0,1
1137,200,1,0,1
1137,432,1,0,1
1137,659,1,0,1
1137,918,1,0,1
1137,230,3,0,3
1137,415,1,0,1
1137,688,1,0,1
1137,25,1,0,1
1137,339,1,0,1
1137,512,1,0,1
1137,402,1,0,1
1137,518,1,0,1
1138,260,1,0,1
1138,1102,1,0,1
1138,107,1,1,0
1139,380,1,1,0
1139,1102,2,1,1
1139,1090,5,2,2
1139,59,1,1,0
1139,104,1,0,1
1139,415,1,0,1
1139,379,1,0,1
1140,625,1,1,0
1140,101,1,1,0
1140,240,1,0,0
1140,12,1,1,0
1141,663,8,2,6
1141,621,1,1,0
1141,363,1,0,0
1141,1133,2,1,1
1141,930,1,0,1
1141,0,1,0,0
1142,281,1,0,1
1142,1142,4,0,4
1142,1279,1,1,0
1143,700,2,1,1
1143,1143,7,5,2
1143,40,1,1,0
1143,230,1,0,1
1143,467,1,1,0
1144,700,1,1,0
1144,498,1,0,0
1144,39,1,0,1
1144,176,2,0,0
1144,30,1,1,0
1144,18,1,1,0
1144,347,1,0,1
1144,359,1,1,0
1144,9,1,1,0
1144,7,1,1,0
1144,159,1,1,0
1145,496,1,1,0
1145,81,1,0,1
1145,216,1,1,0
1145,36,1,1,0
1145,779,1,1,0
1145,159,1,0,0
1145,215,1,0,1
1146,314,1,0,0
1146,146,1,1,0
1147,359,1,0,1
1147,1147,25,12,5
1147,663,1,1,0
1147,37,1,1,0
1147,912,1,1,0
1147,637,2,0,0
1147,432,3,1,2
1147,619,4,1,2
1147,52,1,1,0
1147,222,2,1,1
1147,105,1,0,0
1147,17,1,0,1
1147,661,2,0,1
1147,1717,1,1,0
1147,831,6,2,4
1147,167,1,0,0
1148,1148,2,1,1
1148,146,1,0,1
1148,638,1,1,0
1148,240,2,2,0
1148,621,1,1,0
1148,471,1,0,0
1148,494,1,1,0
1148,413,1,1,0
1148,19,1,0,1
1148,84,2,0,1
1148,179,1,0,1
1148,667,1,1,0
1149,1135,5,2,1
1149,339,1,1,0
1149,1147,1,0,0
1149,52,1,0,1
1149,222,1,0,1
1149,663,1,0,0
1149,1133,2,0,2
1149,105,2,0,1
1149,1149,11,2,7
1149,637,1,0,0
1150,319,1,0,1
1150,179,2,0,1
1150,148,1,0,1
1150,621,1,0,0
1150,281,1,0,0
1150,380,1,0,0
1150,426,1,0,0
1150,673,1,0,0
1151,340,1,0,1
1151,439,1,0,1
1151,278,1,0,0
1151,273,1,1,0
1151,334,1,0,1
1152,1102,4,2,2
1153,1102,1,1,0
1153,467,1,1,0
1154,1102,6,1,3
1154,1090,1,1,0
1154,1088,1,0,1
1154,59,2,1,1
1154,26,1,0,1
1154,310,1,0,1
1154,2945,1,1,0
1154,24,1,1,0
1154,281,1,1,0
1154,36,1,0,1
1155,1102,1,0,1
1155,175,2,1,0
1155,340,1,1,0
1155,864,2,2,0
1155,277,1,1,0
1155,282,1,0,1
1155,137,1,0,1
1155,36,1,0,1
1155,259,1,1,0
1155,461,1,0,1
1155,222,1,1,0
1155,933,1,1,0
1156,1102,1,0,1
1156,1298,1,1,0
1156,60,1,0,1
1156,143,1,1,0
1156,508,1,0,1
1157,1102,1,0,1
1157,1062,1,1,0
1157,310,1,1,0
1157,483,1,0,1
1157,1157,4,2,1
1157,512,1,0,1
1157,361,1,0,1
1158,1102,1,0,1
1159,1102,3,0,3
1160,1102,1,0,0
1161,1102,4,3,1
1161,360,1,0,1
1161,461,1,0,1
1162,1102,1,1,0
1163,1102,1,0,1
1164,1102,1,1,0
1165,1102,1,1,0
1166,1021,1,0,1
1166,948,5,1,3
1166,1032,1,1,0
1166,379,1,1,0
1166,311,1,0,0
1166,1166,1,1,0
1166,1121,1,1,0
1166,646,1,0,1
1166,878,1,1,0
1167,1109,2,2,0
1167,59,1,0,1
1167,933,1,0,1
1167,16,1,1,0
1168,181,1,0,1
1168,258,1,0,1
1168,148,1,1,0
1168,238,1,0,0
1168,175,1,1,0
1169,1119,1,0,1
1169,1062,4,1,3
1169,1171,4,2,1
1169,2296,1,1,0
1169,2854,3,3,0
1170,640,1,0,1
1171,1126,1,1,0
1171,1062,2,0,2
1171,1171,28,11,11
1171,1119,1,0,1
1171,2854,2,2,0
1171,1102,1,0,1
1172,1088,1,1,0
1172,277,1,0,1
1172,399,1,1,0
1172,199,3,1,1
1172,706,1,0,1
1172,170,1,1,0
1172,381,1,0,1
1172,692,1,0,1
1172,792,1,0,0
1172,770,1,1,0
1172,294,1,0,1
1172,149,1,0,1
1172,36,1,1,0
1172,179,1,0,1
1172,103,1,0,1
1173,1082,1,1,0
1174,1142,1,1,0
1175,1142,1,0,0
1176,1062,1,0,1
1176,83,1,0,1
1176,272,1,0,1
1177,1062,1,1,0
1178,1171,1,1,0
1180,1179,1,1,0
1181,1,1,0,1
1181,11,1,1,0
1181,281,1,0,1
1182,1,1,1,0
1182,18,1,1,0
1183,12,1,0,1
1183,334,1,1,0
1183,17,1,1,0
1183,148,1,0,0
1183,347,1,0,0
1183,156,1,1,0
1183,51,1,0,0
1183,339,1,1,0
1183,706,2,0,2
1183,692,1,0,0
1183,831,1,0,0
1183,106,1,0,1
1183,333,1,1,0
1183,399,1,1,0
1184,15,1,1,0
1184,16,1,1,0
1184,40,1,1,0
1184,121,1,0,1
1184,11,1,1,0
1184,123,2,2,0
1184,104,1,1,0
1184,492,1,0,1
1184,36,1,1,0
1184,333,1,0,1
1184,148,1,1,0
1184,408,1,0,1
1184,431,1,0,0
1184,17,1,1,0
1184,60,1,1,0
1184,57,1,1,0
1184,200,1,0,1
1184,156,1,1,0
1184,7,1,1,0
1185,13,1,1,0
1185,84,1,0,1
1185,310,2,1,1
1185,496,1,1,0
1185,149,1,1,0
1185,77,1,0,1
1185,40,1,0,1
1185,362,1,1,0
1185,88,1,1,0
1185,675,1,1,0
1185,215,1,1,0
1186,101,1,1,0
1186,19,1,1,0
1187,101,2,1,1
1187,58,1,0,1
1187,106,1,0,1
1187,777,1,0,1
1188,23,1,1,0
1188,376,1,1,0
1189,17,1,1,0
1189,1021,1,0,1
1189,18,1,1,0
1189,836,1,0,1
1189,106,1,0,0
1190,7,1,0,1
1190,197,1,1,0
1190,426,1,0,1
1190,584,1,1,0
1190,310,1,0,0
1190,88,1,0,1
1190,9,1,1,0
1191,123,1,0,1
1191,33,1,1,0
1191,18,1,1,0
1191,61,1,1,0
1192,238,1,0,0
1192,621,1,0,0
1192,734,1,0,0
1192,419,1,1,0
1192,258,2,0,0
1192,358,1,1,0
1192,21,1,0,0
1192,23,2,0,0
1192,208,1,0,0
1192,360,1,0,0
1192,399,1,0,0
1192,431,1,0,0
1192,673,1,0,0
1192,28,1,0,0
1192,310,1,0,0
1192,197,2,0,0
1192,333,2,1,1
1192,31,1,0,0
1192,471,1,0,0
1192,667,1,0,0
1192,300,1,0,1
1192,170,1,0,0
1192,107,3,1,0
1192,8,1,1,0
1192,149,1,0,1
1192,619,1,1,0
1192,608,1,0,0
1192,445,1,0,0
1192,259,1,0,0
1192,560,1,0,0
1192,24,1,0,0
1192,311,1,0,1
1192,646,1,0,0
1193,137,1,1,0
1193,413,2,0,0
1194,208,1,0,1
1194,122,1,1,0
1194,24,1,1,0
1194,413,1,0,1
1194,349,1,1,0
1194,82,1,1,0
1195,84,1,0,1
1195,1195,3,2,1
1195,139,1,0,0
1195,361,1,1,0
1195,97,1,1,0
1195,678,1,1,0
1195,688,1,0,0
1195,238,1,0,1
1196,159,1,1,0
1197,159,1,0,1
1197,816,1,1,0
1197,106,1,1,0
1197,8,1,0,1
1198,159,2,0,2
1198,16,1,1,0
1198,93,1,1,0
1198,15,1,1,0
1199,175,1,1,0
1200,358,1,0,0
1200,707,1,0,0
1200,334,1,0,1
1200,933,1,1,0
1200,147,1,0,0
1200,311,1,1,0
1200,53,1,1,0
1200,19,1,0,0
1200,294,1,0,1
1200,688,1,1,0
1200,609,1,0,0
1200,109,1,0,0
1201,379,1,0,0
1201,101,1,1,0
1202,36,1,1,0
1203,55,1,0,0
1203,395,1,0,0
1203,87,1,1,0
1203,137,1,0,0
1203,121,1,0,1
1203,334,1,1,0
1203,1203,4,4,0
1203,430,1,0,1
1204,197,1,0,1
1204,179,1,0,1
1204,390,1,0,0
1204,168,1,0,1
1204,238,1,1,0
1204,716,1,0,1
1204,77,1,1,0
1204,84,1,0,1
1204,692,1,0,0
1204,17,1,0,1
1204,609,1,1,0
1205,93,1,0,0
1205,59,1,1,0
1205,619,1,1,0
1206,76,1,0,1
1206,11,1,1,0
1206,176,1,1,0
1206,402,2,0,1
1206,88,3,2,1
1206,57,1,1,0
1206,106,1,1,0
1206,30,1,1,0
1206,619,1,1,0
1206,678,1,0,1
1206,376,1,1,0
1207,57,1,1,0
1208,57,1,0,1
1208,200,1,0,0
1208,374,1,1,0
1208,380,1,0,1
1208,430,1,0,0
1208,40,1,1,0
1208,621,1,0,0
1208,208,1,0,1
1209,11,1,1,0
1209,277,1,0,1
1209,609,1,1,0
1210,11,1,1,0
1210,19,1,0,1
1210,310,1,1,0
1210,156,2,2,0
1210,246,1,0,1
1210,77,1,0,1
1210,168,1,1,0
1210,238,1,0,1
1210,82,1,1,0
1210,25,2,0,2
1210,379,1,1,0
1210,358,1,1,0
1210,692,1,0,1
1211,121,1,0,0
1211,87,1,0,0
1212,19,1,0,1
1212,282,1,1,0
1212,300,1,1,0
1212,333,1,0,0
1212,59,1,1,0
1212,310,1,1,0
1213,149,1,0,0
1213,144,1,0,0
1213,121,1,0,0
1213,159,1,0,1
1214,341,1,1,0
1214,105,1,0,1
1214,156,1,1,0
1215,341,1,1,0
1216,341,1,0,1
1216,8,1,0,1
1216,12,1,0,1
1217,37,1,1,0
1217,57,1,1,0
1217,84,1,0,1
1217,282,1,0,1
1217,53,1,0,1
1217,230,1,1,0
1217,74,1,0,1
1217,659,1,0,0
1217,200,1,1,0
1217,692,1,0,1
1217,176,1,0,0
1217,156,1,1,0
1218,399,1,1,0
1218,18,1,1,0
1219,145,1,0,1
1219,56,1,0,1
1219,327,1,1,0
1219,176,1,1,0
1219,143,1,0,0
1219,30,1,0,0
1219,321,1,0,0
1219,678,1,1,0
1219,772,1,0,0
1220,327,1,0,0
1220,144,1,0,0
1220,149,1,0,0
1220,208,1,0,0
1220,413,1,0,0
1220,512,1,0,1
1220,431,1,0,0
1221,122,1,1,0
1221,31,1,0,1
1221,347,1,1,0
1221,106,1,1,0
1222,246,2,0,1
1222,121,1,0,1
1222,170,1,1,0
1222,159,1,1,0
1222,512,1,1,0
1222,0,1,1,0
1222,415,1,1,0
1222,695,1,0,1
1222,314,1,0,0
1222,282,1,1,0
1222,101,1,1,0
1222,84,1,1,0
1222,122,1,0,0
1222,12,1,1,0
1222,169,1,1,0
1222,30,1,1,0
1222,280,1,0,0
1222,836,1,1,0
1222,199,2,1,1
1222,301,1,0,0
1222,24,1,0,1
1222,20,1,1,0
1222,621,1,0,0
1222,87,1,1,0
1223,246,1,1,0
1223,376,1,0,0
1224,179,1,1,0
1225,179,1,0,0
1225,985,1,0,0
1225,170,1,1,0
1226,312,1,0,0
1226,87,1,1,0
1227,312,1,1,0
1228,431,1,0,0
1229,584,1,0,1
1230,25,1,0,0
1231,461,1,0,0
1231,554,1,0,0
1232,410,1,1,0
1233,359,1,0,1
1233,930,1,1,0
1233,137,1,0,1
1233,300,1,0,0
1233,80,1,1,0
1233,7,1,1,0
1233,84,2,2,0
1233,1267,1,0,1
1233,146,1,0,1
1233,123,1,1,0
1233,167,1,1,0
1233,57,1,0,1
1233,318,1,0,1
1233,646,2,1,1
1234,673,1,1,0
1235,673,1,0,1
1236,0,1,1,0
1236,1236,6,3,2
1236,432,1,0,0
1236,621,1,0,0
1236,512,1,0,0
1236,1135,1,1,0
1236,1423,2,2,0
1236,301,1,0,0
1236,327,1,1,0
1236,700,2,0,1
1236,494,1,0,0
1236,413,1,0,0
1237,18,1,1,0
1238,18,1,0,1
1238,831,2,1,1
1238,231,2,0,1
1239,358,2,1,1
1239,40,1,1,0
1239,706,1,1,0
1239,28,1,0,1
1239,207,1,1,0
1239,144,1,1,0
1239,2639,1,1,0
1239,318,1,0,1
1239,293,1,1,0
1239,432,1,0,0
1240,56,1,0,0
1240,16,1,0,0
1240,314,1,0,0
1241,399,1,0,0
1241,659,2,0,0
1241,39,1,0,0
1241,158,1,0,0
1242,399,1,1,0
1242,430,1,1,0
1242,579,2,2,0
1242,492,1,1,0
1242,83,1,1,0
1242,310,1,1,0
1242,379,1,1,0
1242,666,1,0,1
1242,199,1,0,1
1242,101,1,0,1
1242,277,1,1,0
1242,359,1,1,0
1243,399,1,1,0
1243,77,1,1,0
1243,156,2,1,1
1243,280,1,1,0
1243,13,1,1,0
1243,36,1,1,0
1243,58,1,1,0
1243,716,1,1,0
1243,57,1,1,0
1243,772,1,0,1
1243,75,1,1,0
1243,53,1,1,0
1244,349,1,1,0
1244,199,1,0,0
1244,461,1,1,0
1244,87,1,1,0
1244,772,1,1,0
1244,985,1,0,0
1244,93,1,0,0
1244,256,1,1,0
1245,349,1,1,0
1245,360,1,0,0
1245,258,1,0,1
1245,143,1,1,0
1245,777,1,0,0
1245,246,1,0,0
1246,81,2,0,2
1246,53,2,2,0
1246,76,1,0,1
1246,51,3,1,2
1246,80,1,0,1
1246,18,1,1,0
1246,310,1,0,1
1246,15,1,1,0
1246,17,1,0,1
1246,560,1,1,0
1246,258,1,0,1
1246,13,1,1,0
1246,33,1,0,1
1246,20,1,1,0
1246,279,1,0,1
1247,26,2,0,1
1247,87,1,0,1
1247,179,1,1,0
1247,199,1,1,0
1247,240,2,0,1
1247,1267,1,0,0
1247,878,2,0,0
1247,156,1,0,0
1247,318,1,1,0
1247,53,1,0,1
1247,399,1,1,0
1248,7,1,0,0
1248,156,1,1,0
1248,390,1,0,0
1248,653,2,2,0
1248,339,1,0,1
1248,277,1,1,0
1248,659,1,1,0
1248,646,1,0,0
1248,318,1,1,0
1248,159,1,0,0
1249,103,1,1,0
1249,144,1,0,1
1250,146,1,1,0
1250,87,1,1,0
1250,408,1,0,1
1250,82,1,1,0
1250,395,1,0,1
1250,58,1,0,1
1250,207,1,1,0
1250,222,1,0,1
1250,688,1,1,0
1250,347,1,0,1
1250,105,1,0,1
1250,706,1,0,1
1250,19,1,0,1
1250,144,1,1,0
1250,88,1,0,1
1250,216,1,0,0
1250,159,1,1,0
1250,609,1,0,1
1251,439,1,0,1
1251,1251,10,6,4
1251,81,1,1,0
1251,26,1,0,1
1251,8,1,0,1
1251,118,1,1,0
1251,23,1,1,0
1251,181,1,1,0
1251,168,1,1,0
1251,2586,1,0,1
1251,2,1,1,0
1251,51,1,0,0
1251,61,1,1,0
1251,33,1,1,0
1251,53,1,1,0
1252,439,1,1,0
1253,314,1,0,1
1253,13,1,1,0
1253,25,1,1,0
1253,78,1,1,0
1254,1088,2,1,1
1254,278,1,0,0
1254,399,2,0,2
1254,299,1,1,0
1254,146,1,1,0
1254,311,1,1,0
1254,360,1,0,0
1254,246,1,1,0
1254,413,1,1,0
1254,1166,1,1,0
1254,74,1,0,1
1254,36,1,1,0
1254,476,1,0,1
1254,542,1,0,1
1254,659,1,1,0
1254,1423,1,1,0
1254,25,1,0,1
1254,2534,1,1,0
1254,494,1,1,0
1254,310,1,0,1
1254,18,1,1,0
1254,684,2,1,1
1254,149,1,0,1
1254,279,1,0,0
1254,673,1,1,0
1254,1135,2,0,2
1254,508,2,1,1
1254,22,1,1,0
1254,58,1,0,1
1254,282,1,0,1
1254,234,1,1,0
1254,277,1,0,1
1254,2639,1,0,1
1254,699,1,0,1
1254,2308,1,1,0
1254,349,1,0,1
1255,170,1,1,0
1256,51,1,0,1
1256,83,1,1,0
1256,199,1,0,1
1256,706,1,0,0
1256,1272,2,2,0
1256,20,1,0,1
1256,256,1,0,1
1256,16,1,1,0
1256,143,1,0,1
1256,925,1,0,1
1256,646,1,1,0
1257,51,1,0,1
1257,74,1,0,1
1257,256,1,0,0
1257,16,1,0,1
1257,554,1,1,0
1257,106,1,0,0
1257,171,1,0,1
1257,53,1,0,1
1257,320,1,0,1
1257,327,1,0,1
1258,51,4,1,1
1258,706,1,0,0
1258,854,1,0,0
1258,381,1,1,0
1258,646,1,0,1
1258,692,1,0,1
1258,609,1,0,1
1259,51,2,1,0
1259,9,1,0,0
1259,2169,1,1,0
1259,101,1,0,1
1259,360,1,0,1
1259,0,1,0,1
1259,930,1,0,1
1259,380,1,0,1
1260,51,1,0,0
1260,175,1,0,1
1260,379,1,0,1
1260,685,2,1,0
1260,137,1,1,0
1260,706,1,0,1
1260,508,1,1,0
1260,280,1,0,1
1260,361,1,0,1
1260,9,1,0,1
1260,878,1,0,0
1260,158,2,1,1
1260,771,1,0,1
1260,19,1,1,0
1260,777,1,0,1
1260,28,1,0,1
1260,584,1,0,1
1260,296,1,1,0
1260,321,1,0,1
1261,51,1,0,1
1261,143,1,1,0
1261,688,1,0,0
1262,51,1,1,0
1262,692,1,0,1
1263,51,1,1,0
1263,9,1,0,1
1263,199,1,0,0
1263,238,1,1,0
1263,175,1,0,1
1263,216,2,1,0
1263,360,1,0,1
1263,2639,1,0,1
1263,933,1,0,1
1263,61,1,0,1
1263,256,1,0,1
1263,770,1,0,0
1264,51,1,0,1
1264,199,1,0,0
1264,707,1,0,1
1264,716,1,0,0
1264,854,1,1,0
1264,216,2,1,1
1264,381,1,0,1
1264,159,1,1,0
1264,646,3,1,0
1264,115,1,1,0
1264,171,2,1,1
1264,294,2,0,1
1264,277,1,0,0
1264,8,1,1,0
1264,36,1,0,0
1264,83,1,1,0
1264,12,1,0,0
1264,523,1,1,0
1264,301,2,0,1
1264,467,1,0,1
1264,692,1,1,0
1264,925,1,0,1
1264,609,1,1,0
1264,28,1,0,0
1265,51,1,0,0
1265,31,1,1,0
1265,59,1,1,0
1265,399,1,1,0
1266,87,2,2,0
1266,83,2,2,0
1266,523,2,1,1
1266,32,2,2,0
1266,78,1,1,0
1266,143,1,1,0
1266,168,2,2,0
1266,55,1,1,0
1266,31,1,0,1
1266,59,2,0,2
1266,381,2,2,0
1266,310,1,0,1
1266,646,1,0,0
1266,15,1,0,0
1266,277,2,1,0
1266,147,2,0,2
1266,831,1,1,0
1266,259,1,0,1
1266,619,1,0,1
1266,218,1,1,0
1266,318,1,1,0
1266,56,2,0,2
1266,336,2,2,0
1266,688,1,0,1
1266,53,1,0,1
1266,74,1,0,1
1266,419,1,1,0
1266,145,1,1,0
1266,359,1,0,1
1266,878,1,1,0
1266,883,1,0,1
1266,301,1,0,1
1267,87,2,2,0
1267,312,1,0,0
1267,7,1,1,0
1267,143,2,1,1
1267,75,2,1,1
1267,1267,13,8,3
1267,688,1,1,0
1267,508,5,3,2
1267,51,2,0,1
1267,792,1,1,0
1267,772,2,0,2
1267,1109,1,1,0
1267,18,1,0,1
1267,321,3,0,1
1267,170,2,0,2
1267,25,2,1,1
1267,23,1,0,1
1267,26,2,0,1
1267,60,1,0,1
1267,84,1,0,1
1267,317,1,0,0
1267,159,1,0,1
1267,74,1,0,1
1267,360,1,1,0
1267,77,2,0,2
1267,55,1,0,1
1267,83,1,0,1
1267,301,2,0,1
1267,494,1,0,1
1267,498,1,0,1
1267,408,1,0,1
1267,31,1,0,1
1267,429,1,0,1
1267,890,1,0,1
1267,39,2,0,2
1267,534,1,0,0
1267,431,1,1,0
1267,467,2,0,2
1267,347,1,0,1
1267,296,2,0,1
1267,930,1,0,1
1267,115,1,0,1
1267,359,1,0,1
1267,198,1,0,1
1267,659,1,0,1
1267,372,1,0,0
1267,231,2,1,1
1267,661,1,0,1
1267,700,1,1,0
1267,770,1,0,1
1267,674,1,0,1
1267,1127,1,0,1
1267,218,1,0,1
1267,36,1,1,0
1267,56,1,0,1
1267,240,1,1,0
1267,207,1,0,0
1268,87,1,1,0
1269,23,1,1,0
1269,16,5,2,2
1269,199,2,1,0
1269,707,1,0,0
1269,772,1,1,0
1269,56,2,1,1
1269,157,1,1,0
1269,1267,6,4,2
1269,327,1,0,1
1269,143,1,1,0
1269,115,1,0,1
1269,12,1,0,1
1269,1109,1,1,0
1269,523,1,1,0
1270,23,1,0,1
1270,26,1,1,0
1270,93,1,1,0
1270,16,2,2,0
1270,59,1,1,0
1270,58,1,0,1
1270,646,3,1,1
1270,17,1,0,1
1270,706,1,1,0
1270,734,2,2,0
1270,12,2,1,1
1270,523,1,1,0
1270,215,1,0,1
1270,175,1,1,0
1270,301,1,1,0
1270,18,1,1,0
1270,123,1,1,0
1270,87,1,0,1
1270,106,1,1,0
1270,231,1,0,0
1270,207,1,1,0
1271,196,1,0,0
1271,327,1,0,0
1271,415,1,0,1
1271,663,1,0,0
1271,362,1,1,0
1272,312,3,3,0
1272,706,3,2,1
1272,1272,26,10,11
1272,340,1,0,0
1272,716,3,1,1
1272,30,1,1,0
1272,374,1,0,1
1272,310,1,1,0
1272,256,1,0,1
1272,171,1,0,1
1272,87,1,0,1
1272,534,1,1,0
1272,515,1,0,0
1272,467,1,0,1
1272,688,1,1,0
1272,207,1,1,0
1272,661,1,1,0
1272,170,1,1,0
1273,159,1,1,0
1273,508,1,0,1
1274,159,1,0,1
1274,74,1,0,0
1274,16,1,1,0
1274,1272,1,0,0
1274,299,1,1,0
1274,685,1,0,1
1274,430,1,1,0
1274,831,1,0,1
1275,278,5,1,3
1275,360,2,0,0
1275,379,1,0,1
1275,52,1,0,1
1275,512,4,2,2
1275,554,1,0,1
1275,1272,1,1,0
1275,467,3,1,1
1275,918,2,0,1
1275,619,1,1,0
1275,321,3,1,1
1275,661,2,0,2
1275,716,1,0,1
1275,695,1,0,0
1275,301,1,0,1
1275,684,2,1,0
1275,56,1,1,0
1276,82,1,1,0
1276,277,1,0,0
1276,146,1,0,0
1276,619,1,1,0
1276,661,1,1,0
1276,663,1,0,1
1276,1276,11,5,6
1276,216,1,1,0
1276,431,1,0,1
1276,279,1,0,0
1276,906,1,1,0
1276,327,1,1,0
1276,381,1,0,1
1276,432,1,0,1
1276,0,1,1,0
1276,402,1,0,1
1276,144,1,1,0
1276,230,2,2,0
1276,637,1,0,0
1277,82,2,2,0
1277,360,1,0,1
1277,413,1,1,0
1277,208,1,1,0
1278,107,1,1,0
1278,706,1,0,1
1278,57,1,1,0
1278,53,1,1,0
1279,277,1,0,0
1279,16,1,0,0
1279,179,1,0,1
1279,429,1,1,0
1279,170,2,0,2
1279,36,1,1,0
1279,359,1,0,1
1279,156,1,0,1
1279,56,1,0,1
1279,327,1,0,0
1279,294,1,0,1
1279,912,1,0,0
1279,439,1,0,1
1279,2732,1,0,1
1279,1279,5,1,4
1280,277,1,0,1
1280,498,1,0,1
1280,215,1,1,0
1280,30,1,0,1
1280,494,1,0,1
1280,1102,1,0,1
1280,1894,1,0,1
1281,277,1,0,1
1281,80,1,0,1
1281,512,1,0,1
1281,107,1,1,0
1281,9,1,1,0
1281,258,1,1,0
1282,360,1,0,0
1282,25,1,0,1
1283,9,1,0,0
1284,9,1,1,0
1284,60,1,1,0
1284,218,1,0,1
1284,301,2,1,1
1284,402,1,0,0
1284,143,1,1,0
1285,9,1,0,1
1285,854,1,0,1
1285,294,1,0,1
1285,56,1,0,0
1285,523,1,1,0
1285,508,1,0,1
1286,145,1,1,0
1286,7,1,1,0
1287,379,1,1,0
1287,554,1,0,1
1287,179,1,1,0
1287,115,1,0,1
1287,301,1,0,1
1287,372,1,0,1
1287,1272,1,0,0
1288,379,1,0,1
1288,281,1,0,1
1289,36,1,1,0
1290,36,1,0,0
1291,36,1,0,1
1292,36,1,0,1
1292,695,1,1,0
1293,77,1,0,1
1293,28,1,1,0
1293,277,1,1,0
1293,179,2,2,0
1293,57,1,1,0
1293,816,1,1,0
1293,699,1,1,0
1293,256,1,1,0
1293,18,1,1,0
1293,523,1,1,0
1293,215,1,1,0
1293,1157,1,1,0
1293,143,1,1,0
1293,646,1,1,0
1294,77,1,1,0
1295,197,1,0,0
1295,256,1,1,0
1295,139,1,0,0
1295,511,1,1,0
1295,97,1,0,0
1295,101,1,1,0
1296,197,1,0,0
1296,16,1,0,1
1296,97,1,1,0
1296,207,2,2,0
1297,167,1,0,0
1297,23,1,1,0
1298,167,2,0,2
1298,1298,13,2,6
1298,1109,1,1,0
1299,88,1,1,0
1299,523,1,1,0
1299,659,1,1,0
1299,31,1,0,1
1299,692,1,1,0
1299,336,1,1,0
1299,816,1,1,0
1299,716,1,1,0
1299,76,1,0,1
1300,83,1,0,1
1301,53,1,0,0
1301,741,1,1,0
1301,395,1,0,0
1301,28,1,1,0
1301,336,1,0,1
1301,179,1,0,0
1301,31,1,1,0
1301,109,1,0,0
1301,1121,1,0,0
1301,87,1,0,1
1301,121,1,0,1
1301,106,1,1,0
1302,53,1,0,0
1303,272,1,1,0
1303,327,3,0,2
1303,179,2,1,0
1303,685,2,0,2
1303,18,1,0,1
1303,399,1,0,0
1303,772,1,0,1
1303,741,1,0,0
1303,31,2,0,2
1303,259,1,0,1
1303,688,1,0,1
1303,380,1,0,1
1303,231,1,0,1
1303,770,3,2,1
1303,716,2,0,1
1303,1127,1,0,1
1303,1142,1,0,1
1303,498,1,0,1
1303,777,3,0,2
1304,272,1,0,1
1304,215,1,0,1
1304,16,3,0,3
1304,171,1,0,1
1304,147,1,0,0
1304,637,1,0,1
1304,659,2,1,1
1304,321,1,0,1
1305,121,1,1,0
1306,256,7,3,4
1306,624,1,0,0
1306,25,1,0,1
1306,171,1,1,0
1307,256,1,0,1
1307,374,1,1,0
1307,215,1,0,1
1308,19,1,0,0
1308,652,1,0,0
1308,399,1,0,0
1308,28,1,1,0
1308,145,1,0,0
1309,19,1,0,0
1309,431,1,1,0
1309,16,1,1,0
1309,101,1,0,1
1309,144,1,1,0
1309,179,1,1,0
1309,59,1,0,1
1309,171,1,0,1
1309,646,1,0,0
1309,159,1,1,0
1310,695,1,1,0
1311,52,1,0,1
1312,16,1,1,0
1312,37,1,1,0
1312,167,1,1,0
1312,390,1,0,0
1312,1357,1,0,1
1312,638,1,1,0
1312,429,1,1,0
1312,1046,1,0,1
1312,374,2,1,1
1312,9,1,0,1
1312,171,1,1,0
1312,2639,1,0,1
1312,716,1,0,1
1312,1119,1,1,0
1312,771,1,0,1
1312,408,1,0,1
1312,259,1,0,1
1313,16,3,0,2
1313,494,1,0,1
1314,16,1,0,1
1314,106,1,1,0
1314,282,1,0,0
1315,408,1,1,0
1315,197,1,1,0
1316,492,1,0,0
1316,59,1,0,0
1317,399,1,1,0
1317,1272,2,1,0
1317,349,1,0,1
1317,685,1,0,1
1318,399,1,0,0
1318,646,2,1,1
1318,281,1,0,1
1318,503,1,0,1
1318,301,1,1,0
1319,199,3,1,1
1319,318,4,2,1
1319,901,1,1,0
1319,105,1,0,1
1319,24,1,0,1
1319,692,1,0,1
1319,36,1,1,0
1319,688,1,1,0
1319,61,1,1,0
1319,143,1,1,0
1319,28,1,1,0
1320,199,1,0,0
1320,854,1,1,0
1321,199,1,1,0
1321,52,1,0,1
1321,277,1,1,0
1322,199,1,0,1
1322,706,1,0,1
1322,97,1,1,0
1322,646,1,0,1
1323,199,1,0,1
1323,706,1,1,0
1323,121,1,1,0
1323,381,1,0,1
1323,218,1,1,0
1323,523,2,1,1
1323,61,1,0,0
1324,199,1,0,1
1324,159,1,0,1
1324,59,1,1,0
1324,84,1,1,0
1324,272,1,0,0
1324,36,1,1,0
1324,40,1,1,0
1324,467,1,0,1
1324,508,1,1,0
1324,234,1,0,1
1324,109,1,0,0
1324,1272,1,0,1
1325,199,1,1,0
1326,199,1,0,1
1326,883,1,1,0
1326,327,1,1,0
1326,609,1,0,1
1327,199,1,0,0
1328,199,1,0,1
1328,327,1,0,1
1328,231,1,0,1
1329,199,1,0,1
1330,336,1,0,1
1330,408,1,1,0
1330,673,1,1,0
1331,171,1,0,1
1332,171,1,0,0
1332,358,1,0,0
1332,179,1,0,0
1332,199,1,0,0
1332,381,2,0,0
1332,281,1,0,1
1332,170,1,1,0
1332,36,1,0,0
1332,121,1,0,0
1332,301,1,0,0
1332,777,1,0,0
1333,171,1,0,0
1333,170,1,0,0
1333,327,1,1,0
1334,171,1,0,1
1334,9,1,1,0
1334,170,1,1,0
1335,171,1,0,1
1335,483,1,1,0
1336,145,1,1,0
1336,258,1,0,1
1337,554,1,1,0
1337,700,1,0,0
1337,430,1,0,0
1337,399,1,0,0
1337,25,1,1,0
1337,426,1,0,1
1337,301,1,0,1
1337,358,1,0,1
1338,408,1,0,1
1338,147,1,0,1
1338,222,1,0,1
1339,408,1,1,0
1340,106,1,0,1
1341,30,1,1,0
1341,259,1,0,0
1341,301,1,0,1
1341,684,1,0,1
1341,310,1,0,1
1341,1341,14,3,10
1342,706,1,1,0
1342,277,2,1,1
1342,85,2,1,1
1342,281,1,0,1
1342,55,1,1,0
1342,88,1,1,0
1342,399,1,1,0
1342,408,1,0,1
1342,122,1,0,0
1342,147,1,0,1
1342,415,1,1,0
1342,17,1,0,0
1342,53,1,0,1
1342,105,1,0,1
1342,87,1,0,1
1342,347,1,0,0
1343,706,3,1,1
1343,58,1,1,0
1343,609,1,1,0
1343,523,1,1,0
1343,258,2,0,0
1343,51,1,0,1
1343,59,1,1,0
1343,692,1,1,0
1343,381,1,1,0
1343,143,2,2,0
1343,2861,1,0,1
1343,349,1,0,0
1343,218,1,0,1
1343,199,1,0,1
1343,336,1,0,0
1343,318,3,1,2
1343,207,1,0,1
1344,706,1,0,1
1344,59,1,0,0
1344,294,1,1,0
1344,258,1,0,1
1344,143,1,0,1
1345,706,1,1,0
1345,17,1,0,1
1345,61,1,1,0
1345,646,1,1,0
1346,706,1,0,0
1346,609,1,1,0
1346,777,1,0,1
1347,706,1,0,0
1347,7,4,2,2
1347,216,5,3,1
1347,105,1,1,0
1347,159,4,1,3
1347,144,1,1,0
1347,8,2,1,1
1347,432,1,0,1
1347,402,1,0,1
1347,25,3,1,2
1347,176,1,1,0
1347,115,1,0,0
1347,294,3,1,2
1347,310,1,0,1
1347,17,1,0,0
1347,277,1,0,0
1347,36,1,0,1
1347,83,1,0,0
1347,59,1,0,0
1347,16,1,1,0
1347,523,2,2,0
1347,171,1,1,0
1347,296,1,1,0
1347,646,1,1,0
1347,87,1,0,0
1348,534,1,0,1
1348,716,1,1,0
1349,1272,1,0,0
1349,918,1,0,1
1350,1272,1,1,0
1351,1272,1,1,0
1351,59,1,1,0
1351,17,1,0,1
1352,349,1,0,0
1352,584,1,0,0
1352,663,1,1,0
1352,461,1,0,1
1352,432,1,0,0
1352,230,1,0,0
1353,349,1,1,0
1353,402,1,0,0
1354,467,1,0,0
1354,9,1,0,1
1355,467,1,0,1
1355,663,1,0,0
1355,300,2,2,0
1355,1355,2,2,0
1355,148,1,1,0
1355,31,1,0,1
1355,222,1,1,0
1355,1127,1,0,1
1356,347,1,1,0
1356,85,1,0,1
1356,523,1,1,0
1356,430,1,0,1
1356,646,1,1,0
1357,918,1,1,0
1357,1357,48,34,10
1357,933,3,1,1
1357,52,1,1,0
1357,158,1,1,0
1358,170,2,2,0
1358,74,1,1,0
1358,137,1,1,0
1358,716,1,1,0
1359,170,1,1,0
1360,170,1,1,0
1360,930,2,1,1
1360,31,1,0,1
1360,87,1,1,0
1360,159,1,1,0
1360,115,1,1,0
1360,88,1,1,0
1360,57,1,1,0
1360,199,1,0,0
1360,240,1,1,0
1360,327,2,2,0
1360,147,2,2,0
1360,143,1,1,0
1360,359,1,0,1
1360,948,1,1,0
1360,277,1,1,0
1360,179,1,1,0
1360,883,1,1,0
1361,170,6,2,2
1361,281,1,0,1
1361,688,1,0,1
1362,380,1,0,1
1362,273,1,1,0
1362,149,1,1,0
1362,471,1,1,0
1362,1362,1,0,0
1362,360,1,1,0
1362,216,1,1,0
1362,317,1,0,0
1362,930,1,0,1
1363,637,1,0,1
1364,707,1,0,1
1364,741,1,1,0
1364,258,1,1,0
1364,179,1,0,1
1364,22,1,1,0
1364,792,2,0,1
1364,159,1,0,1
1364,281,2,0,1
1364,156,3,1,1
1364,523,1,0,0
1364,692,2,1,1
1364,168,1,0,1
1364,147,1,1,0
1364,51,1,0,1
1364,84,1,0,1
1364,57,1,1,0
1364,121,1,0,0
1364,695,1,1,0
1364,831,2,0,0
1364,143,1,1,0
1364,8,5,4,1
1364,320,1,1,0
1364,293,1,1,0
1365,707,2,1,0
1365,238,1,0,1
1365,925,1,1,0
1365,706,1,0,1
1365,57,2,2,0
1365,646,2,1,0
1365,199,1,0,0
1365,59,1,0,1
1365,16,1,0,1
1365,40,1,1,0
1365,97,1,0,1
1365,318,1,0,1
1365,716,1,0,1
1365,1149,1,0,0
1365,542,1,1,0
1366,707,1,0,0
1366,8,1,1,0
1367,707,1,0,0
1367,734,1,0,0
1367,159,1,1,0
1367,336,1,1,0
1367,741,1,0,0
1367,692,1,0,0
1367,31,1,0,1
1367,75,1,0,0
1367,145,1,1,0
1367,56,3,0,0
1367,170,1,0,0
1367,16,1,0,0
1367,148,1,0,0
1367,97,1,0,0
1367,297,1,0,1
1368,707,1,0,0
1369,707,1,0,0
1369,16,1,1,0
1369,199,1,1,0
1370,854,1,1,0
1371,659,1,1,0
1371,199,1,1,0
1371,281,1,1,0
1371,13,1,1,0
1371,218,1,0,1
1371,609,1,1,0
1372,659,1,0,1
1372,18,1,1,0
1373,372,1,0,1
1374,661,1,0,0
1374,32,1,0,1
1375,663,1,0,1
1375,52,1,0,1
1375,122,1,0,1
1376,359,1,0,0
1376,18,1,1,0
1376,60,1,1,0
1376,51,1,1,0
1376,53,1,1,0
1376,171,1,0,1
1377,674,1,1,0
1377,770,1,1,0
1378,674,1,1,0
1378,104,1,1,0
1379,716,1,0,1
1380,23,1,1,0
1380,259,1,0,1
1380,1021,1,0,1
1380,104,1,1,0
1380,215,1,1,0
1381,107,1,1,0
1381,408,1,1,0
1381,18,1,1,0
1381,98,1,1,0
1381,84,1,0,0
1381,311,1,0,0
1381,734,1,1,0
1381,24,1,1,0
1381,148,1,1,0
1381,51,1,1,0
1381,175,1,0,0
1381,118,1,1,0
1381,2929,1,1,0
1381,492,1,1,0
1381,12,1,1,0
1382,430,1,0,1
1382,52,1,1,0
1382,25,1,1,0
1382,19,1,0,0
1383,76,1,1,0
1384,146,1,0,1
1384,85,1,0,1
1384,60,1,1,0
1384,2526,2,1,0
1384,77,1,0,1
1384,413,1,0,1
1384,40,1,1,0
1385,146,1,1,0
1385,181,1,1,0
1385,678,1,0,0
1385,52,1,1,0
1385,51,3,1,1
1386,148,1,1,0
1387,171,1,1,0
1387,399,1,1,0
1387,359,1,0,0
1387,310,1,1,0
1387,143,1,0,0
1387,159,1,1,0
1387,83,1,0,1
1388,246,1,0,0
1389,429,1,1,0
1389,104,3,2,1
1389,431,1,0,1
1389,139,3,2,1
1389,319,1,1,0
1389,621,1,0,1
1389,148,2,0,2
1389,143,1,0,0
1389,667,1,0,1
1389,277,1,0,1
1389,25,1,0,1
1390,143,1,0,0
1390,179,1,1,0
1390,56,1,0,1
1390,258,1,1,0
1391,508,1,0,0
1391,19,1,0,0
1391,238,1,0,0
1391,147,2,0,0
1391,98,1,0,0
1391,688,1,0,0
1391,461,1,0,0
1391,168,1,0,0
1391,381,1,0,0
1392,22,1,1,0
1392,57,1,0,1
1393,673,1,1,0
1393,419,2,1,1
1393,159,1,1,0
1393,218,1,1,0
1393,23,1,1,0
1393,147,1,1,0
1393,109,2,0,1
1393,143,1,1,0
1393,170,2,1,1
1393,2360,1,1,0
1393,310,1,0,1
1394,1062,1,0,1
1395,28,1,1,0
1395,1,1,1,0
1395,169,1,1,0
1396,1,1,1,0
1396,312,1,1,0
1396,85,1,1,0
1396,101,1,1,0
1396,84,1,0,1
1396,158,1,1,0
1396,156,1,1,0
1396,246,1,1,0
1396,34,1,1,0
1396,19,1,1,0
1396,281,2,2,0
1396,175,1,1,0
1397,2,1,1,0
1397,159,2,2,0
1397,0,1,1,0
1397,56,1,0,1
1397,197,1,1,0
1397,20,1,1,0
1397,277,1,0,0
1397,280,4,0,1
1397,341,1,1,0
1397,81,1,1,0
1397,18,1,1,0
1397,17,2,2,0
1397,53,2,1,1
1397,59,1,1,0
1397,58,1,0,1
1397,16,1,0,0
1397,144,1,0,1
1397,21,1,0,1
1397,40,1,1,0
1397,699,1,0,1
1397,779,1,0,1
1397,88,1,1,0
1397,26,1,0,1
1398,13,1,1,0
1398,692,1,0,0
1398,792,1,0,1
1398,779,1,0,0
1398,280,1,0,1
1399,81,1,0,0
1399,327,1,0,0
1399,707,1,1,0
1399,231,1,0,0
1400,81,1,0,0
1400,171,2,0,0
1400,13,1,0,0
1400,36,1,1,0
1400,523,1,0,0
1400,199,1,0,0
1400,741,2,1,0
1400,170,1,0,1
1400,61,1,1,0
1400,695,1,0,0
1400,52,1,0,0
1401,81,1,1,0
1402,87,1,1,0
1402,103,1,0,0
1402,646,1,0,1
1403,87,1,1,0
1403,327,1,1,0
1403,218,1,0,1
1403,215,1,1,0
1403,55,1,0,0
1403,184,1,1,0
1403,293,1,1,0
1403,854,1,1,0
1404,23,2,2,0
1404,17,1,1,0
1404,381,1,0,0
1404,28,2,1,0
1404,57,1,0,0
1404,59,1,1,0
1404,399,1,1,0
1404,15,1,1,0
1404,199,4,3,0
1404,171,1,1,0
1404,431,1,1,0
1404,238,1,1,0
1404,300,1,0,1
1404,26,1,1,0
1404,439,2,1,0
1404,145,1,1,0
1404,327,1,0,0
1404,143,1,1,0
1404,402,1,1,0
1404,777,2,0,0
1404,699,1,0,0
1404,121,1,0,0
1404,358,1,1,0
1404,320,1,0,0
1404,24,1,1,0
1404,430,1,0,0
1404,56,2,1,1
1404,259,1,0,0
1404,646,1,1,0
1405,28,1,1,0
1406,28,1,1,0
1407,7,1,1,0
1407,87,1,1,0
1407,84,1,0,1
1407,246,1,0,1
1407,58,1,1,0
1407,646,1,0,0
1408,105,1,1,0
1408,317,1,1,0
1408,1267,1,1,0
1408,1272,2,1,1
1409,238,1,1,0
1410,137,1,0,0
1411,84,1,1,0
1412,320,1,1,0
1413,779,1,1,0
1413,55,1,1,0
1413,12,1,1,0
1413,143,1,0,0
1413,176,1,1,0
1413,17,1,1,0
1413,646,1,1,0
1414,300,1,1,0
1414,76,1,1,0
1414,215,1,1,0
1414,28,1,0,1
1415,300,1,0,0
1415,105,1,0,0
1415,31,1,1,0
1416,74,1,1,0
1416,688,1,0,1
1417,144,1,1,0
1417,143,1,1,0
1417,179,1,1,0
1418,144,1,1,0
1418,461,1,1,0
1418,862,1,0,0
1419,144,1,1,0
1419,432,1,1,0
1420,144,1,0,0
1420,199,1,1,0
1421,144,1,1,0
1422,144,1,1,0
1423,82,1,0,1
1423,1423,4,1,2
1423,238,2,2,0
1423,402,1,1,0
1423,621,1,1,0
1423,1147,1,1,0
1423,347,2,1,0
1423,470,1,1,0
1423,1135,1,1,0
1423,659,1,0,1
1423,230,1,0,0
1423,1203,1,1,0
1423,159,1,0,1
1423,196,1,0,1
1423,431,1,0,0
1424,360,1,1,0
1425,8,1,1,0
1426,379,1,0,0
1426,36,1,1,0
1426,358,1,1,0
1426,55,1,1,0
1426,512,1,1,0
1426,1,1,0,1
1426,429,1,1,0
1427,98,1,0,1
1427,281,1,1,0
1427,399,1,0,1
1427,374,1,0,0
1427,147,1,1,0
1427,772,1,0,1
1427,144,1,0,1
1427,137,1,0,1
1427,218,1,0,1
1427,171,1,0,0
1427,295,1,0,0
1427,659,1,1,0
1428,36,1,1,0
1429,419,1,0,1
1429,318,1,1,0
1429,410,1,0,1
1429,145,1,0,0
1429,492,1,1,0
1429,171,2,1,1
1429,86,1,1,0
1430,167,1,0,0
1430,199,1,1,0
1430,706,1,0,0
1431,430,1,1,0
1431,171,1,0,1
1431,59,1,0,1
1432,430,1,0,0
1432,318,1,1,0
1432,741,1,1,0
1433,88,1,1,0
1433,9,1,0,1
1433,318,1,0,1
1433,58,1,0,1
1433,779,1,1,0
1434,333,1,1,0
1434,56,1,1,0
1435,93,1,1,0
1436,216,1,1,0
1437,256,1,1,0
1437,854,1,0,0
1437,523,1,0,0
1437,240,1,0,0
1437,30,2,0,0
1437,139,1,1,0
1438,19,1,1,0
1439,215,1,1,0
1439,31,1,0,0
1439,77,4,0,3
1439,781,1,0,0
1439,716,1,1,0
1439,638,1,1,0
1439,360,1,1,0
1439,362,1,1,0
1439,467,1,0,0
1439,8,1,0,0
1439,688,1,0,0
1439,2656,1,0,0
1439,19,1,0,0
1439,87,1,0,0
1439,741,1,1,0
1439,508,1,1,0
1439,196,1,1,0
1439,218,1,1,0
1439,148,2,2,0
1439,176,1,0,0
1439,318,2,1,1
1439,216,1,1,0
1440,494,1,1,0
1440,105,1,0,0
1440,58,1,0,0
1441,234,1,1,0
1441,294,1,0,0
1442,16,1,0,1
1442,179,1,0,0
1442,584,1,1,0
1442,334,1,1,0
1442,246,1,0,0
1442,144,1,0,0
1443,75,1,1,0
1443,390,1,1,0
1444,37,1,0,0
1444,770,1,1,0
1444,523,1,0,0
1444,706,1,0,0
1444,171,2,0,1
1444,87,1,0,0
1445,512,1,1,0
1445,101,1,0,1
1445,215,1,0,0
1445,230,1,0,0
1445,52,1,1,0
1445,399,1,0,0
1445,336,1,1,0
1445,508,1,1,0
1445,1109,1,1,0
1445,716,2,0,0
1445,246,3,2,1
1445,646,1,0,1
1445,39,1,1,0
1445,17,1,0,1
1445,16,1,0,0
1445,171,1,1,0
1445,925,1,0,1
1445,699,1,1,0
1446,399,1,1,0
1447,199,1,1,0
1447,770,1,0,1
1447,707,1,1,0
1447,109,1,1,0
1448,40,1,0,0
1448,258,1,0,0
1448,175,1,0,0
1448,246,1,0,0
1448,513,1,0,1
1448,199,2,0,0
1448,208,2,0,0
1448,300,1,0,1
1448,58,1,0,0
1448,171,2,1,0
1448,36,1,0,0
1448,0,1,0,1
1448,240,1,0,0
1448,293,1,0,0
1448,381,1,0,0
1448,706,2,0,1
1448,707,1,0,0
1448,277,1,0,0
1448,741,1,1,0
1448,143,1,0,0
1448,429,1,0,0
1448,218,1,1,0
1448,106,1,0,0
1448,56,1,0,0
1448,170,2,0,0
1448,374,1,0,0
1449,426,1,1,0
1449,688,1,0,1
1449,58,1,0,0
1449,318,1,1,0
1450,426,1,1,0
1450,40,1,1,0
1450,76,1,0,0
1450,57,1,1,0
1450,734,1,1,0
1451,171,1,1,0
1452,638,1,1,0
1453,408,2,2,0
1453,501,1,1,0
1453,310,1,1,0
1453,314,1,0,1
1453,158,1,1,0
1453,430,1,1,0
1453,7,1,0,1
1453,659,1,1,0
1453,358,1,0,1
1453,77,1,1,0
1454,408,1,1,0
1454,176,1,0,0
1455,408,1,0,0
1455,310,1,0,1
1455,56,1,1,0
1455,121,1,0,1
1455,170,1,0,1
1456,560,1,0,0
1456,7,1,1,0
1456,84,1,0,1
1456,419,1,0,1
1456,51,2,1,1
1456,85,1,0,1
1456,318,1,1,0
1456,74,1,0,0
1457,158,1,0,0
1458,297,1,1,0
1459,429,1,1,0
1460,85,1,0,1
1461,294,1,1,0
1462,294,1,1,0
1462,1,1,1,0
1463,294,1,1,0
1464,294,1,0,1
1464,501,1,1,0
1464,171,1,1,0
1464,646,1,0,1
1465,39,1,0,0
1465,31,1,0,1
1465,240,1,0,1
1465,273,1,1,0
1466,39,1,0,0
1466,199,1,1,0
1467,143,1,1,0
1467,74,1,1,0
1467,25,1,0,0
1467,277,1,1,0
1468,143,1,1,0
1468,28,1,1,0
1468,318,1,1,0
1468,379,1,0,1
1469,349,1,0,0
1469,314,1,0,0
1470,467,1,0,0
1470,1267,1,0,1
1470,358,1,1,0
1470,31,1,1,0
1470,311,1,1,0
1470,18,1,1,0
1470,199,1,0,1
1470,143,1,0,1
1470,52,1,0,0
1471,170,1,1,0
1471,56,1,1,0
1472,439,1,1,0
1472,408,1,0,1
1473,445,1,0,0
1473,646,1,1,0
1473,28,1,1,0
1473,19,1,1,0
1473,9,1,1,0
1474,445,1,1,0
1474,439,1,0,1
1475,259,1,1,0
1475,59,1,1,0
1476,299,1,0,1
1476,76,1,1,0
1476,678,1,0,1
1476,146,1,1,0
1476,179,1,1,0
1476,33,1,1,0
1476,222,2,1,1
1476,688,1,0,1
1476,59,1,1,0
1476,646,1,1,0
1477,258,1,1,0
1477,23,1,1,0
1477,36,1,0,1
1478,410,1,0,1
1479,621,1,0,0
1479,340,1,0,0
1480,273,1,1,0
1480,413,1,1,0
1480,310,1,1,0
1480,17,1,1,0
1480,304,1,1,0
1480,277,2,2,0
1480,200,1,0,0
1481,260,1,0,0
1481,240,2,1,1
1481,148,1,1,0
1481,28,1,1,0
1481,281,2,1,1
1481,659,1,0,0
1481,143,1,1,0
1481,2534,1,1,0
1481,74,1,0,1
1481,430,1,1,0
1481,716,1,0,1
1481,159,1,0,0
1481,40,1,1,0
1481,878,2,1,1
1482,415,1,1,0
1482,97,1,0,1
1482,792,1,1,0
1482,706,1,0,1
1482,399,1,1,0
1482,381,1,1,0
1482,646,1,1,0
1482,692,1,0,1
1482,53,1,0,1
1482,199,1,0,1
1483,361,1,1,0
1483,294,2,2,0
1483,7,1,0,1
1483,84,1,1,0
1483,854,1,0,0
1483,238,2,1,1
1483,430,1,0,0
1483,52,1,0,1
1484,499,1,0,0
1484,663,1,1,0
1484,7,1,0,0
1484,379,1,1,0
1484,318,1,1,0
1485,667,1,0,1
1485,706,1,1,0
1486,579,1,1,0
1486,115,1,1,0
1487,579,1,1,0
1487,259,1,0,1
1487,419,1,1,0
1488,673,1,0,1
1488,19,2,1,0
1488,339,1,0,0
1488,149,1,1,0
1488,75,1,1,0
1488,121,1,0,1
1488,170,1,0,0
1488,523,1,0,0
1488,300,1,1,0
1489,862,1,0,0
1489,311,1,0,1
1489,88,1,1,0
1490,340,1,0,0
1490,98,1,0,0
1490,208,1,1,0
1491,340,1,1,0
1491,2,1,1,0
1492,462,1,0,1
1492,170,1,0,0
1492,426,2,1,1
1493,837,1,0,0
1493,256,1,0,0
1493,97,1,1,0
1494,1147,1,0,0
1494,513,1,0,0
1494,296,1,0,0
1494,277,1,1,0
1494,432,1,0,0
1494,39,1,1,0
1494,646,1,1,0
1494,415,1,0,0
1495,1147,1,0,0
1495,374,1,0,0
1495,1,1,0,0
1496,87,2,2,0
1496,777,1,1,0
1496,716,1,1,0
1496,277,1,1,0
1496,148,2,0,1
1496,197,1,1,0
1496,106,1,1,0
1496,258,1,1,0
1496,1109,1,0,1
1496,706,1,0,1
1496,51,1,0,1
1496,240,1,1,0
1496,159,2,1,0
1496,430,1,0,0
1496,294,1,0,0
1496,77,1,1,0
1496,692,1,0,0
1496,646,1,0,1
1497,101,1,0,1
1497,1811,1,1,0
1498,23,1,1,0
1498,218,1,0,1
1499,34,1,0,1
1500,17,1,0,1
1501,17,1,1,0
1501,80,1,1,0
1501,60,1,0,0
1502,17,1,1,0
1502,36,1,0,0
1502,258,1,0,0
1503,26,1,1,0
1504,238,1,0,0
1504,207,1,0,1
1504,168,1,0,0
1505,238,1,1,0
1506,208,1,1,0
1506,259,1,0,1
1506,171,1,1,0
1507,320,1,1,0
1508,320,1,1,0
1508,361,1,1,0
1508,1276,1,0,0
1509,772,1,1,0
1510,772,1,1,0
1511,159,1,1,0
1511,82,1,1,0
1512,300,1,1,0
1513,107,1,1,0
1513,2,1,1,0
1514,9,1,0,0
1514,77,1,1,0
1514,171,1,1,0
1514,230,1,0,0
1514,97,1,0,1
1514,18,1,1,0
1515,9,1,1,0
1516,358,1,0,1
1517,358,1,1,0
1518,379,1,1,0
1519,36,1,1,0
1519,51,1,1,0
1519,55,1,1,0
1519,678,1,1,0
1519,277,1,1,0
1519,199,1,1,0
1519,483,1,1,0
1519,61,1,0,0
1519,12,1,1,0
1519,18,1,0,1
1519,78,1,0,1
1519,52,1,1,0
1519,501,2,2,0
1519,429,1,1,0
1519,168,1,1,0
1519,115,1,1,0
1519,86,1,1,0
1519,439,1,0,0
1520,77,1,1,0
1520,2,1,1,0
1520,61,2,1,1
1520,148,1,1,0
1520,26,1,1,0
1520,30,1,0,0
1521,77,1,0,0
1521,16,1,1,0
1522,77,1,1,0
1522,359,1,1,0
1522,945,1,1,0
1522,912,1,0,1
1522,816,1,0,1
1522,318,1,0,1
1523,419,1,0,1
1523,57,1,1,0
1523,25,1,1,0
1523,77,1,1,0
1523,36,1,0,0
1523,23,1,1,0
1523,296,1,1,0
1523,22,1,1,0
1523,772,1,1,0
1523,52,1,1,0
1523,930,1,0,1
1523,61,1,1,0
1523,28,1,0,1
1523,259,1,1,0
1523,340,1,0,1
1523,327,1,1,0
1523,179,1,0,0
1523,26,1,0,1
1523,334,1,1,0
1523,121,1,1,0
1523,51,1,0,1
1523,349,1,1,0
1523,30,1,1,0
1523,716,1,0,0
1523,333,1,1,0
1523,282,1,0,1
1523,208,1,1,0
1523,105,1,0,0
1524,419,1,0,0
1524,156,1,0,0
1525,419,1,0,0
1526,88,1,0,0
1526,19,1,1,0
1526,101,1,1,0
1526,318,1,1,0
1526,734,1,1,0
1526,144,1,1,0
1526,39,1,1,0
1526,258,1,0,1
1526,106,1,0,1
1526,23,1,0,0
1526,216,1,1,0
1526,359,1,0,0
1526,218,1,1,0
1526,139,1,1,0
1526,408,1,0,1
1526,609,1,0,1
1526,199,1,0,1
1527,53,1,1,0
1527,60,2,1,1
1528,53,3,0,3
1528,17,1,0,0
1528,101,1,0,1
1528,358,1,0,0
1528,19,1,0,1
1528,295,1,0,0
1528,390,1,0,0
1528,33,1,1,0
1528,16,1,1,0
1528,22,1,0,1
1529,156,2,1,0
1529,240,1,0,0
1529,16,1,1,0
1529,199,1,1,0
1529,158,1,1,0
1530,156,1,0,0
1531,60,1,1,0
1531,158,1,1,0
1531,280,1,0,1
1531,240,1,0,0
1532,56,1,1,0
1533,56,1,1,0
1533,339,1,0,1
1533,933,1,0,0
1534,56,1,0,0
1534,554,1,0,0
1534,584,1,1,0
1534,314,1,1,0
1534,76,1,0,1
1534,87,1,0,0
1534,84,1,0,0
1534,74,1,1,0
1534,16,1,1,0
1534,256,1,0,0
1534,390,2,0,1
1534,1,1,1,0
1534,51,1,0,1
1534,310,1,0,1
1534,523,1,1,0
1534,77,1,0,0
1534,148,1,1,0
1535,56,2,2,0
1535,816,1,0,1
1535,12,1,0,1
1536,56,1,0,0
1536,792,1,0,0
1536,258,2,0,0
1536,159,1,0,0
1537,432,1,0,1
1538,432,1,1,0
1538,58,1,0,1
1538,31,1,1,0
1538,93,1,0,1
1538,445,1,1,0
1538,36,1,1,0
1538,772,1,0,1
1538,706,1,1,0
1538,87,1,1,0
1539,215,1,0,0
1540,16,1,1,0
1540,430,1,1,0
1541,16,1,0,0
1542,16,1,0,0
1542,772,1,0,0
1543,16,1,1,0
1543,734,1,0,1
1543,554,1,1,0
1543,179,1,1,0
1543,23,1,0,1
1543,53,1,0,1
1543,792,1,0,1
1543,310,1,1,0
1543,349,1,1,0
1543,199,1,0,1
1543,779,1,0,1
1543,156,1,1,0
1544,16,1,0,1
1544,107,1,1,0
1545,75,1,1,0
1546,75,1,0,1
1547,75,1,0,0
1547,492,1,0,0
1547,652,1,1,0
1547,53,1,1,0
1548,75,1,1,0
1548,8,1,1,0
1549,75,1,1,0
1550,40,2,0,0
1550,483,1,0,0
1550,646,1,0,0
1550,76,1,0,0
1551,40,1,1,0
1551,301,1,0,1
1551,294,1,0,1
1551,277,1,0,0
1551,171,1,0,0
1552,40,1,0,1
1552,137,1,0,0
1553,240,1,0,1
1553,157,1,0,1
1553,854,1,1,0
1553,792,1,0,0
1553,716,2,0,1
1553,81,1,0,0
1553,215,1,0,0
1553,781,1,1,0
1553,36,1,0,1
1553,97,1,0,0
1554,148,1,1,0
1554,1267,1,0,0
1554,31,1,0,0
1554,16,1,0,0
1554,399,1,0,1
1554,646,1,0,0
1555,148,1,1,0
1555,19,1,0,0
1555,327,1,0,1
1555,53,1,1,0
1555,7,1,1,0
1555,159,1,0,0
1556,327,1,1,0
1557,97,1,1,0
1558,97,1,0,0
1558,259,1,1,0
1558,294,1,1,0
1558,318,1,1,0
1559,781,1,0,1
1559,85,1,0,1
1559,419,1,1,0
1559,381,1,1,0
1560,106,1,1,0
1560,1109,1,0,1
1560,277,1,1,0
1561,106,1,0,0
1562,179,1,0,0
1563,147,1,0,1
1563,240,1,0,0
1563,16,1,1,0
1563,609,1,1,0
1564,147,1,0,1
1565,147,1,1,0
1565,8,1,0,1
1566,200,1,1,0
1567,200,1,1,0
1568,200,1,0,1
1568,53,1,1,0
1568,168,1,1,0
1568,106,1,0,1
1568,318,1,0,1
1569,318,1,0,1
1569,1267,1,0,1
1570,318,1,0,0
1571,31,1,1,0
1571,218,1,1,0
1572,31,1,0,1
1572,148,1,1,0
1573,85,1,1,0
1573,925,1,1,0
1573,171,1,0,1
1573,523,1,0,0
1574,258,1,0,1
1574,933,1,0,1
1574,144,1,0,0
1574,13,1,0,0
1574,156,1,1,0
1574,97,1,1,0
1574,716,1,0,0
1575,706,1,0,1
1575,399,1,1,0
1576,402,1,0,0
1576,878,1,0,0
1577,296,1,0,1
1578,296,1,0,0
1578,609,1,0,1
1579,170,1,1,0
1579,97,1,0,0
1579,379,1,1,0
1579,105,1,0,0
1579,139,1,0,1
1579,415,1,0,0
1579,878,1,0,0
1580,259,1,1,0
1580,33,1,0,0
1580,18,1,0,1
1580,31,1,0,0
1580,24,1,0,0
1580,646,1,1,0
1581,259,1,0,1
1581,716,1,1,0
1581,706,1,1,0
1581,143,1,1,0
1581,430,1,1,0
1582,930,1,0,0
1582,171,1,1,0
1582,925,2,1,0
1582,159,1,1,0
1582,55,1,0,0
1582,415,1,1,0
1582,854,1,0,0
1582,258,1,0,0
1582,878,1,0,0
1583,930,1,1,0
1583,51,1,0,1
1583,770,1,1,0
1583,97,1,0,1
1583,301,1,0,1
1583,1267,1,1,0
1583,74,1,1,0
1583,53,1,1,0
1583,179,1,0,1
1583,508,1,1,0
1583,925,1,0,1
1583,293,1,0,1
1583,17,1,1,0
1584,207,1,1,0
1584,76,1,1,0
1584,144,1,0,1
1584,40,1,1,0
1584,399,1,1,0
1584,9,1,0,1
1584,105,1,0,0
1584,159,1,1,0
1585,207,1,1,0
1585,208,2,0,0
1585,734,1,0,0
1585,171,1,1,0
1585,74,1,0,1
1585,646,1,0,0
1585,318,1,1,0
1586,207,1,1,0
1586,238,1,1,0
1586,492,1,1,0
1586,59,1,1,0
1586,148,1,1,0
1586,281,1,1,0
1586,53,1,1,0
1587,207,1,0,1
1588,207,1,0,0
1589,258,1,0,0
1589,36,1,0,0
1589,158,1,0,0
1589,646,1,0,1
1590,381,1,1,0
1590,301,1,0,1
1590,101,1,0,1
1590,199,1,0,1
1591,293,1,1,0
1592,734,1,0,0
1593,115,1,1,0
1594,688,1,0,0
1595,157,1,1,0
1595,9,1,0,1
1595,170,1,1,0
1595,143,1,0,1
1596,692,1,0,0
1596,508,1,0,0
1596,925,1,0,1
1597,854,1,0,0
1597,25,1,0,0
1597,663,1,0,1
1597,82,1,1,0
1597,336,1,1,0
1597,716,1,1,0
1597,399,1,1,0
1598,854,1,1,0
1598,240,1,1,0
1598,408,1,0,0
1599,854,1,1,0
1599,87,1,0,0
1599,143,1,0,0
1599,415,1,0,1
1599,1142,1,0,0
1600,854,2,1,0
1600,399,1,0,0
1600,706,1,0,0
1600,381,2,0,0
1600,74,1,0,1
1600,148,1,1,0
1600,105,1,0,0
1601,854,1,1,0
1601,179,1,1,0
1602,792,2,1,1
1602,60,1,1,0
1602,179,1,0,1
1602,318,1,1,0
1602,327,1,1,0
1602,1272,2,1,1
1602,688,2,1,1
1603,168,1,1,0
1603,199,1,1,0
1604,777,1,0,0
1604,772,1,0,1
1604,579,1,1,0
1604,75,1,1,0
1604,359,1,1,0
1604,278,1,0,1
1605,777,1,0,0
1605,1127,1,0,0
1605,105,1,0,0
1605,143,1,0,0
1605,9,1,0,0
1605,646,1,0,0
1606,699,1,1,0
1606,60,1,1,0
1607,716,1,1,0
1607,294,1,1,0
1607,9,1,0,0
1607,336,1,0,0
1607,115,1,0,0
1607,831,1,1,0
1607,171,1,0,0
1607,139,1,1,0
1608,716,1,0,0
1609,831,1,0,0
1609,706,1,0,1
1609,171,1,1,0
1609,692,1,1,0
1610,1267,1,1,0
1611,1,1,1,0
1611,87,1,0,1
1611,282,1,1,0
1611,277,1,1,0
1611,145,2,2,0
1611,88,2,2,0
1611,215,1,0,1
1611,312,1,0,1
1611,143,1,0,1
1612,51,1,1,0
1612,87,1,1,0
1613,13,1,1,0
1613,137,1,1,0
1613,159,2,2,0
1613,144,1,1,0
1613,272,1,0,1
1613,408,1,1,0
1614,87,2,2,0
1614,88,1,1,0
1615,87,1,1,0
1616,87,1,1,0
1616,80,1,1,0
1617,101,1,1,0
1617,9,1,1,0
1617,74,1,1,0
1617,20,1,1,0
1618,101,1,1,0
1619,23,1,1,0
1619,107,1,1,0
1619,93,1,0,1
1619,318,1,0,1
1619,339,2,0,1
1619,87,1,1,0
1619,98,1,1,0
1619,197,1,1,0
1619,281,1,1,0
1619,37,1,1,0
1619,30,1,0,0
1619,7,1,1,0
1619,707,1,0,0
1619,652,1,0,0
1619,734,1,1,0
1619,200,1,0,1
1619,105,1,0,1
1620,28,1,0,0
1621,28,1,1,0
1622,34,1,1,0
1623,17,1,1,0
1623,359,1,1,0
1624,17,1,1,0
1625,196,1,1,0
1625,159,1,1,0
1625,21,1,1,0
1625,58,1,1,0
1625,25,2,2,0
1625,28,1,1,0
1626,24,1,1,0
1627,105,1,1,0
1627,0,1,1,0
1627,60,1,0,1
1627,40,1,1,0
1627,85,1,1,0
1628,105,1,1,0
1629,105,1,1,0
1629,395,1,0,1
1629,60,1,1,0
1630,105,1,1,0
1631,208,1,1,0
1632,84,1,1,0
1633,84,1,1,0
1633,78,1,1,0
1633,21,1,1,0
1634,84,3,2,0
1634,402,1,0,0
1634,34,1,1,0
1634,258,1,1,0
1634,419,1,0,1
1635,310,1,1,0
1636,310,1,1,0
1636,37,1,0,1
1636,158,1,1,0
1636,36,1,1,0
1637,310,1,1,0
1637,199,1,1,0
1638,317,1,1,0
1639,317,1,0,1
1639,430,1,0,1
1640,320,1,1,0
1640,19,1,1,0
1641,159,1,1,0
1641,74,1,1,0
1641,57,1,1,0
1641,207,1,0,0
1641,104,1,0,1
1641,36,1,0,1
1641,23,1,1,0
1641,88,1,0,0
1641,259,1,0,0
1641,53,1,1,0
1642,300,2,1,1
1642,82,1,1,0
1642,215,1,1,0
1642,40,1,1,0
1642,667,1,1,0
1642,145,1,1,0
1643,300,1,1,0
1644,300,1,0,0
1645,300,1,1,0
1646,339,1,1,0
1646,333,1,1,0
1646,831,1,1,0
1647,339,1,0,1
1648,144,1,0,0
1648,347,1,1,0
1648,222,1,1,0
1648,156,1,1,0
1648,310,1,0,0
1649,9,1,1,0
1649,158,1,0,1
1649,358,1,1,0
1649,258,1,1,0
1649,61,1,0,0
1650,98,1,0,0
1650,619,1,1,0
1650,624,1,0,0
1650,240,1,0,0
1650,673,1,0,1
1650,336,1,1,0
1651,197,1,1,0
1651,57,1,1,0
1652,408,1,1,0
1653,21,1,1,0
1653,816,1,1,0
1653,199,1,0,1
1653,16,1,0,1
1654,430,1,0,0
1655,430,1,0,1
1656,430,1,1,0
1656,399,1,0,0
1656,61,1,1,0
1656,24,1,1,0
1656,294,1,0,1
1657,58,1,1,0
1657,40,1,1,0
1657,25,1,1,0
1657,430,1,1,0
1657,17,1,1,0
1658,88,1,1,0
1659,93,1,1,0
1660,282,1,1,0
1660,9,1,0,1
1660,51,1,0,1
1660,184,1,0,1
1660,159,1,0,0
1661,11,1,1,0
1662,56,1,0,0
1663,58,1,1,0
1664,146,1,1,0
1664,280,1,1,0
1665,149,1,1,0
1666,498,1,1,0
1667,52,1,1,0
1668,234,1,0,1
1669,492,1,0,1
1669,408,1,1,0
1669,40,2,2,0
1669,139,1,0,1
1670,512,1,1,0
1670,85,1,0,1
1670,157,1,0,1
1670,159,1,1,0
1670,21,1,1,0
1670,88,1,1,0
1670,87,1,0,0
1671,512,1,0,0
1672,523,1,1,0
1672,854,1,1,0
1672,359,1,1,0
1673,40,2,1,0
1673,462,1,0,0
1673,121,1,0,0
1673,123,1,0,1
1673,156,1,1,0
1673,878,1,0,0
1673,87,1,0,1
1673,8,1,0,1
1673,179,1,0,0
1674,40,1,1,0
1674,207,1,1,0
1674,137,1,0,0
1674,498,1,0,0
1675,240,1,1,0
1675,170,1,0,0
1675,716,1,0,1
1675,75,1,1,0
1675,56,2,1,1
1676,148,1,1,0
1676,109,1,1,0
1676,207,1,1,0
1676,360,1,0,0
1676,40,1,0,1
1676,157,1,1,0
1676,260,1,1,0
1676,39,1,0,0
1676,317,1,1,0
1676,74,2,1,0
1676,7,1,1,0
1676,359,1,1,0
1676,159,1,1,0
1676,83,1,1,0
1676,413,1,0,0
1676,430,1,1,0
1676,256,1,1,0
1676,734,1,1,0
1676,106,1,0,0
1676,238,1,1,0
1676,19,1,1,0
1676,379,1,1,0
1676,197,1,0,0
1676,9,2,0,2
1676,158,1,1,0
1676,101,1,1,0
1676,199,1,1,0
1676,143,1,1,0
1676,542,1,1,0
1676,175,1,0,0
1676,176,1,1,0
1677,148,1,1,0
1678,336,1,0,1
1679,171,1,1,0
1679,296,1,0,1
1680,327,1,1,0
1681,408,1,1,0
1682,246,1,1,0
1683,97,1,0,0
1683,310,1,0,1
1683,246,1,1,0
1683,81,1,0,1
1683,238,1,1,0
1684,179,1,0,1
1684,105,1,0,0
1685,30,1,0,0
1685,13,1,0,0
1685,84,1,1,0
1686,39,1,0,1
1687,143,1,1,0
1688,143,1,0,1
1689,143,1,0,0
1690,295,1,0,1
1690,674,1,0,0
1690,98,1,0,0
1690,1109,1,0,0
1690,430,1,0,0
1690,101,1,0,0
1691,374,1,1,0
1692,279,1,0,0
1693,334,1,0,0
1693,159,1,0,0
1693,381,1,1,0
1693,82,1,1,0
1693,158,1,1,0
1694,334,1,1,0
1695,347,1,1,0
1695,246,1,0,1
1696,471,1,1,0
1696,75,1,1,0
1696,19,1,1,0
1697,471,1,0,0
1697,310,1,1,0
1697,53,1,1,0
1697,170,1,0,0
1697,179,1,0,1
1697,609,1,1,0
1698,471,1,0,1
1698,25,1,0,0
1699,25,1,1,0
1700,445,1,0,1
1700,25,1,1,0
1700,171,1,0,1
1700,197,1,1,0
1701,445,1,0,1
1701,105,1,1,0
1702,445,1,1,0
1703,470,1,1,0
1704,652,1,1,0
1705,207,1,1,0
1705,52,2,1,1
1706,410,1,0,1
1707,410,1,1,0
1708,410,1,1,0
1709,461,1,0,1
1709,23,1,0,0
1710,390,1,0,0
1710,256,1,1,0
1710,31,1,0,1
1710,143,1,1,0
1710,646,1,0,0
1710,692,1,0,1
1711,619,1,0,0
1712,659,1,1,0
1712,312,1,0,1
1712,294,1,0,0
1713,496,1,1,0
1713,170,1,1,0
1714,667,1,1,0
1714,395,1,1,0
1714,23,1,1,0
1715,667,1,1,0
1716,362,1,1,0
1717,1717,1,1,0
1717,912,2,1,1
1718,1718,9,0,6
1718,1717,1,0,1
1718,277,1,0,1
1718,361,1,1,0
1718,105,1,0,0
1719,462,1,1,0
1720,684,1,0,0
1720,77,1,0,0
1720,692,1,1,0
1721,87,1,0,0
1722,101,1,1,0
1723,101,1,0,1
1724,137,1,0,1
1725,137,1,0,1
1726,208,1,0,1
1726,85,1,1,0
1727,208,1,1,0
1728,208,1,0,0
1728,18,1,0,1
1728,87,1,0,0
1728,19,2,1,0
1728,432,1,0,0
1728,16,1,0,0
1728,706,1,0,0
1728,336,1,1,0
1728,218,1,0,1
1728,310,1,0,0
1728,259,1,0,0
1728,171,1,0,0
1728,318,1,0,1
1728,415,1,0,0
1728,159,1,0,0
1729,84,1,0,1
1729,121,1,1,0
1729,1195,1,1,0
1729,300,1,0,1
1729,281,1,1,0
1729,280,1,1,0
1729,55,1,1,0
1730,300,1,0,0
1731,82,1,0,0
1731,60,1,1,0
1731,143,1,0,0
1731,430,1,0,0
1731,147,1,1,0
1731,199,1,0,0
1732,277,1,1,0
1732,419,1,1,0
1732,60,1,0,1
1732,88,1,1,0
1733,9,1,1,0
1733,12,1,1,0
1734,80,1,1,0
1735,98,1,1,0
1736,55,1,1,0
1737,419,1,1,0
1737,430,1,0,1
1737,82,1,1,0
1737,170,1,0,0
1737,77,1,1,0
1737,341,1,1,0
1737,513,1,0,0
1737,51,1,0,0
1738,419,1,0,1
1738,83,1,0,1
1738,1203,1,1,0
1738,156,1,1,0
1738,240,1,1,0
1739,419,1,1,0
1740,59,1,1,0
1740,148,1,1,0
1741,59,1,1,0
1742,57,1,1,0
1743,121,1,1,0
1743,854,1,1,0
1744,256,1,0,0
1744,25,1,0,0
1744,13,1,1,0
1744,234,1,1,0
1744,318,1,0,0
1745,199,1,1,0
1745,143,1,1,0
1745,777,1,0,0
1745,7,1,1,0
1746,199,1,0,0
1746,22,1,1,0
1746,176,1,0,0
1747,199,1,0,1
1747,85,1,0,1
1747,339,1,1,0
1747,80,1,1,0
1747,415,1,1,0
1748,246,1,1,0
1749,246,1,1,0
1749,23,1,0,1
1749,74,2,2,0
1749,234,2,0,1
1749,301,1,1,0
1749,948,2,0,2
1750,179,1,1,0
1751,402,1,1,0
1752,143,1,1,0
1753,143,1,0,1
1754,652,2,1,1
1755,511,1,1,0
1755,294,1,1,0
1755,101,2,1,0
1755,238,1,0,0
1755,159,1,0,0
1755,88,1,0,0
1756,415,1,0,0
1756,53,1,1,0
1757,415,1,0,0
1757,76,1,1,0
1757,19,1,1,0
1757,144,1,0,0
1757,304,1,0,0
1757,399,1,0,0
1758,24,1,1,0
1758,40,1,1,0
1759,304,1,0,0
1759,310,1,0,1
1759,32,1,1,0
1760,84,1,0,0
1761,379,1,1,0
1762,74,1,1,0
1762,101,1,1,0
1762,541,1,0,0
1763,379,1,1,0
1763,646,1,0,0
1764,36,1,1,0
1764,115,1,1,0
1764,216,1,0,0
1764,176,2,1,1
1764,646,2,0,2
1764,258,1,0,0
1764,53,1,0,1
1765,197,1,1,0
1765,294,1,0,0
1766,88,1,1,0
1767,216,1,0,1
1768,216,1,1,0
1769,272,1,0,1
1769,2,1,0,1
1769,144,1,0,1
1770,121,1,1,0
1771,432,1,0,0
1772,492,1,1,0
1772,28,1,1,0
1773,148,1,1,0
1773,311,1,1,0
1773,121,1,1,0
1774,148,1,0,1
1774,171,1,0,0
1774,741,1,0,1
1774,901,1,0,1
1775,200,1,0,0
1775,339,1,0,0
1775,171,1,0,0
1775,294,1,0,0
1776,109,1,0,0
1776,56,1,1,0
1776,379,1,0,0
1776,28,1,0,0
1776,340,1,1,0
1777,1423,1,1,0
1777,51,1,1,0
1777,413,1,1,0
1777,341,1,1,0
1778,170,1,0,0
1779,170,1,1,0
1779,123,1,0,0
1779,231,1,1,0
1780,299,1,1,0
1780,706,1,0,0
1780,320,1,0,0
1780,59,1,0,1
1781,324,1,0,0
1781,1267,2,2,0
1782,314,1,1,0
1783,87,1,1,0
1783,7,1,0,1
1784,101,1,1,0
1784,408,1,1,0
1785,28,1,1,0
1786,17,1,1,0
1786,147,1,1,0
1787,104,1,1,0
1788,104,1,1,0
1788,678,1,1,0
1788,310,1,1,0
1788,25,1,0,1
1788,60,1,1,0
1789,105,1,1,0
1790,105,1,1,0
1791,238,2,1,1
1791,115,1,1,0
1791,14,1,1,0
1791,147,1,1,0
1791,347,1,1,0
1791,105,2,1,0
1791,20,1,1,0
1791,11,1,0,1
1791,19,1,0,1
1791,144,1,0,1
1792,147,1,1,0
1792,294,2,1,1
1792,21,1,0,1
1792,169,1,1,0
1793,159,1,0,1
1793,34,1,0,0
1793,57,1,1,0
1794,159,1,0,1
1795,300,1,1,0
1795,294,1,1,0
1795,40,1,0,0
1796,144,1,1,0
1797,144,1,1,0
1798,77,1,0,0
1798,396,1,1,0
1798,277,1,1,0
1798,410,2,1,1
1798,673,1,0,1
1798,98,1,1,0
1798,87,1,0,0
1798,339,1,0,1
1798,30,1,0,0
1798,199,1,0,1
1798,144,1,0,0
1799,93,1,1,0
1800,59,1,1,0
1800,2526,2,1,0
1801,19,1,0,0
1801,167,1,0,0
1801,200,1,0,0
1802,554,1,0,0
1803,554,1,1,0
1804,158,1,1,0
1805,147,1,0,1
1806,200,1,1,0
1807,467,1,0,0
1808,661,1,0,0
1808,374,1,0,1
1808,301,1,1,0
1808,396,1,1,0
1808,149,1,1,0
1809,678,1,1,0
1809,170,1,0,1
1809,75,1,0,0
1809,36,1,1,0
1809,171,1,1,0
1809,415,1,0,0
1809,277,1,0,0
1809,381,1,1,0
1809,598,1,0,0
1809,26,2,1,0
1809,56,1,0,1
1809,431,1,1,0
1809,2203,1,1,0
1809,1357,1,1,0
1809,25,1,1,0
1809,176,1,1,0
1810,678,1,1,0
1811,7,1,1,0
1811,339,1,0,0
1811,9,1,0,0
1811,1811,2,2,0
1811,36,1,0,0
1812,7,1,1,0
1812,23,1,1,0
1812,77,1,1,0
1812,51,1,1,0
1812,13,1,1,0
1813,103,1,0,1
1813,498,1,0,1
1814,98,1,1,0
1815,419,1,0,0
1815,87,1,1,0
1815,97,1,1,0
1816,419,1,1,0
1817,512,1,0,0
1818,158,1,1,0
1818,431,1,1,0
1819,143,1,0,1
1820,431,1,0,0
1820,1362,1,0,1
1821,621,2,2,0
1821,148,1,0,1
1821,256,1,1,0
1821,638,1,0,1
1821,222,1,0,1
1821,579,1,1,0
1821,208,1,1,0
1821,498,1,0,0
1822,340,1,1,0
1822,1,1,0,0
1822,30,1,1,0
1822,84,1,1,0
1823,137,1,1,0
1823,399,1,0,1
1823,652,1,1,0
1824,137,1,1,0
1824,258,1,1,0
1824,609,1,0,1
1825,624,1,1,0
1826,101,1,1,0
1826,2,1,1,0
1826,105,1,1,0
1827,123,1,1,0
1827,419,1,1,0
1828,149,1,1,0
1829,304,1,0,0
1829,695,1,1,0
1830,339,1,1,0
1831,74,1,1,0
1831,310,1,0,0
1831,609,1,1,0
1831,58,1,1,0
1831,51,1,1,0
1831,7,1,1,0
1832,360,1,1,0
1833,281,1,1,0
1834,358,1,0,0
1835,55,1,1,0
1835,22,1,1,0
1836,57,1,1,0
1837,432,1,1,0
1838,19,1,1,0
1838,240,1,1,0
1839,341,1,0,0
1839,296,1,0,0
1839,277,1,1,0
1839,675,1,0,0
1839,199,1,0,0
1839,734,1,0,0
1840,37,1,1,0
1841,492,1,1,0
1841,88,1,1,0
1841,334,1,1,0
1841,439,1,1,0
1842,492,1,0,1
1843,512,1,0,0
1843,159,1,1,0
1843,175,1,1,0
1843,170,1,0,1
1843,143,1,0,1
1843,230,1,0,0
1844,399,1,1,0
1844,381,1,1,0
1844,30,1,0,0
1844,661,1,1,0
1845,426,1,1,0
1846,554,1,0,0
1846,259,1,0,0
1847,246,1,1,0
1847,87,1,1,0
1847,692,1,1,0
1847,347,1,0,1
1848,294,1,1,0
1849,471,1,1,0
1849,296,1,1,0
1849,327,3,2,0
1850,170,1,1,0
1851,439,1,1,0
1851,300,1,0,1
1851,878,1,0,0
1851,158,1,0,0
1851,854,1,0,0
1851,318,1,1,0
1851,692,1,0,0
1851,646,1,0,0
1851,2360,1,0,0
1851,695,1,0,1
1851,297,1,1,0
1852,324,1,1,0
1852,24,1,1,0
1853,280,1,1,0
1854,667,1,1,0
1855,362,1,1,0
1856,340,1,0,0
1857,1,1,0,1
1857,207,1,0,1
1857,39,1,0,1
1857,170,1,0,0
1858,1,1,1,0
1858,57,2,1,1
1858,23,1,0,1
1859,81,1,1,0
1859,78,1,0,0
1859,19,1,0,1
1859,101,2,2,0
1859,77,1,1,0
1859,333,1,0,1
1859,282,1,0,0
1859,11,1,1,0
1859,97,1,0,1
1859,179,1,0,0
1859,24,1,1,0
1859,17,1,1,0
1859,51,1,1,0
1859,196,1,1,0
1859,88,1,0,0
1859,83,1,0,0
1859,53,2,0,1
1859,156,1,0,1
1859,399,1,0,0
1859,58,1,1,0
1859,15,1,1,0
1859,2,1,0,0
1859,13,1,1,0
1859,157,2,2,0
1859,34,2,0,2
1859,123,2,1,0
1859,56,2,0,2
1859,20,1,0,1
1860,87,1,1,0
1860,21,1,1,0
1860,184,1,1,0
1860,24,1,1,0
1860,8,1,1,0
1860,1,1,1,0
1860,81,1,1,0
1860,218,1,1,0
1860,86,1,1,0
1860,277,1,1,0
1860,341,1,0,0
1860,159,1,1,0
1861,87,1,0,1
1862,494,1,1,0
1863,36,1,1,0
1863,494,1,1,0
1863,60,1,1,0
1863,2,1,1,0
1863,20,1,1,0
1863,137,1,0,1
1863,101,1,1,0
1864,419,1,0,0
1864,143,1,1,0
1864,1865,1,1,0
1865,76,1,1,0
1865,277,1,0,0
1865,358,1,0,0
1865,327,1,1,0
1865,301,1,0,1
1865,294,1,0,1
1865,230,1,1,0
1865,321,1,0,0
1865,198,1,0,0
1865,376,1,0,0
1865,240,1,0,1
1866,15,1,1,0
1867,81,1,1,0
1868,101,1,0,1
1868,179,1,0,0
1868,176,1,1,0
1869,327,1,0,1
1870,238,1,1,0
1871,360,1,1,0
1871,107,1,0,1
1871,146,1,1,0
1871,471,1,0,1
1872,8,1,1,0
1872,36,1,1,0
1872,33,1,1,0
1872,684,1,0,0
1872,18,1,0,1
1872,215,1,1,0
1872,2308,3,2,1
1872,2946,1,1,0
1873,103,1,0,0
1874,21,1,0,1
1875,333,1,1,0
1876,19,1,1,0
1876,196,1,1,0
1876,619,1,1,0
1876,498,1,1,0
1877,146,1,1,0
1877,17,1,1,0
1877,143,1,1,0
1877,234,1,1,0
1877,51,1,0,1
1877,196,1,0,1
1877,197,1,1,0
1877,18,1,0,1
1877,13,1,1,0
1877,123,1,1,0
1877,157,1,0,1
1878,494,1,0,1
1878,58,2,1,1
1879,97,1,1,0
1879,918,1,0,1
1879,256,1,1,0
1880,402,1,1,0
1880,734,1,1,0
1881,374,1,1,0
1882,279,1,0,0
1883,347,1,1,0
1884,912,2,2,0
1885,508,1,1,0
1886,461,1,1,0
1886,397,1,0,0
1886,374,1,1,0
1886,87,1,0,1
1886,137,1,0,1
1887,621,5,2,2
1887,512,1,1,0
1887,272,1,0,0
1887,139,1,0,0
1887,105,1,0,0
1888,621,1,0,0
1888,685,1,1,0
1888,419,1,1,0
1888,304,1,0,0
1888,171,1,0,1
1888,663,2,0,2
1888,39,1,0,1
1889,674,1,1,0
1889,32,1,1,0
1890,675,1,0,1
1890,36,1,1,0
1890,78,1,1,0
1890,716,1,0,1
1890,2534,1,0,1
1890,781,1,1,0
1891,1102,1,1,0
1891,215,1,0,1
1891,310,1,0,1
1891,619,1,0,1
1891,175,1,0,1
1891,498,1,0,1
1891,106,1,0,0
1891,513,1,0,1
1891,230,1,0,1
1891,2639,1,1,0
1891,380,1,0,1
1891,579,1,0,1
1891,674,1,1,0
1891,319,1,0,1
1891,1718,1,0,1
1891,684,1,0,1
1891,1109,1,0,1
1891,1149,1,0,0
1892,1102,2,1,1
1892,933,1,0,1
1893,1102,1,1,0
1893,621,1,0,0
1893,684,1,1,0
1893,222,1,0,1
1894,1102,1,1,0
1894,281,1,0,0
1894,815,1,0,1
1894,1119,1,1,0
1894,1894,2,0,2
1895,1895,20,9,8
1895,59,1,1,0
1896,51,1,1,0
1896,78,1,0,1
1897,33,1,1,0
1897,105,1,1,0
1897,317,1,1,0
1897,143,1,0,1
1897,397,1,0,0
1897,256,1,1,0
1897,98,1,1,0
1898,1,1,1,0
1898,40,1,1,0
1898,1236,1,1,0
1898,200,1,1,0
1898,30,1,1,0
1899,13,1,1,0
1899,930,1,1,0
1899,560,1,1,0
1899,9,1,0,1
1899,508,1,1,0
1899,609,2,2,0
1899,381,2,1,1
1899,143,1,1,0
1899,408,1,1,0
1900,419,1,1,0
1901,101,1,1,0
1901,659,1,1,0
1901,28,1,1,0
1902,101,1,1,0
1902,300,1,1,0
1903,101,1,1,0
1904,28,2,2,0
1904,218,1,1,0
1905,28,1,1,0
1905,156,1,1,0
1906,17,1,0,0
1906,200,1,0,1
1907,26,1,1,0
1908,59,1,1,0
1909,238,1,1,0
1910,498,1,1,0
1911,159,1,1,0
1912,339,1,1,0
1913,74,1,1,0
1913,75,1,1,0
1913,84,1,1,0
1913,76,1,1,0
1913,20,1,1,0
1913,179,1,0,0
1914,144,1,0,0
1915,294,1,1,0
1916,360,1,0,1
1917,36,1,1,0
1917,143,1,1,0
1918,77,1,1,0
1918,58,1,1,0
1918,84,1,1,0
1919,77,1,1,0
1919,624,1,1,0
1920,197,1,1,0
1921,430,1,1,0
1921,317,1,0,0
1922,430,1,1,0
1922,327,1,0,1
1922,23,1,0,1
1922,53,1,1,0
1923,156,1,1,0
1924,59,1,1,0
1925,59,1,1,0
1926,11,1,0,1
1926,20,1,1,0
1927,121,1,1,0
1928,256,1,1,0
1928,123,1,1,0
1928,336,1,1,0
1928,430,2,1,1
1928,673,1,1,0
1928,17,1,0,1
1928,145,1,1,0
1928,663,1,0,1
1928,115,1,0,1
1928,579,1,0,1
1928,554,1,0,0
1928,396,1,0,1
1929,58,1,0,1
1930,58,1,1,0
1931,146,1,1,0
1931,215,1,0,1
1932,215,1,0,0
1933,234,1,1,0
1934,0,1,0,1
1935,40,1,1,0
1935,333,1,0,0
1935,37,1,1,0
1935,184,1,0,1
1935,179,1,0,0
1936,40,1,1,0
1937,426,1,1,0
1937,584,1,1,0
1937,541,1,1,0
1937,1195,1,1,0
1937,293,1,1,0
1938,240,1,1,0
1939,408,1,1,0
1939,23,1,1,0
1939,256,1,0,0
1939,652,1,0,0
1940,246,1,1,0
1941,106,1,1,0
1942,31,1,0,1
1943,31,1,1,0
1944,297,1,1,0
1944,109,1,1,0
1945,431,1,0,0
1946,374,1,1,0
1947,139,1,1,0
1947,179,1,1,0
1947,171,1,0,0
1947,1149,1,0,0
1948,652,1,0,0
1948,98,1,0,0
1949,461,1,1,0
1949,312,1,1,0
1949,7,1,1,0
1949,678,1,0,1
1949,215,1,0,0
1949,699,1,0,0
1949,23,1,0,1
1949,30,1,1,0
1949,176,1,1,0
1950,222,1,0,0
1951,673,1,1,0
1952,87,1,1,0
1953,17,1,1,0
1953,21,1,0,1
1953,145,1,0,1
1953,158,1,1,0
1954,208,1,1,0
1955,159,1,1,0
1955,176,1,1,0
1956,379,1,1,0
1956,103,1,1,0
1956,215,1,0,0
1956,18,1,1,0
1956,156,1,0,1
1956,13,1,0,1
1956,123,1,0,1
1957,301,1,1,0
1958,667,1,0,0
1959,1355,1,0,0
1959,296,2,1,1
1959,32,1,0,0
1959,175,1,1,0
1959,30,1,0,1
1959,431,1,1,0
1959,53,1,1,0
1959,118,1,0,1
1959,218,1,1,0
1959,216,1,1,0
1959,439,1,0,1
1959,659,1,1,0
1960,87,1,0,0
1961,23,1,1,0
1962,28,1,1,0
1963,104,1,1,0
1963,21,1,0,1
1964,300,1,1,0
1965,144,1,1,0
1965,80,1,1,0
1966,358,1,1,0
1966,431,1,1,0
1966,30,1,1,0
1967,358,1,1,0
1967,278,1,1,0
1967,9,1,0,1
1968,77,1,0,1
1968,171,1,0,0
1969,77,1,1,0
1970,12,1,1,0
1971,492,1,1,0
1972,492,1,1,0
1972,933,1,0,1
1973,431,1,0,0
1974,334,1,1,0
1975,511,1,1,0
1976,511,1,1,0
1976,258,1,0,1
1977,22,1,0,0
1977,580,1,1,0
1978,619,1,1,0
1978,88,1,1,0
1979,653,1,1,0
1980,17,1,1,0
1980,31,1,0,1
1980,156,1,0,0
1980,57,1,0,1
1981,18,1,1,0
1982,339,1,1,0
1983,339,1,1,0
1984,74,1,0,0
1984,659,1,0,0
1984,216,1,0,0
1984,101,1,0,0
1985,74,1,1,0
1986,169,1,1,0
1987,156,1,0,1
1987,198,1,1,0
1987,300,1,1,0
1988,75,1,0,0
1989,149,1,1,0
1990,523,1,1,0
1991,240,1,1,0
1991,17,1,1,0
1991,148,1,0,1
1991,51,1,0,1
1991,121,1,0,0
1991,74,1,0,0
1991,159,1,0,0
1992,240,1,1,0
1992,1272,1,0,0
1992,199,1,1,0
1993,240,1,1,0
1994,318,1,0,1
1994,21,1,1,0
1995,31,1,1,0
1996,184,1,0,0
1997,258,1,1,0
1998,280,1,1,0
1999,61,2,1,1
1999,7,1,1,0
1999,137,1,1,0
1999,21,2,2,0
1999,16,1,1,0
1999,445,1,1,0
1999,196,1,1,0
1999,175,1,1,0
1999,20,1,0,1
1999,51,1,0,1
1999,24,1,1,0
1999,199,1,0,1
1999,1021,2,0,1
1999,1046,1,1,0
1999,59,1,1,0
1999,9,1,1,0
1999,2861,1,0,1
2000,51,1,1,0
2000,104,1,0,1
2000,105,1,1,0
2000,432,1,0,1
2000,415,1,1,0
2001,87,1,0,0
2002,87,1,0,1
2002,238,1,1,0
2003,7,1,1,0
2003,792,1,1,0
2003,22,1,1,0
2004,358,1,0,1
2004,25,1,0,1
2004,107,1,1,0
2005,300,1,1,0
2005,77,1,0,1
2005,259,1,1,0
2006,144,1,0,1
2006,1195,1,1,0
2006,408,1,0,1
2007,281,2,0,2
2007,22,1,0,1
2008,358,1,1,0
2009,358,1,0,1
2010,60,1,1,0
2011,60,1,0,1
2012,57,1,0,1
2013,11,1,1,0
2014,40,1,1,0
2015,15,1,0,1
2016,81,1,1,0
2017,101,1,0,0
2017,7,1,0,0
2017,21,1,1,0
2018,101,1,1,0
2019,123,1,1,0
2019,492,1,0,0
2019,324,1,0,0
2019,76,1,1,0
2020,281,1,0,1
2020,734,1,1,0
2020,34,1,1,0
2021,358,1,0,0
2022,98,1,1,0
2022,854,1,0,1
2023,98,1,1,0
2023,256,1,1,0
2023,584,1,0,1
2024,36,1,1,0
2024,82,1,0,0
2024,280,1,1,0
2024,121,1,1,0
2024,297,1,1,0
2024,53,1,1,0
2025,1195,1,1,0
2026,333,1,1,0
2027,60,1,1,0
2027,104,2,2,0
2027,673,1,0,0
2027,139,3,1,0
2027,25,1,0,1
2028,121,1,0,0
2029,145,1,1,0
2030,106,1,1,0
2030,51,1,1,0
2030,20,1,1,0
2030,925,1,0,1
2031,39,1,1,0
2031,25,1,0,1
2031,143,1,1,0
2032,207,1,1,0
2033,461,1,1,0
2034,461,1,0,0
2035,619,1,1,0
2035,36,1,1,0
2035,78,1,1,0
2035,246,1,1,0
2036,542,1,0,0
2037,310,1,0,0
2038,395,1,0,0
2038,171,1,0,0
2038,300,1,0,0
2039,395,1,1,0
2040,395,1,1,0
2041,413,1,0,1
2042,52,1,1,0
2043,334,1,0,0
2044,439,1,1,0
2045,461,2,1,0
2045,176,1,0,1
2045,57,1,0,1
2045,854,1,0,1
2045,23,1,1,0
2046,179,1,0,1
2046,280,1,1,0
2046,51,1,1,0
2046,59,1,0,0
2046,148,1,0,1
2047,179,2,2,0
2047,149,1,0,1
2047,637,2,1,1
2047,317,1,0,1
2047,281,1,0,1
2048,39,1,1,0
2049,663,1,1,0
2049,661,1,0,1
2049,230,1,1,0
2049,1133,2,0,1
2049,106,1,0,1
2049,231,1,0,1
2049,25,1,0,1
2050,238,1,0,0
2051,310,1,0,0
2051,26,1,1,0
2051,118,1,0,0
2051,18,1,1,0
2051,156,2,1,1
2051,168,1,0,1
2051,75,1,0,1
2052,272,1,1,0
2052,78,1,1,0
2052,159,1,1,0
2053,19,1,1,0
2053,81,1,1,0
2054,146,1,0,0
2055,52,1,1,0
2055,168,1,1,0
2056,408,1,1,0
2057,246,1,1,0
2057,30,1,0,1
2058,334,1,1,0
2058,700,1,1,0
2059,334,1,1,0
2060,397,1,1,0
2060,402,1,0,0
2060,256,1,0,0
2060,674,1,0,1
2061,196,1,1,0
2062,84,1,1,0
2063,360,1,1,0
2064,294,1,1,0
2065,399,3,2,0
2065,494,1,1,0
2065,170,3,1,1
2065,413,1,0,1
2065,137,1,1,0
2066,171,1,0,1
2066,579,1,1,0
2066,2935,1,1,0
2067,179,1,1,0
2068,380,1,1,0
2069,380,1,1,0
2069,360,1,0,1
2070,238,1,0,1
2070,231,1,0,1
2071,103,1,1,0
2071,318,1,0,1
2072,36,1,1,0
2072,75,1,0,1
2072,2639,1,0,1
2072,295,1,1,0
2073,19,1,1,0
2074,461,1,1,0
2075,461,1,0,0
2076,619,4,3,1
2076,171,2,1,1
2076,51,1,0,1
2076,216,4,2,1
2076,831,1,0,1
2076,31,6,0,6
2076,109,1,0,1
2076,170,1,0,1
2077,661,1,0,1
2077,659,1,0,1
2077,1147,1,1,0
2077,230,1,1,0
2077,2308,1,1,0
2078,51,1,1,0
2079,17,1,0,1
2079,36,1,1,0
2079,471,1,0,1
2080,26,1,1,0
2080,83,1,0,0
2080,51,1,1,0
2080,280,1,1,0
2080,17,1,1,0
2080,16,1,0,0
2080,34,1,0,0
2080,23,1,0,1
2080,53,1,1,0
2081,107,1,1,0
2082,107,1,1,0
2082,144,1,0,1
2083,60,1,0,0
2083,246,1,0,1
2083,22,1,1,0
2083,2,1,1,0
2083,21,1,1,0
2083,207,1,1,0
2084,76,1,1,0
2084,439,1,0,0
2085,145,1,1,0
2086,399,1,1,0
2087,179,1,1,0
2088,179,1,1,0
2089,619,1,1,0
2089,31,1,1,0
2089,349,1,0,1
2089,415,1,1,0
2089,358,1,0,0
2089,216,1,0,1
2089,0,1,0,1
2089,534,3,0,2
2089,2089,3,0,3
2089,40,1,0,1
2089,320,1,0,1
2089,52,1,0,0
2089,399,1,0,1
2089,240,1,1,0
2089,327,1,1,0
2089,301,1,0,1
2089,1272,1,0,0
2089,170,1,1,0
2089,930,1,1,0
2090,542,1,1,0
2091,51,1,1,0
2091,256,1,0,0
2091,199,1,0,1
2091,1109,1,0,1
2092,419,1,0,0
2092,148,1,0,1
2092,149,1,1,0
2092,431,1,1,0
2092,105,1,0,0
2093,87,1,1,0
2094,87,1,0,1
2095,23,1,1,0
2096,23,1,1,0
2097,28,1,1,0
2098,28,1,1,0
2099,28,1,0,1
2100,34,1,1,0
2101,17,1,1,0
2102,147,1,1,0
2102,772,1,1,0
2103,159,1,1,0
2103,770,1,0,0
2104,9,2,0,1
2104,175,4,1,2
2104,281,1,1,0
2104,101,1,0,0
2104,105,1,0,0
2104,238,2,0,1
2104,8,1,0,1
2104,432,1,1,0
2104,30,2,0,1
2104,25,2,1,1
2104,231,1,0,0
2104,56,1,1,0
2104,144,1,0,0
2104,57,1,0,0
2105,61,1,0,1
2105,706,1,0,1
2105,734,1,0,1
2105,281,1,1,0
2105,419,1,1,0
2105,207,1,1,0
2105,716,2,1,1
2105,156,1,1,0
2106,281,1,0,0
2106,706,1,0,0
2106,523,1,0,0
2106,170,1,0,0
2106,159,1,0,0
2106,781,1,0,0
2106,359,1,0,0
2106,23,1,0,0
2106,56,1,0,0
2107,281,1,1,0
2108,77,2,2,0
2109,77,2,1,1
2109,121,1,1,0
2109,148,1,1,0
2109,51,1,0,0
2110,77,1,0,1
2111,55,1,0,0
2111,143,1,0,1
2111,97,1,0,0
2112,419,1,0,1
2113,60,1,1,0
2114,56,1,0,0
2114,147,1,1,0
2115,56,1,0,0
2115,17,1,0,0
2115,59,1,0,0
2115,58,1,0,0
2115,171,1,1,0
2116,56,1,0,0
2116,296,1,0,1
2116,215,1,0,1
2116,61,1,0,0
2116,281,1,1,0
2116,16,2,1,1
2116,692,1,0,0
2116,88,1,0,0
2117,816,1,0,1
2118,52,1,0,0
2118,281,1,0,0
2118,58,1,0,0
2118,25,1,1,0
2119,16,1,0,1
2119,706,1,1,0
2119,381,1,1,0
2119,467,1,1,0
2120,16,1,0,1
2121,75,1,1,0
2121,772,1,1,0
2121,77,1,1,0
2122,75,1,0,0
2123,399,1,0,1
2123,156,1,0,1
2124,148,1,0,0
2124,295,1,0,0
2125,148,2,2,0
2125,692,1,0,0
2125,77,1,0,0
2125,170,1,0,0
2126,336,1,1,0
2126,156,1,1,0
2126,925,1,0,1
2126,16,1,0,0
2127,336,1,0,1
2127,374,1,1,0
2128,336,1,1,0
2128,159,2,1,0
2128,144,1,1,0
2128,692,1,0,1
2129,336,1,0,0
2129,176,1,0,1
2129,158,1,0,1
2129,609,1,0,0
2130,336,1,1,0
2130,854,1,0,1
2130,85,1,0,1
2130,53,1,1,0
2131,741,1,0,0
2131,706,1,0,1
2131,83,1,0,0
2131,199,1,0,0
2131,318,1,0,1
2131,508,1,0,0
2131,646,1,0,1
2132,554,1,1,0
2133,97,1,1,0
2133,816,1,1,0
2133,294,1,1,0
2133,61,1,0,0
2133,31,1,0,1
2133,246,1,1,0
2134,158,1,0,1
2135,781,1,0,1
2136,781,1,0,0
2137,179,1,1,0
2137,31,1,0,1
2138,179,1,1,0
2139,200,1,0,0
2139,159,1,1,0
2139,101,1,1,0
2140,200,1,1,0
2141,200,1,1,0
2142,318,1,0,1
2142,646,1,0,1
2142,12,1,1,0
2142,97,1,1,0
2143,31,1,1,0
2144,31,1,1,0
2145,816,1,1,0
2146,467,1,0,1
2146,171,1,1,0
2146,695,1,1,0
2147,467,1,0,1
2148,296,1,1,0
2148,218,1,1,0
2148,171,1,0,0
2149,296,2,0,0
2150,296,1,0,0
2151,296,1,1,0
2152,170,1,1,0
2152,310,1,0,0
2153,170,1,1,0
2153,32,1,0,1
2153,25,1,0,0
2154,930,1,0,0
2154,156,1,0,0
2155,930,1,1,0
2155,53,1,1,0
2155,560,1,0,1
2155,327,1,0,0
2156,207,2,0,0
2156,106,1,1,0
2157,258,1,0,0
2158,854,1,0,0
2158,199,1,0,1
2159,854,1,0,0
2159,419,1,0,0
2159,706,1,0,0
2159,36,1,1,0
2159,688,1,1,0
2159,716,1,0,0
2159,26,2,0,0
2159,87,1,1,0
2159,75,1,0,0
2159,646,1,0,0
2159,77,1,0,0
2159,318,1,0,1
2159,381,1,1,0
2159,297,1,1,0
2159,930,1,0,0
2160,854,1,1,0
2161,168,1,1,0
2162,831,1,1,0
2162,792,1,0,1
2162,294,1,0,1
2162,207,1,0,1
2163,1127,1,1,0
2164,1109,1,1,0
2165,1109,1,1,0
2166,1267,1,1,0
2167,1267,1,1,0
2167,105,1,1,0
2167,925,1,0,0
2168,652,1,1,0
2169,663,1,1,0
2169,230,2,0,1
2169,2169,1,1,0
2169,734,1,0,1
2169,380,1,1,0
2170,7,1,1,0
2171,39,1,1,0
2171,918,1,0,1
2171,2171,2,0,2
2171,84,1,0,1
2171,361,1,0,0
2171,103,1,1,0
2171,608,2,0,2
2172,103,1,1,0
2172,88,1,0,1
2172,431,1,0,0
2173,21,1,1,0
2174,170,1,0,0
2174,207,1,0,1
2175,678,1,1,0
2176,23,1,1,0
2176,28,1,0,1
2177,7,1,1,0
2177,19,2,2,0
2177,58,1,1,0
2178,14,1,1,0
2178,11,1,1,0
2178,652,1,1,0
2179,208,1,1,0
2180,144,1,1,0
2180,16,1,1,0
2180,2,1,0,1
2180,272,1,0,0
2181,360,1,0,1
2181,159,1,0,1
2182,256,1,1,0
2183,19,2,2,0
2183,197,1,1,0
2183,678,1,1,0
2184,58,1,1,0
2185,246,1,1,0
2186,246,1,1,0
2187,106,2,1,1
2187,673,1,0,0
2188,176,1,1,0
2189,361,1,0,1
2190,359,1,1,0
2191,673,1,1,0
2192,310,1,0,1
2192,197,1,0,1
2192,75,1,0,1
2193,320,1,1,0
2193,82,1,1,0
2194,33,1,1,0
2194,659,1,0,0
2194,684,1,0,1
2194,299,2,2,0
2194,2526,2,2,0
2194,429,2,2,0
2194,508,1,0,1
2194,86,1,0,1
2194,700,1,1,0
2194,2956,1,1,0
2194,83,1,0,0
2194,84,1,1,0
2195,379,1,0,0
2196,83,1,0,1
2196,8,1,0,1
2196,75,1,1,0
2196,16,1,1,0
2197,272,1,0,0
2197,240,1,1,0
2197,624,1,1,0
2197,19,1,0,0
2198,147,1,0,1
2199,580,1,0,1
2200,15,1,0,1
2201,1362,1,1,0
2202,772,1,1,0
2202,925,1,1,0
2203,23,1,1,0
2203,25,1,0,1
2203,16,1,0,1
2203,2203,13,7,6
2203,144,1,1,0
2203,24,1,1,0
2203,137,1,1,0
2203,56,1,1,0
2203,179,2,1,0
2203,31,2,2,0
2203,534,5,3,2
2203,295,1,1,0
2203,207,1,1,0
2203,2526,3,2,1
2203,1119,4,3,0
2203,2855,1,1,0
2203,2820,1,0,1
2203,13,4,2,2
2203,218,4,3,1
2203,61,2,1,1
2203,523,1,1,0
2203,467,3,2,1
2203,86,1,1,0
2203,666,4,2,2
2203,340,2,0,2
2203,2296,1,0,0
2203,2328,1,1,0
2203,2929,2,1,1
2203,2935,3,1,1
2203,2956,1,1,0
2203,83,1,1,0
2204,17,1,0,1
2205,17,1,1,0
2206,17,1,1,0
2207,26,1,1,0
2207,83,1,0,1
2207,207,1,0,1
2208,218,1,0,1
2208,8,1,1,0
2209,218,1,1,0
2210,218,1,0,0
2210,143,1,0,1
2210,18,1,0,1
2211,317,1,1,0
2212,317,1,0,1
2212,9,1,0,1
2212,84,1,0,1
2212,21,1,0,1
2212,144,1,1,0
2213,779,1,1,0
2214,159,1,0,1
2214,706,1,0,1
2215,159,1,0,0
2215,432,1,1,0
2216,159,1,1,0
2217,9,1,0,0
2217,78,1,1,0
2217,26,1,0,1
2218,9,1,1,0
2219,175,1,0,0
2219,156,1,1,0
2219,716,1,0,0
2219,7,1,0,1
2220,281,1,0,1
2220,40,1,0,0
2220,523,1,1,0
2220,854,1,1,0
2220,159,1,0,0
2220,294,1,0,0
2221,77,1,1,0
2222,419,1,0,0
2222,74,1,1,0
2222,103,1,1,0
2222,318,1,1,0
2223,419,1,1,0
2223,53,1,0,0
2223,36,1,0,1
2224,197,2,0,1
2225,88,1,1,0
2226,256,1,0,0
2227,58,1,0,1
2227,59,1,1,0
2227,381,1,0,0
2227,218,1,0,0
2227,240,1,0,0
2227,646,1,0,0
2227,609,1,0,0
2228,215,1,1,0
2229,199,1,0,1
2230,199,1,0,0
2230,792,1,1,0
2230,103,1,0,0
2230,777,2,1,0
2231,148,1,1,0
2231,706,1,1,0
2232,145,1,0,0
2232,115,1,0,1
2232,171,1,0,0
2233,97,1,1,0
2233,1109,1,0,1
2233,28,1,1,0
2234,781,2,2,0
2234,294,1,1,0
2235,106,1,0,1
2235,207,1,0,1
2235,61,1,0,0
2235,53,1,0,1
2235,831,1,0,1
2235,318,1,0,1
2235,692,2,0,0
2235,609,1,0,1
2236,106,1,0,1
2236,381,1,0,1
2237,179,1,1,0
2238,850,1,1,0
2238,523,1,0,1
2238,318,1,1,0
2239,31,1,0,1
2239,87,1,1,0
2239,159,1,0,0
2239,77,1,0,0
2239,21,1,1,0
2239,402,1,0,1
2239,170,1,0,1
2239,280,1,0,1
2239,175,1,1,0
2239,523,1,0,1
2240,31,1,0,1
2240,706,2,0,1
2240,240,1,0,0
2240,399,1,0,0
2241,31,1,1,0
2241,12,1,1,0
2242,706,1,0,1
2242,646,1,1,0
2243,706,1,1,0
2243,430,1,1,0
2244,1109,1,0,0
2245,467,1,0,0
2246,207,1,1,0
2247,646,2,1,0
2248,925,1,0,1
2248,277,1,0,0
2248,143,1,1,0
2248,646,1,0,0
2248,381,1,0,1
2248,609,1,1,0
2249,381,1,0,0
2249,56,1,1,0
2250,381,2,0,1
2250,77,1,1,0
2250,145,1,0,1
2250,770,1,0,0
2250,781,1,1,0
2250,256,1,0,0
2251,381,1,0,0
2251,707,1,1,0
2251,734,1,0,1
2251,336,1,0,0
2251,256,1,1,0
2251,40,1,0,0
2251,158,1,0,0
2251,379,2,0,0
2252,293,1,1,0
2252,9,1,0,1
2252,318,1,1,0
2252,59,1,0,1
2253,688,1,1,0
2253,59,1,1,0
2253,301,1,0,1
2253,381,1,1,0
2254,692,1,1,0
2254,74,1,1,0
2254,199,1,0,1
2254,379,1,1,0
2255,692,1,0,0
2255,51,1,0,0
2255,258,1,1,0
2255,143,2,0,1
2255,508,1,0,0
2255,256,1,0,0
2255,17,2,1,0
2255,16,1,1,0
2255,8,1,0,0
2256,901,1,1,0
2256,933,1,1,0
2256,87,1,1,0
2256,419,1,0,1
2256,781,1,1,0
2256,831,1,1,0
2257,854,1,1,0
2257,336,1,1,0
2257,158,1,1,0
2258,854,1,0,0
2258,197,1,0,0
2258,184,1,1,0
2258,311,1,0,0
2258,279,1,0,0
2258,439,1,1,0
2258,200,1,0,0
2259,854,1,0,1
2259,171,1,0,1
2260,854,1,1,0
2261,854,1,0,1
2262,792,1,0,0
2262,207,1,0,0
2262,318,1,1,0
2263,32,1,1,0
2264,168,1,1,0
2264,85,1,0,1
2264,59,1,1,0
2264,930,1,0,1
2264,430,1,0,1
2264,515,1,0,0
2264,381,1,0,1
2265,699,1,0,0
2266,699,1,0,0
2266,31,1,0,0
2267,716,1,1,0
2268,716,1,0,0
2269,716,1,1,0
2270,1109,1,1,0
2271,1,1,1,0
2271,25,1,0,1
2271,2,1,1,0
2272,23,1,1,0
2273,159,1,1,0
2273,277,1,0,1
2273,311,1,0,0
2274,144,1,1,0
2274,168,1,0,1
2274,58,1,0,1
2274,1119,2,2,0
2275,277,1,1,0
2275,9,1,1,0
2276,379,2,1,1
2277,21,1,0,1
2277,115,1,1,0
2277,216,1,1,0
2277,158,1,0,0
2277,97,1,1,0
2277,9,1,0,1
2277,159,1,0,0
2277,57,1,0,0
2277,609,1,0,0
2277,349,1,0,1
2277,317,1,0,0
2277,30,1,0,0
2277,52,1,0,1
2277,277,1,1,0
2277,61,1,0,0
2277,777,1,0,0
2277,20,1,0,1
2278,512,1,1,0
2278,706,1,0,1
2278,432,1,0,0
2278,198,1,0,1
2278,159,1,1,0
2278,2526,1,0,1
2279,158,1,0,1
2280,30,1,0,1
2281,294,1,1,0
2282,912,1,0,1
2283,22,1,0,1
2283,21,1,1,0
2284,637,1,0,1
2284,659,1,0,1
2285,222,1,1,0
2286,380,1,0,0
2287,1276,1,1,0
2288,87,1,0,0
2289,17,2,2,0
2290,137,1,1,0
2290,56,1,0,1
2291,277,1,1,0
2291,87,1,0,1
2291,169,1,0,1
2291,347,1,0,1
2291,380,1,0,1
2291,230,1,0,1
2292,36,1,1,0
2293,36,2,1,1
2293,1127,1,0,1
2294,93,1,0,1
2295,156,1,0,1
2296,494,1,1,0
2296,380,1,0,0
2296,30,1,1,0
2296,1119,1,0,1
2296,2296,4,2,0
2297,16,1,1,0
2298,207,1,1,0
2299,157,1,0,1
2300,51,1,1,0
2300,56,1,0,0
2300,1251,1,0,0
2300,146,1,0,1
2301,81,1,1,0
2301,121,1,1,0
2301,122,1,0,0
2301,230,1,1,0
2301,386,1,1,0
2301,415,1,1,0
2301,362,1,1,0
2301,2301,2,2,0
2302,23,1,1,0
2302,28,1,0,1
2302,17,2,1,1
2302,26,2,2,0
2302,24,1,1,0
2302,7,1,1,0
2302,123,3,2,1
2302,238,1,0,0
2302,208,1,1,0
2302,84,1,1,0
2302,317,1,0,1
2302,74,1,1,0
2302,107,1,1,0
2302,360,1,1,0
2302,80,2,2,0
2302,103,1,0,1
2302,36,2,2,0
2302,21,1,0,1
2302,88,1,0,1
2302,57,1,0,1
2302,11,1,1,0
2302,256,1,1,0
2302,19,2,2,0
2302,149,1,1,0
2302,52,1,1,0
2302,234,1,1,0
2302,16,1,1,0
2302,75,1,0,1
2302,426,1,1,0
2302,145,1,1,0
2302,327,1,0,0
2302,408,1,0,1
2302,97,1,1,0
2302,158,1,0,1
2302,501,1,1,0
2302,31,1,1,0
2302,297,2,1,1
2302,30,2,0,1
2302,39,1,1,0
2302,374,1,0,0
2302,25,2,2,0
2302,170,1,0,1
2302,22,1,1,0
2302,415,1,1,0
2302,32,1,0,1
2302,483,1,1,0
2302,314,1,0,0
2302,430,1,0,1
2302,399,4,3,0
2302,542,1,1,0
2302,106,1,1,0
2302,179,1,0,1
2302,534,2,1,1
2302,334,2,0,2
2302,2301,2,2,0
2303,23,1,1,0
2303,74,1,1,0
2303,146,1,0,1
2303,273,1,0,1
2303,659,1,0,0
2303,445,1,0,1
2304,196,1,1,0
2304,7,1,1,0
2304,103,1,0,0
2304,77,1,0,1
2304,413,1,1,0
2304,55,1,0,0
2304,0,1,0,1
2304,297,1,1,0
2304,39,2,2,0
2304,584,1,1,0
2304,399,1,1,0
2304,106,1,1,0
2305,24,1,1,0
2306,118,1,0,1
2307,84,1,1,0
2307,360,1,1,0
2307,19,1,0,1
2307,171,1,1,0
2307,246,1,0,0
2307,30,2,2,0
2307,25,1,1,0
2307,334,1,1,0
2308,310,1,1,0
2308,121,1,1,0
2308,534,4,4,0
2308,619,1,1,0
2308,1062,1,1,0
2308,2308,39,28,3
2308,2932,16,16,0
2308,2946,5,3,0
2308,2945,5,4,0
2308,2854,2,2,0
2309,310,1,0,1
2309,77,1,0,1
2310,277,1,1,0
2310,513,1,0,1
2310,109,1,1,0
2311,80,1,1,0
2311,336,3,2,1
2311,663,1,1,0
2311,176,1,0,1
2311,52,1,1,0
2311,534,7,6,0
2311,13,1,1,0
2311,523,2,1,0
2311,508,1,1,0
2311,340,1,0,0
2311,1119,2,1,0
2311,1171,5,5,0
2311,2308,13,9,2
2311,2946,3,2,1
2311,2945,15,12,1
2311,2932,3,3,0
2312,103,1,1,0
2313,36,1,1,0
2313,57,1,1,0
2314,413,1,0,1
2315,156,1,1,0
2315,359,1,0,1
2315,439,1,0,0
2316,216,1,1,0
2316,37,1,1,0
2316,122,1,0,0
2316,246,1,0,1
2316,109,1,1,0
2316,86,1,1,0
2316,147,1,0,1
2317,58,1,1,0
2317,317,1,1,0
2317,107,1,0,1
2317,379,1,1,0
2317,471,2,0,1
2317,494,1,0,1
2317,207,1,1,0
2318,149,1,1,0
2318,2301,1,1,0
2319,215,1,0,1
2319,376,1,0,1
2319,118,1,0,1
2319,167,1,0,0
2320,498,1,1,0
2321,0,1,1,0
2321,282,1,0,1
2322,200,1,1,0
2322,115,1,0,1
2322,361,1,1,0
2322,216,1,0,1
2322,52,1,1,0
2322,234,1,0,1
2322,147,1,0,1
2322,661,1,1,0
2322,310,1,0,1
2323,501,1,0,1
2324,297,1,1,0
2325,374,1,1,0
2326,374,1,1,0
2327,25,1,0,1
2328,386,1,1,0
2328,75,1,0,0
2328,36,1,1,0
2328,2820,1,1,0
2328,61,3,1,2
2328,156,1,0,0
2328,2328,4,3,1
2328,1119,2,2,0
2328,1157,1,0,1
2328,2296,1,0,1
2328,2935,1,0,1
2329,87,1,1,0
2330,101,1,0,1
2330,8,1,1,0
2331,101,1,1,0
2332,9,1,0,1
2332,159,1,1,0
2333,7,1,0,1
2333,170,1,1,0
2334,7,2,1,1
2334,84,1,0,1
2334,175,1,0,0
2334,55,1,0,1
2334,21,1,0,1
2334,25,1,0,1
2334,30,2,1,0
2334,280,1,0,1
2335,104,1,1,0
2335,171,1,0,1
2336,105,1,0,1
2336,816,1,0,1
2337,105,1,1,0
2337,51,1,0,1
2337,318,1,0,0
2337,258,1,0,1
2337,381,1,0,0
2337,199,1,0,0
2337,122,1,0,0
2337,143,1,0,0
2338,105,2,1,0
2338,238,1,0,0
2338,9,1,1,0
2338,426,1,0,0
2338,21,1,0,1
2338,101,1,1,0
2339,105,1,1,0
2340,238,2,1,0
2340,82,1,0,1
2340,216,2,1,0
2340,432,1,1,0
2340,158,1,0,1
2340,30,1,1,0
2340,170,1,0,1
2340,16,1,0,1
2340,523,1,1,0
2340,918,1,0,0
2340,498,1,0,0
2341,238,1,0,0
2341,21,1,1,0
2341,176,1,1,0
2341,280,1,1,0
2342,238,1,0,0
2343,84,1,0,1
2343,508,1,0,0
2343,2656,1,0,0
2343,15,1,0,0
2343,17,1,0,1
2343,57,1,0,1
2343,646,3,1,1
2343,609,1,0,1
2343,199,1,0,1
2343,61,1,1,0
2344,84,1,0,0
2345,18,1,1,0
2345,17,1,1,0
2345,36,2,1,1
2345,230,1,0,0
2346,159,1,0,0
2346,358,1,0,1
2347,159,1,0,1
2348,159,1,0,0
2348,706,1,0,1
2348,692,1,1,0
2348,179,1,1,0
2349,159,1,0,1
2349,415,1,0,1
2350,159,1,1,0
2351,159,1,1,0
2352,159,1,0,0
2352,145,1,1,0
2353,159,1,1,0
2354,159,1,0,0
2354,9,1,1,0
2354,25,1,1,0
2355,159,1,0,1
2355,280,1,0,0
2356,144,1,0,1
2357,144,1,1,0
2357,25,1,1,0
2358,144,1,1,0
2359,82,1,0,1
2359,148,1,1,0
2360,82,1,0,0
2360,53,1,0,1
2360,699,1,1,0
2360,101,1,0,0
2360,197,1,0,0
2360,695,1,0,0
2360,399,1,0,1
2360,301,1,0,1
2360,170,1,1,0
2360,661,1,0,1
2360,948,1,0,1
2360,771,1,1,0
2360,25,1,0,1
2360,700,1,1,0
2360,2360,4,3,1
2361,82,1,0,0
2362,82,1,1,0
2363,82,1,1,0
2363,646,1,1,0
2364,21,1,1,0
2365,82,1,0,0
2365,148,1,0,1
2366,107,1,0,0
2367,107,1,0,0
2368,9,1,1,0
2369,9,1,1,0
2370,9,1,0,1
2370,625,1,1,0
2371,8,1,1,0
2371,137,1,1,0
2372,8,1,1,0
2373,8,1,0,1
2374,8,1,0,0
2374,646,2,0,1
2375,8,1,0,1
2376,77,1,0,1
2377,55,1,0,0
2378,21,1,1,0
2379,21,1,0,0
2379,402,1,1,0
2380,216,1,0,1
2381,216,1,1,0
2381,58,1,1,0
2382,432,1,0,0
2383,432,1,1,0
2384,158,1,1,0
2385,30,1,0,1
2386,30,1,1,0
2386,77,1,1,0
2387,402,1,1,0
2388,402,1,0,0
2388,2534,3,1,0
2388,408,1,1,0
2388,674,5,3,1
2388,663,1,1,0
2388,1133,1,1,0
2388,397,2,2,0
2388,238,1,0,0
2388,358,1,1,0
2388,918,1,0,1
2388,380,1,0,1
2388,621,1,0,1
2388,542,1,1,0
2389,402,1,0,1
2390,374,1,0,1
2390,115,1,0,1
2390,734,1,1,0
2391,25,1,0,1
2392,25,1,1,0
2393,25,1,1,0
2393,258,1,0,1
2394,25,1,1,0
2395,176,1,1,0
2395,231,1,0,1
2396,415,1,0,1
2397,415,1,1,0
2398,13,1,0,0
2399,34,1,1,0
2400,77,2,0,0
2400,878,1,1,0
2400,147,2,1,1
2400,508,1,0,1
2401,57,1,1,0
2401,53,1,0,0
2401,246,1,0,0
2401,171,1,0,0
2402,199,2,1,1
2402,53,1,1,0
2402,21,1,0,0
2403,199,1,0,0
2404,301,1,0,0
2404,854,1,0,0
2404,31,1,0,0
2405,301,1,0,1
2406,147,1,0,0
2407,147,1,1,0
2408,706,1,1,0
2409,706,1,0,1
2409,734,1,1,0
2409,772,1,1,0
2409,850,1,0,0
2410,706,1,0,1
2410,16,1,1,0
2410,692,2,1,0
2410,925,1,0,1
2410,831,1,1,0
2411,706,2,1,1
2411,16,1,1,0
2411,318,1,1,0
2411,508,1,1,0
2411,646,2,0,1
2411,158,1,0,0
2411,199,1,0,1
2412,706,1,0,1
2412,61,1,0,0
2412,419,1,0,0
2412,16,1,0,1
2412,28,1,0,1
2413,706,1,0,0
2413,23,1,1,0
2413,83,1,0,0
2414,706,1,0,1
2414,75,1,0,0
2415,706,1,0,1
2416,706,1,1,0
2417,706,1,1,0
2417,115,1,0,1
2417,770,1,1,0
2417,215,1,1,0
2417,301,1,0,1
2417,467,1,0,1
2418,706,1,1,0
2419,706,1,1,0
2419,145,1,0,0
2419,280,1,0,0
2419,156,1,1,0
2419,695,1,1,0
2419,199,1,0,0
2419,508,1,0,0
2419,609,1,0,1
2419,143,1,0,1
2420,706,1,0,1
2420,74,1,1,0
2421,706,1,1,0
2421,280,1,1,0
2422,706,1,0,1
2422,258,1,1,0
2423,706,1,0,0
2423,59,1,0,1
2424,706,1,1,0
2424,171,1,0,1
2424,97,2,1,0
2425,706,1,0,1
2426,706,1,0,1
2427,706,1,0,0
2427,854,1,0,0
2427,281,1,0,0
2428,706,1,0,1
2429,706,1,0,0
2429,699,1,0,0
2429,772,1,0,1
2429,143,1,0,0
2429,36,1,1,0
2429,77,1,1,0
2429,16,2,1,0
2429,148,1,0,1
2429,171,1,0,0
2429,145,1,0,0
2429,318,1,0,0
2429,646,1,1,0
2429,609,1,0,0
2430,706,1,0,0
2430,688,1,1,0
2431,381,1,0,1
2431,199,1,1,0
2432,381,3,1,2
2432,692,1,1,0
2432,281,1,0,1
2432,230,1,1,0
2432,17,1,1,0
2432,36,1,0,1
2433,51,1,1,0
2434,51,2,1,1
2434,147,1,1,0
2435,51,1,1,0
2436,51,1,1,0
2437,51,1,0,1
2438,51,2,2,0
2438,430,1,0,0
2438,17,2,0,1
2438,218,1,1,0
2438,171,2,2,0
2438,156,1,1,0
2438,240,5,0,0
2438,336,1,0,0
2438,318,3,1,2
2438,508,1,0,0
2438,646,2,0,0
2438,1109,1,0,1
2438,101,1,0,1
2439,51,1,0,1
2439,32,1,0,0
2440,51,1,0,1
2440,300,1,0,0
2440,18,1,0,1
2440,53,1,1,0
2440,646,1,0,0
2441,51,1,1,0
2442,51,1,0,1
2443,51,1,1,0
2444,51,1,1,0
2444,381,1,1,0
2444,294,4,3,1
2444,439,1,0,1
2444,17,1,1,0
2444,9,1,0,1
2444,8,1,0,1
2444,258,1,0,1
2444,688,1,0,1
2444,777,1,1,0
2444,646,1,1,0
2445,17,1,1,0
2446,17,1,0,1
2447,26,1,1,0
2448,706,1,1,0
2449,218,1,0,0
2449,179,1,0,0
2450,8,1,0,1
2451,379,1,1,0
2451,294,1,1,0
2452,83,1,1,0
2453,60,1,1,0
2454,256,1,0,1
2455,19,1,1,0
2456,19,1,1,0
2456,659,1,0,0
2457,16,1,0,1
2457,18,1,0,1
2458,16,1,1,0
2459,399,1,1,0
2459,26,1,1,0
2459,148,1,0,0
2459,12,1,0,1
2459,646,1,1,0
2460,399,1,0,1
2461,171,1,0,1
2461,87,1,1,0
2461,381,1,1,0
2461,61,1,0,1
2462,171,1,0,1
2462,148,1,1,0
2462,399,1,0,0
2462,381,1,0,0
2462,301,1,1,0
2463,171,1,0,0
2464,145,1,1,0
2465,741,1,1,0
2466,554,1,1,0
2467,706,1,0,1
2467,948,1,0,0
2467,415,1,1,0
2467,139,1,0,0
2467,1149,1,1,0
2468,706,1,0,0
2468,461,1,0,0
2469,706,1,1,0
2469,692,1,0,0
2470,706,1,0,0
2470,336,1,1,0
2471,402,1,0,1
2471,408,1,1,0
2471,336,1,1,0
2471,334,1,1,0
2472,692,1,0,0
2473,854,1,1,0
2473,1142,1,1,0
2474,854,1,0,0
2474,646,1,0,1
2475,792,1,0,0
2476,777,1,0,0
2476,336,1,1,0
2476,318,1,0,0
2476,2534,1,0,0
2477,359,1,0,0
2478,359,1,1,0
2478,661,1,0,0
2479,716,1,0,0
2479,699,1,1,0
2479,215,1,0,0
2480,836,1,1,0
2480,12,1,0,1
2481,87,1,0,1
2481,318,2,1,1
2482,159,1,0,1
2483,88,1,0,0
2484,156,1,1,0
2484,646,1,1,0
2485,60,1,0,0
2485,171,1,0,0
2486,59,1,1,0
2486,1121,1,1,0
2487,59,1,1,0
2488,121,1,0,1
2488,692,1,1,0
2488,83,1,1,0
2488,88,1,1,0
2489,121,1,0,1
2489,699,1,1,0
2490,58,1,1,0
2491,58,1,1,0
2492,199,1,0,0
2492,347,1,1,0
2493,199,1,1,0
2494,97,1,1,0
2494,26,1,0,1
2494,609,1,1,0
2495,293,1,1,0
2496,816,1,0,0
2496,175,1,1,0
2496,171,1,1,0
2496,716,1,1,0
2497,25,1,1,0
2498,930,1,0,1
2498,199,1,0,1
2499,646,1,0,1
2499,26,1,1,0
2499,171,1,0,0
2500,381,1,0,1
2500,770,1,1,0
2501,381,1,1,0
2501,361,1,0,0
2502,381,1,0,0
2503,381,1,0,1
2504,734,1,1,0
2505,692,2,1,1
2505,256,1,0,0
2505,40,1,0,1
2505,56,1,1,0
2506,854,1,1,0
2507,854,1,0,0
2508,609,1,1,0
2508,218,1,1,0
2508,854,1,0,0
2509,159,1,1,0
2509,208,1,1,0
2509,362,2,1,1
2510,101,1,0,0
2511,8,1,0,1
2511,179,1,0,0
2512,77,1,1,0
2512,51,1,1,0
2513,200,1,0,0
2514,652,1,1,0
2514,23,1,1,0
2515,281,1,0,1
2515,24,1,0,1
2515,75,1,1,0
2515,86,1,1,0
2516,55,1,1,0
2517,197,1,1,0
2518,60,1,1,0
2518,26,1,0,1
2519,272,1,1,0
2519,777,1,0,1
2519,17,1,0,1
2520,59,1,1,0
2520,156,1,0,1
2520,184,1,0,1
2520,311,1,0,0
2520,340,1,0,1
2521,215,1,0,1
2522,234,1,1,0
2523,75,1,1,0
2524,158,1,0,0
2525,184,1,0,0
2526,467,3,2,1
2526,85,1,0,1
2526,86,2,1,1
2526,419,1,1,0
2526,57,1,0,1
2526,58,1,1,0
2526,494,1,1,0
2526,684,1,1,0
2526,933,1,1,0
2526,321,1,0,0
2526,7,1,1,0
2526,218,1,0,0
2526,137,1,0,0
2526,146,1,0,1
2526,16,1,0,1
2526,106,1,0,1
2526,294,1,1,0
2526,386,1,1,0
2526,157,1,0,1
2526,483,3,3,0
2526,2526,26,15,9
2526,61,2,1,1
2526,93,1,1,0
2526,156,1,1,0
2526,508,2,1,1
2526,2328,3,2,1
2526,1119,1,1,0
2526,2929,2,2,0
2526,2935,1,1,0
2527,321,1,0,1
2528,321,1,0,1
2528,175,1,0,1
2528,374,1,0,1
2529,26,1,1,0
2529,12,1,1,0
2530,26,1,1,0
2531,31,1,0,1
2532,83,1,0,1
2532,143,1,0,1
2532,222,1,1,0
2533,512,1,0,1
2533,609,1,0,0
2534,512,1,0,0
2534,2534,9,1,6
2534,0,1,1,0
2534,349,2,1,0
2534,781,1,1,0
2534,218,1,0,0
2534,498,1,0,1
2534,637,1,0,0
2534,619,1,1,0
2535,327,1,0,1
2535,608,1,0,0
2535,7,1,0,1
2536,584,1,0,1
2536,419,1,0,0
2537,2537,2,1,1
2537,399,1,0,1
2538,17,1,0,1
2539,26,1,1,0
2540,24,1,1,0
2540,198,1,0,0
2540,159,1,1,0
2540,82,1,1,0
2541,7,1,1,0
2541,281,1,0,1
2541,26,1,1,0
2542,18,1,0,1
2543,21,1,0,0
2543,32,1,1,0
2544,53,1,0,1
2544,51,1,0,1
2544,659,1,0,0
2544,82,1,1,0
2544,390,1,0,1
2544,33,1,1,0
2544,75,2,1,1
2545,19,1,1,0
2546,199,1,1,0
2546,24,1,1,0
2546,61,1,0,1
2546,25,1,1,0
2547,179,1,1,0
2548,471,1,1,0
2549,22,1,1,0
2549,8,1,0,1
2549,20,1,1,0
2549,18,1,0,1
2549,26,1,0,1
2550,20,1,1,0
2550,81,1,0,1
2551,273,1,0,1
2552,2,1,1,0
2552,215,1,1,0
2552,148,1,0,0
2552,314,1,0,0
2552,93,1,1,0
2553,17,1,0,1
2554,320,1,1,0
2554,218,3,1,2
2554,483,2,1,1
2554,432,1,1,0
2554,295,1,0,0
2554,238,1,1,0
2554,137,1,1,0
2554,52,1,0,1
2554,179,1,1,0
2554,318,1,0,1
2554,501,2,2,0
2554,30,1,0,0
2554,279,1,1,0
2554,386,1,0,1
2554,2526,4,1,3
2554,13,1,1,0
2554,61,1,0,1
2554,156,1,1,0
2554,429,1,1,0
2554,508,1,0,0
2554,2328,1,0,1
2554,168,1,1,0
2554,666,2,0,2
2554,340,2,1,1
2554,2554,4,2,1
2554,2203,3,1,2
2554,2296,2,2,0
2554,2586,2,1,1
2554,2935,1,0,1
2554,148,1,1,0
2555,358,1,0,1
2555,273,1,0,0
2555,87,1,1,0
2555,36,1,0,1
2556,395,1,0,0
2556,101,1,1,0
2556,159,1,1,0
2557,395,1,1,0
2558,85,1,0,0
2559,374,1,1,0
2560,815,1,1,0
2561,7,1,1,0
2562,55,1,0,1
2562,431,1,0,1
2563,358,1,1,0
2564,256,1,0,1
2564,1046,1,1,0
2564,272,1,0,0
2564,2639,1,0,1
2565,402,1,0,0
2566,619,3,0,1
2566,439,1,0,1
2566,426,1,0,1
2566,361,1,0,1
2567,1423,1,0,0
2568,156,1,0,0
2569,207,1,0,0
2569,40,1,1,0
2570,376,1,1,0
2571,2534,1,1,0
2572,76,1,0,1
2572,123,1,0,1
2572,39,1,0,1
2573,51,2,1,1
2573,13,1,0,1
2573,399,1,1,0
2574,24,1,1,0
2575,137,1,0,1
2575,20,2,1,1
2576,84,1,0,1
2576,300,1,0,0
2576,1236,1,1,0
2577,159,1,0,1
2577,770,1,1,0
2577,1062,1,1,0
2577,310,1,1,0
2578,159,1,0,0
2579,379,1,1,0
2580,36,1,0,1
2580,76,1,1,0
2580,40,1,1,0
2581,40,1,0,0
2582,40,1,0,0
2583,40,1,0,0
2584,15,1,1,0
2584,20,1,1,0
2585,259,1,1,0
2586,259,1,0,1
2586,534,1,1,0
2586,304,1,0,1
2586,31,2,1,1
2586,156,2,1,0
2586,340,1,1,0
2586,2586,1,0,0
2587,340,1,1,0
2587,109,1,0,0
2588,107,1,0,1
2589,311,2,2,0
2590,18,1,0,0
2591,207,1,1,0
2592,619,1,1,0
2593,678,1,1,0
2594,238,1,0,1
2595,238,1,0,1
2595,179,1,1,0
2596,336,1,1,0
2597,663,1,0,1
2597,230,1,1,0
2597,933,1,1,0
2597,770,1,0,1
2598,277,1,0,1
2599,8,1,1,0
2599,282,1,0,1
2599,57,1,1,0
2599,31,1,0,1
2599,22,1,0,1
2600,56,1,0,1
2600,218,1,1,0
2601,149,1,1,0
2601,22,1,0,1
2601,86,1,1,0
2601,294,1,1,0
2601,59,1,0,0
2601,58,1,0,1
2601,320,1,1,0
2601,55,1,1,0
2602,149,1,0,0
2603,109,1,0,1
2604,259,2,0,1
2605,259,1,0,1
2606,321,1,0,1
2607,23,1,0,1
2608,21,1,1,0
2609,216,1,0,1
2609,498,1,1,0
2609,109,2,1,0
2609,1272,2,1,1
2609,1149,1,1,0
2610,199,1,1,0
2611,336,2,2,0
2611,467,2,2,0
2611,501,1,1,0
2611,2526,2,2,0
2611,93,2,2,0
2611,429,1,1,0
2611,86,3,3,0
2611,168,1,1,0
2611,483,1,1,0
2612,584,1,1,0
2612,2526,1,1,0
2613,86,1,1,0
2614,684,1,0,1
2614,508,1,0,0
2615,137,1,1,0
2616,310,2,0,2
2617,399,1,0,1
2617,638,1,0,0
2617,467,2,0,2
2617,56,1,0,1
2617,831,1,0,1
2617,297,1,0,1
2618,176,1,1,0
2618,137,1,1,0
2619,684,1,1,0
2620,1088,1,0,0
2620,109,1,1,0
2621,1062,1,1,0
2621,933,1,1,0
2621,2945,1,1,0
2622,159,1,0,1
2622,741,1,1,0
2622,685,1,0,1
2622,207,1,0,1
2622,498,1,0,0
2623,339,1,0,0
2623,1236,1,0,1
2623,321,1,0,0
2624,379,1,0,1
2625,216,1,0,0
2626,272,1,0,1
2627,512,1,0,1
2628,246,1,0,1
2628,84,1,1,0
2629,273,1,0,0
2630,222,1,0,1
2630,663,1,1,0
2631,1357,5,2,2
2631,2855,1,1,0
2631,1062,1,1,0
2631,1171,6,5,0
2631,2308,2,2,0
2631,2945,2,2,0
2631,2854,3,3,0
2631,2860,2,2,0
2632,272,1,0,1
2633,24,1,1,0
2634,17,1,1,0
2635,300,1,1,0
2636,379,1,0,1
2637,60,1,0,1
2638,109,1,0,1
2639,534,1,1,0
2639,816,2,0,1
2639,2639,4,1,2
2639,1171,1,1,0
2640,654,1,1,0
2640,2639,1,0,1
2640,933,1,0,1
2641,621,1,1,0
2642,667,1,1,0
2642,105,1,1,0
2643,362,1,0,1
2644,1135,1,0,0
2645,1135,1,1,0
2646,1133,1,1,0
2647,51,1,1,0
2648,55,1,1,0
2648,51,1,0,1
2649,25,1,1,0
2650,25,1,1,0
2651,207,1,0,1
2652,207,1,1,0
2653,105,1,0,0
2654,360,1,1,0
2655,341,1,1,0
2656,426,1,0,1
2656,2656,5,1,0
2656,741,1,0,0
2656,200,1,1,0
2657,176,1,0,0
2658,20,1,1,0
2659,542,1,0,1
2659,318,1,0,1
2660,2,1,1,0
2661,28,1,0,1
2661,59,1,1,0
2661,36,1,1,0
2662,28,1,0,1
2663,33,1,1,0
2663,17,1,0,0
2664,218,1,1,0
2664,58,2,1,1
2664,646,1,0,1
2665,18,1,1,0
2665,706,1,1,0
2665,179,1,1,0
2665,609,1,0,1
2666,159,1,1,0
2666,294,1,0,1
2666,777,1,0,0
2666,170,1,1,0
2667,300,1,0,0
2667,741,1,0,0
2668,197,1,0,0
2669,53,1,1,0
2670,59,1,0,0
2670,770,1,1,0
2670,336,1,0,0
2671,59,1,0,1
2671,512,1,0,1
2672,523,1,1,0
2672,61,1,0,0
2673,523,1,1,0
2673,84,1,0,0
2674,399,1,1,0
2674,171,1,0,1
2675,327,1,0,0
2676,408,1,1,0
2677,106,1,0,1
2677,523,1,1,0
2677,318,1,1,0
2678,106,1,0,1
2678,12,1,1,0
2679,294,2,0,2
2679,246,1,0,0
2680,294,1,1,0
2680,109,1,1,0
2681,25,1,0,1
2682,207,1,0,0
2682,930,1,0,0
2683,207,1,1,0
2683,781,1,0,1
2684,933,2,1,1
2685,933,1,0,1
2685,948,1,1,0
2686,933,1,1,0
2687,933,1,1,0
2687,23,1,0,1
2687,9,1,0,0
2687,419,1,1,0
2687,609,1,0,1
2688,321,1,0,1
2688,734,1,0,1
2688,2639,1,1,0
2688,685,1,0,1
2689,792,1,0,1
2690,1121,3,0,3
2690,58,4,1,3
2691,515,1,0,1
2691,52,1,0,1
2692,515,1,0,1
2693,81,1,1,0
2693,294,1,1,0
2694,17,1,1,0
2695,218,1,0,0
2696,88,1,1,0
2697,399,1,0,0
2697,294,1,1,0
2697,320,1,0,0
2698,399,1,1,0
2699,199,1,1,0
2700,199,1,0,0
2701,327,1,0,0
2701,688,1,0,1
2701,218,1,0,1
2702,97,1,0,0
2702,199,1,0,0
2703,97,1,1,0
2704,97,1,0,1
2705,258,1,0,1
2706,311,1,0,0
2707,770,1,0,0
2708,770,1,0,1
2709,23,1,1,0
2709,772,1,1,0
2709,706,1,1,0
2710,258,1,1,0
2710,301,1,0,0
2711,381,1,0,1
2712,688,1,0,0
2713,2656,1,0,1
2713,716,1,0,0
2714,11,1,1,0
2715,58,1,0,1
2716,215,1,0,0
2716,231,1,1,0
2717,1062,1,1,0
2718,2,1,0,1
2719,17,1,1,0
2720,413,1,0,0
2721,234,1,1,0
2722,234,1,0,1
2723,51,1,1,0
2724,51,1,0,0
2724,97,1,0,0
2724,170,1,0,1
2725,18,1,1,0
2726,156,1,1,0
2727,215,1,0,0
2728,199,1,0,0
2729,171,1,0,0
2729,16,1,1,0
2729,646,1,1,0
2730,258,1,0,0
2731,258,1,0,1
2732,17,1,0,1
2732,300,1,0,0
2732,74,3,0,3
2732,121,1,0,1
2732,215,1,0,1
2732,327,1,0,0
2732,501,2,0,2
2732,912,1,0,1
2732,508,1,0,0
2732,311,1,0,0
2732,2732,3,1,2
2732,198,1,1,0
2732,231,1,0,1
2732,1279,1,0,0
2732,113,1,1,0
2733,320,1,1,0
2734,109,2,1,0
2734,159,1,0,1
2734,216,1,1,0
2734,56,1,0,1
2734,277,1,1,0
2735,534,1,0,1
2735,230,1,0,1
2736,230,1,0,1
2736,222,1,0,1
2736,2554,1,0,1
2737,461,1,1,0
2738,933,1,1,0
2739,311,1,1,0
2739,362,1,1,0
2740,260,1,0,1
2740,3132,1,1,0
2740,1102,1,0,0
2741,86,1,0,0
2741,2935,1,1,0
2742,21,1,1,0
2743,878,2,1,0
2743,12,1,1,0
2743,139,1,0,1
2744,609,1,1,0
2744,52,1,1,0
2745,28,1,1,0
2746,310,1,0,1
2747,216,1,1,0
2747,105,1,0,1
2748,56,1,1,0
2749,121,1,0,0
2750,149,1,0,1
2751,492,1,0,0
2752,148,1,0,1
2753,327,1,0,0
2753,21,1,0,0
2754,200,1,0,1
2755,318,2,1,1
2755,948,1,0,1
2756,139,1,1,0
2757,277,1,1,0
2757,58,1,0,1
2757,88,1,1,0
2758,148,1,0,1
2758,399,1,0,0
2758,88,1,0,0
2759,336,1,1,0
2760,707,1,0,0
2761,707,1,0,0
2762,707,1,1,0
2763,831,1,1,0
2764,831,1,0,0
2764,439,1,0,0
2764,23,1,0,0
2764,199,1,1,0
2764,609,1,0,0
2765,300,1,0,0
2766,426,1,0,0
2767,426,1,1,0
2768,85,1,0,0
2769,170,1,0,0
2770,259,1,0,0
2770,52,1,0,0
2771,139,1,0,0
2772,144,1,0,0
2772,208,1,0,0
2773,176,1,1,0
2774,148,1,0,0
2775,426,1,1,0
2776,240,1,1,0
2777,584,1,0,1
2778,294,1,1,0
2779,22,1,1,0
2780,157,1,1,0
2781,87,1,1,0
2782,60,1,0,1
2783,22,1,0,1
2784,157,1,1,0
2785,25,1,0,1
2786,1251,1,0,1
2787,23,1,0,0
2787,716,1,0,0
2788,18,1,1,0
2789,159,1,0,0
2790,170,1,0,1
2791,8,1,1,0
2792,8,1,1,0
2792,318,3,1,2
2793,36,1,1,0
2794,57,1,1,0
2794,53,1,1,0
2795,57,1,0,0
2796,199,1,0,1
2797,199,1,0,1
2798,301,1,0,1
2799,143,1,1,0
2800,143,1,1,0
2801,143,1,1,0
2802,170,1,0,0
2803,508,1,1,0
2804,646,1,1,0
2804,695,1,1,0
2805,115,1,1,0
2806,362,1,1,0
2806,901,1,0,1
2806,467,2,0,2
2807,692,1,1,0
2808,17,1,1,0
2809,51,1,0,1
2810,123,1,1,0
2811,19,1,1,0
2812,184,1,0,0
2813,461,1,1,0
2814,77,1,1,0
2814,0,1,1,0
2814,145,1,1,0
2814,30,1,1,0
2814,347,1,1,0
2814,2854,1,1,0
2814,2855,1,1,0
2814,86,2,1,1
2814,2296,2,2,0
2814,2929,1,0,1
2814,1171,2,2,0
2815,53,1,0,1
2816,53,1,1,0
2817,157,1,0,0
2817,523,1,0,0
2818,51,1,0,1
2819,75,1,0,1
2820,534,1,1,0
2820,2820,4,4,0
2821,24,1,0,0
2822,259,1,0,0
2823,87,1,0,1
2824,84,1,0,0
2825,272,1,0,1
2826,471,1,1,0
2827,26,1,0,1
2828,105,1,0,1
2829,19,1,0,0
2830,415,1,1,0
2831,36,1,1,0
2831,741,1,0,0
2832,77,1,0,1
2833,12,1,0,1
2834,121,1,1,0
2835,52,1,0,0
2836,501,3,2,1
2837,501,1,1,0
2837,93,2,1,1
2838,501,1,1,0
2839,501,1,1,0
2840,299,1,0,1
2840,666,1,1,0
2840,340,1,1,0
2841,299,1,1,0
2842,2526,1,1,0
2843,2526,2,1,1
2844,2526,1,1,0
2845,2526,1,0,1
2846,2526,1,0,1
2846,523,1,0,1
2846,2296,2,2,0
2846,2929,1,1,0
2847,2526,1,0,1
2848,2526,1,1,0
2849,2526,1,1,0
2850,2526,1,1,0
2851,181,1,1,0
2852,1119,1,0,0
2853,1119,1,1,0
2854,2854,39,34,0
2854,1171,5,5,0
2854,2308,5,4,0
2854,2945,1,1,0
2855,2855,14,12,0
2856,2855,1,1,0
2856,2932,1,0,1
2857,2855,1,1,0
2858,2820,1,1,0
2858,2855,1,0,0
2859,2820,1,0,0
2860,1171,2,2,0
2860,2956,1,1,0
2860,2860,6,5,0
2861,2861,1,1,0
2862,74,1,1,0
2863,103,1,1,0
2864,21,1,1,0
2865,430,1,1,0
2865,831,1,0,1
2866,430,1,0,1
2867,430,1,0,1
2867,439,1,0,0
2868,512,1,1,0
2869,512,1,1,0
2870,512,1,0,0
2871,439,1,0,1
2871,158,1,1,0
2872,439,1,1,0
2873,294,2,1,0
2873,36,1,1,0
2874,294,1,0,1
2874,258,1,0,1
2875,294,1,0,1
2876,294,1,0,1
2876,399,1,1,0
2877,294,1,0,1
2878,294,1,1,0
2879,39,1,0,1
2880,439,1,0,1
2881,381,1,0,1
2881,419,1,0,1
2881,1142,1,0,0
2881,216,1,1,0
2881,498,1,0,1
2881,234,1,1,0
2882,901,1,0,1
2883,359,1,1,0
2884,87,1,0,1
2885,84,1,0,1
2885,9,1,0,1
2885,61,1,0,1
2885,741,1,0,1
2885,380,1,0,0
2886,772,1,0,1
2887,159,1,0,1
2888,107,1,0,1
2888,699,2,0,1
2888,467,1,1,0
2889,9,1,1,0
2889,109,1,0,0
2890,61,1,0,0
2891,83,1,0,1
2892,215,1,0,1
2893,215,1,0,1
2893,259,1,0,1
2893,1718,1,0,1
2894,52,1,0,1
2895,52,1,0,1
2896,336,1,0,1
2897,171,1,0,1
2897,831,2,0,2
2897,109,1,0,1
2897,222,1,0,1
2897,619,1,0,0
2897,878,2,0,0
2898,408,1,0,1
2899,408,1,0,1
2899,147,1,0,1
2899,297,1,0,1
2899,734,1,0,1
2900,147,1,0,1
2901,31,1,0,0
2901,109,1,0,0
2901,170,2,1,1
2902,39,1,0,1
2903,467,1,0,1
2903,770,1,0,1
2904,230,1,0,1
2904,854,2,0,2
2905,296,1,0,0
2905,2639,1,0,1
2906,259,1,0,1
2907,508,1,0,1
2907,734,1,0,1
2908,461,1,0,1
2909,933,1,1,0
2910,222,1,0,1
2910,831,1,0,0
2911,372,1,0,1
2912,231,1,0,1
2912,684,1,0,1
2912,362,1,0,1
2913,579,1,0,1
2913,408,1,0,1
2914,1718,1,0,1
2915,1718,1,0,1
2916,1127,1,0,1
2917,1127,1,0,1
2918,1127,1,0,1
2919,2089,1,0,1
2919,196,1,0,1
2920,684,1,0,1
2921,61,1,1,0
2921,93,1,1,0
2922,61,1,1,0
2923,93,1,1,0
2924,93,1,1,0
2925,93,1,1,0
2926,53,1,1,0
2927,523,1,1,0
2928,523,1,1,0
2929,86,1,1,0
2929,2554,1,1,0
2929,2328,1,1,0
2930,483,1,1,0
2930,340,1,1,0
2931,429,1,1,0
2932,534,1,1,0
2932,2308,4,3,1
2932,2946,2,2,0
2932,2945,5,5,0
2932,2932,56,38,10
2933,700,1,1,0
2934,700,1,1,0
2935,666,1,0,0
2935,2328,1,1,0
2935,2935,3,1,2
2935,2956,1,0,0
2936,2296,1,1,0
2937,1895,1,1,0
2938,2586,1,1,0
2939,1062,1,0,1
2940,1062,1,0,0
2940,2308,2,2,0
2941,1357,1,1,0
2941,2956,1,1,0
2942,1171,2,2,0
2943,1171,2,2,0
2943,2854,1,0,1
2944,1171,1,1,0
2944,461,1,0,1
2945,2308,9,8,0
2945,2946,2,1,0
2945,2932,4,3,0
2945,2945,24,21,2
2945,2854,1,1,0
2946,2308,2,2,0
2946,2946,17,15,0
2946,2945,1,1,0
2946,2932,3,3,0
2947,2308,1,1,0
2948,2946,1,0,0
2949,2945,1,1,0
2950,2945,1,1,0
2951,2854,1,1,0
2951,661,1,1,0
2952,2854,1,1,0
2953,2854,1,1,0
2954,2932,1,0,0
2955,2935,1,1,0
2956,2956,2,0,2
2956,2860,1,1,0
2957,2956,1,1,0
2958,2860,1,1,0
2959,925,1,0,1
2960,18,1,0,1
2961,23,1,1,0
2962,23,1,1,0
2962,240,1,0,0
2963,17,2,1,1
2963,143,1,1,0
2964,17,1,0,0
2964,61,2,0,0
2964,8,1,0,1
2964,508,1,0,0
2964,948,1,0,0
2965,17,1,0,1
2966,17,1,1,0
2967,17,1,0,1
2968,17,1,1,0
2968,97,1,0,1
2969,17,1,0,1
2970,17,1,1,0
2971,17,1,0,0
2972,17,1,0,1
2973,17,1,0,0
2973,471,1,0,0
2973,415,1,0,1
2974,218,1,0,1
2974,18,1,1,0
2974,256,1,0,1
2974,171,1,0,1
2975,218,1,0,0
2976,218,1,1,0
2976,318,1,1,0
2977,218,1,1,0
2978,218,1,1,0
2979,18,1,1,0
2979,121,1,1,0
2979,301,1,1,0
2980,18,1,1,0
2981,18,1,0,1
2981,240,1,0,0
2982,18,1,1,0
2983,277,1,0,0
2984,9,1,0,1
2984,36,1,0,1
2984,199,1,0,1
2985,9,1,0,1
2986,61,1,1,0
2986,692,1,0,1
2987,61,1,0,0
2988,61,1,0,0
2989,61,1,1,0
2989,584,1,0,1
2990,61,1,0,0
2991,61,1,0,1
2992,61,1,0,0
2993,61,1,1,0
2994,61,1,0,0
2995,281,1,0,0
2995,199,1,0,0
2995,1109,1,0,1
2995,143,1,0,0
2995,170,1,0,0
2996,8,1,0,1
2997,8,1,1,0
2998,8,1,1,0
2999,36,1,0,0
2999,240,2,1,1
2999,609,1,1,0
3000,36,1,0,0
3000,609,1,1,0
3001,36,1,1,0
3002,36,1,0,1
3003,36,1,0,0
3003,716,1,0,0
3004,36,1,0,1
3005,77,1,1,0
3006,77,1,1,0
3007,83,1,0,0
3008,83,1,0,0
3009,53,1,0,1
3009,199,1,0,1
3010,156,1,0,1
3010,716,1,1,0
3011,156,1,0,0
3012,156,1,0,0
3012,777,1,1,0
3013,156,1,0,1
3014,57,1,0,1
3014,179,1,0,1
3015,57,1,0,1
3016,56,1,1,0
3016,171,1,1,0
3016,408,1,1,0
3017,56,1,1,0
3017,55,1,1,0
3018,256,1,0,0
3019,256,1,0,1
3020,256,1,0,0
3021,97,1,0,1
3021,258,1,1,0
3021,56,1,0,1
3021,297,5,1,3
3021,948,1,0,1
3021,159,1,1,0
3022,52,1,0,0
3022,781,1,1,0
3023,52,1,0,0
3024,16,1,0,1
3025,16,1,0,0
3026,16,1,1,0
3027,16,1,0,1
3028,16,1,0,1
3029,336,1,0,0
3030,523,1,1,0
3030,318,1,1,0
3031,523,1,0,1
3031,933,1,0,1
3032,523,1,0,0
3032,170,1,0,0
3033,399,1,0,1
3034,199,1,1,0
3035,199,1,1,0
3036,199,1,1,0
3037,199,1,0,1
3038,199,1,1,0
3039,199,1,0,1
3040,199,1,0,1
3040,207,1,0,1
3040,609,1,0,1
3041,199,1,0,0
3042,179,1,0,0
3043,240,1,0,0
3044,240,1,0,0
3045,240,1,0,0
3045,75,1,0,0
3046,240,1,1,0
3047,240,1,0,1
3047,692,1,1,0
3048,240,1,0,0
3049,240,1,0,0
3050,148,1,1,0
3051,148,1,0,0
3052,336,1,1,0
3053,336,1,0,0
3054,336,1,0,0
3054,170,1,0,0
3055,171,1,1,0
3056,171,1,0,1
3057,171,1,0,0
3057,258,1,1,0
3058,171,1,0,1
3059,554,1,0,0
3060,97,1,1,0
3061,158,1,0,1
3062,158,1,1,0
3063,301,1,0,1
3064,301,1,0,1
3065,301,1,1,0
3065,379,1,1,0
3066,301,1,0,1
3067,301,1,0,1
3068,781,1,0,1
3069,781,1,0,1
3070,179,1,1,0
3071,179,1,0,0
3072,179,2,1,1
3073,179,1,0,1
3073,948,1,0,1
3074,200,1,0,1
3075,318,1,1,0
3076,318,1,0,1
3077,318,1,0,1
3078,318,1,1,0
3079,318,1,0,1
3079,646,1,0,0
3080,318,1,0,0
3081,143,1,0,1
3082,143,1,1,0
3083,143,1,0,0
3084,467,1,0,0
3085,296,1,0,1
3086,170,1,1,0
3087,170,1,1,0
3088,170,1,0,0
3089,508,1,0,0
3090,508,1,0,1
3091,207,1,0,0
3092,207,1,1,0
3093,207,1,1,0
3094,258,1,1,0
3095,258,1,1,0
3096,646,1,1,0
3097,646,1,1,0
3098,646,1,0,0
3099,646,1,1,0
3100,646,1,0,1
3101,646,1,0,0
3102,646,1,0,0
3103,646,1,1,0
3104,20,1,1,0
3105,20,1,1,0
3106,381,1,0,0
3107,381,1,1,0
3107,609,1,0,0
3107,1109,1,0,0
3108,381,1,1,0
3109,692,1,1,0
3109,318,1,1,0
3110,692,1,0,0
3111,692,1,1,0
3112,925,1,0,1
3112,122,1,0,0
3113,925,1,0,0
3114,925,1,0,1
3114,646,1,1,0
3115,777,1,0,1
3116,777,1,0,1
3116,948,1,1,0
3117,716,1,0,1
3118,716,1,1,0
3119,716,1,1,0
3120,716,1,0,1
3120,31,1,1,0
3121,831,1,1,0
3122,1109,1,0,1
3123,515,1,0,0
3124,515,1,0,0
3125,515,1,0,0
3126,695,1,0,1
3126,20,1,0,1
3127,207,1,1,0
3128,609,1,0,1
3129,106,1,0,1
3130,300,1,0,1
3131,199,1,1,0
3132,171,1,0,0
3132,3132,2,2,0
3133,106,1,1,0
3134,28,1,0,1
3135,8,1,1,0
3136,523,1,1,0
3137,646,2,1,1
3138,101,4,1,1
3138,55,1,1,0
3138,301,3,2,1
3138,297,1,0,0
3138,170,1,0,0
3139,379,1,1,0
3140,379,1,1,0
3141,419,1,1,0
3142,256,4,1,2
3143,695,1,0,0
3144,399,1,0,1
3145,327,1,0,1
3146,301,1,0,1
3147,297,1,0,1
3148,170,2,0,2
3149,176,1,0,0
3150,176,1,0,0
3151,771,1,0,0
3152,771,1,0,1
3153,56,1,0,0
3154,55,1,1,0
3155,781,1,0,0
3156,318,1,0,1
3157,318,1,0,1
3158,30,1,0,1
3159,646,1,1,0
3160,646,1,0,1
3161,646,1,1,0
3162,439,1,0,0
3163,74,1,0,0
3164,76,1,0,1
3165,179,1,0,0
3166,143,1,1,0
3167,1272,1,0,0
3168,467,2,1,1
3169,777,1,0,1
3170,777,1,0,1
3171,77,1,0,0
3171,9,1,0,0
3172,148,1,1,0
3173,87,1,1,0
3174,170,1,1,0
3175,652,1,1,0
3176,652,1,0,0
3177,208,1,1,0
3178,144,1,1,0
3179,144,1,1,0
3180,402,1,1,0
3181,158,1,1,0
3182,1357,1,0,0
3183,2308,1,0,0
3184,333,1,0,0
3185,333,1,0,0
3186,40,1,1,0
3187,646,2,1,1
3188,259,1,1,0
3189,619,1,0,1
3190,542,1,0,0
3191,318,1,1,0
3192,318,1,0,1
3193,318,1,1,0
3194,318,1,1,0
3195,734,1,1,0
3196,716,1,0,0
3197,716,1,0,0
3198,74,1,1,0
3199,320,1,0,1
3200,512,1,0,1
3201,523,1,1,0
3202,361,1,1,0
3203,159,1,1,0
3204,159,1,1,0
3205,76,1,1,0
3206,76,1,0,0
3207,121,1,0,0
3208,256,1,0,1
3209,240,1,0,0
3210,240,1,1,0
3211,240,1,1,0
3212,179,1,1,0
3213,147,1,1,0
3214,109,1,0,0
3215,431,1,1,0
3216,170,1,1,0
3217,661,1,1,0
3218,169,1,1,0
3219,144,1,1,0
3220,21,1,1,0
3221,432,1,1,0
3222,513,1,0,0
3223,918,1,0,0
3224,673,1,1,0
3225,684,1,1,0
3226,399,1,0,1
3227,171,1,1,0
3228,334,1,1,0
3229,222,1,1,0
3230,684,1,0,0
3231,1341,1,0,1
3232,399,1,0,1
3233,159,1,0,1
3234,494,1,1,0
3234,147,1,0,1
3234,321,1,0,1
3235,216,1,0,1
3236,512,1,1,0
3237,374,1,0,0
3238,208,1,1,0
3238,87,1,1,0
3239,159,1,1,0
3240,159,1,1,0
3241,200,1,1,0
3242,170,1,1,0
3243,238,1,1,0
3244,374,1,0,1
3245,216,1,1,0
3246,673,1,0,1
3247,101,1,1,0
3248,9,1,0,1
3249,21,1,1,0
3250,21,1,0,1
3251,88,1,1,0
3252,149,1,1,0
3253,498,1,0,0
3253,87,1,1,0
3254,426,1,0,1
3255,200,1,0,0
3256,176,1,0,0
3257,208,1,1,0
3258,300,1,0,0
3259,88,1,1,0
3260,158,1,1,0
3261,158,1,1,0
3262,200,1,1,0
3263,200,1,1,0
3264,431,1,0,1
3265,105,1,1,0
3266,98,1,0,0
3267,413,1,1,0
3268,246,1,0,1
3269,361,1,1,0
3270,216,1,0,0
3271,176,1,1,0
3272,159,1,1,0
3273,53,1,0,0
3274,36,1,0,0
3275,17,1,0,1
3276,143,1,1,0
3277,28,1,1,0
3278,395,1,0,1
3279,706,1,1,0
3280,20,1,1,0
3281,1413,1,0,0
3282,707,1,1,0
3283,716,1,1,0
